stock_flow,filler_flow,steam_pressure,machine_speed,moisture,ash,basis_weight,target_basis_weight,bw_deviation,off_spec
104.96714153011233,18.72872095393189,49.57204215610223,891.3946070124642,5.3482862476668185,2.068349411498793,70.09714016219796,70,0.1387716602827993,0
98.61735698828815,18.63975767484844,52.55600429557078,898.0406457755814,5.283323592535666,2.0049021722526166,74.72507176531565,80,6.593660293355441,1
106.47688538100692,14.613070482109954,50.22095151163886,903.8576927152549,4.063480154194509,1.8275379734330541,77.06485796853707,95,18.87909687522414,1
115.23029856408026,19.00972942489569,55.88334437556895,956.8116876987708,5.579584221763739,1.998989335660885,80.74834455462346,85,5.001947582795932,1
97.65846625276664,22.198487245465234,64.5774282516953,855.1669614907954,3.509917324423382,2.1963366501971775,85.12081163303439,90,5.421320407739564,1
97.6586304305082,16.177303642769616,48.831662742870364,849.2191805092405,4.345815674239671,1.9495351484084642,83.47067971685883,90,7.2548003146013045,1
115.79212815507391,23.145447953151777,63.00656398214731,974.1971845285785,3.000912187102192,2.1679070520921098,74.10337600776258,80,7.3707799902967785,1
107.67434729152909,21.463324463253013,48.746623421224896,872.241315487122,6.558626516962814,1.665332488630781,78.14143868917174,75,4.188584918895648,1
95.30525614065049,17.797300034086888,48.218982300024926,824.217878785376,4.768450506054704,1.758442539541718,80.38187794351283,75,7.17583725801711,1
105.42560043585965,19.575411087986456,61.548756946745705,870.8922034740078,7.166884034816311,1.70627179869041,78.6889643777675,95,17.169511181297363,1
95.36582307187538,24.7949654229231,62.375491024060935,880.19683588536,5.802949926519495,1.7739474512830373,78.65352387065853,85,7.46644250510761,1
95.34270246429743,22.2006434405176,61.811279494101235,993.2977636635459,5.448098213351025,2.5148724186824367,71.38628337672864,95,24.85654381396985,1
102.41962271566034,20.026350964694444,44.47362073425487,955.4895727426042,4.413772305719001,2.2904155172441443,74.2363292443018,85,12.663142065527294,1
80.86719755342202,19.286950049117046,51.27239217542359,968.8512369979345,3.9536499643125804,1.5692307525262617,77.98530075430364,85,8.252587347878073,1
82.75082167486967,20.22982721135498,61.58390873602657,949.1984185408072,5.522971573896945,2.174999318563382,64.53387162527419,80,19.332660468407266,1
94.37712470759027,18.46470932617309,55.332334724511156,956.7746202969189,4.928485990727018,1.843767074940572,83.20322160004928,80,4.004027000061594,1
89.87168879665576,13.685751482842957,46.410457230420285,858.7150724051809,3.660729684514699,1.7270461658113738,73.13660450144465,85,13.95693588065335,1
103.14247332595274,26.12653373160419,58.66654351300353,888.083870678791,3.4831415834916815,1.4057042137109972,83.43419066632569,75,11.24558755510092,1
90.91975924478788,20.465974997598206,49.281541928068236,840.6050812185871,4.041296270856416,2.3887674775280976,82.99458002235455,70,18.56368574622079,1
85.87696298664709,21.194441795367613,69.3561987871377,887.370718167778,6.82096722526623,1.4544547401331445,77.28153478443808,85,9.08054731242579,1
114.65648768921554,19.826276750369274,67.35873169934607,941.0462994560845,7.213277918011304,1.9792147287960502,85.00274162850769,75,13.336988838010255,1
97.74223699513465,17.794649597826236,59.83277941084454,908.0749970887348,5.204989147308909,1.6214755017100524,83.71598672462467,75,11.621315632832895,1
100.67528204687923,19.44222655715369,65.88805363815818,978.6888491376177,5.148942796241289,2.31033757882797,78.4551926458268,90,12.827563726859111,1
85.75251813786544,15.201815713417066,55.51833080098705,831.5150524663668,4.663679628170479,1.8662592694744198,77.89120192404151,95,18.009261132587884,1
94.55617275474818,26.831259494159912,61.12349995500013,930.0143010418944,4.065514651690497,1.946214937791862,85.48616392832179,70,22.123091326173984,1
101.10922589709867,16.29646400473281,66.82176236241659,825.101831887841,6.3751790576072445,1.9597062948279869,81.16006919703833,85,4.517565650543147,1
88.49006422577698,16.904101148458462,56.963989454354504,905.6505881504186,6.873576393897136,2.1210281339743133,85.22348584184071,70,21.747836916915304,1
103.75698018345672,18.6792223868408,52.95850262788573,944.4200053533888,4.106580914160714,2.005201905593324,68.05512962823632,85,19.93514161383963,1
93.99361310081196,23.864227174557133,41.36302433458307,887.1298459905469,4.917161621575398,1.9826907244155534,80.49242548509731,95,15.271131068318617,1
97.08306250206724,20.04352699778796,54.33493179422805,933.0675962452174,4.550133699289832,1.792639209898089,72.11295456515313,70,3.018506521647331,1
93.98293387770603,16.291592611908612,61.58738547649849,842.4160599100239,4.579760925135023,1.3701082506631628,79.87105746256618,70,14.101510660808836,1
118.52278184508938,23.76301508227202,62.565067420541034,800.178601308217,6.185908255429862,1.5525796161832577,83.56910104172943,75,11.425468055639234,1
99.86502775262066,22.193001880356444,59.03492052574728,933.4217773492682,3.6880384546338782,2.287391895472258,88.6957007287455,70,26.708143898207865,1
89.422890710441,21.615304871649357,50.669607240302085,1004.640614044544,5.466469690936306,1.8776722146694809,75.30916635781406,70,7.584523368305805,1
108.22544912103189,22.14720272351252,39.185427448419276,840.2373035898065,5.728238107305866,1.7343960889110082,77.37147597349009,95,18.556341080536747,1
87.79156350028978,27.183085701747352,51.03827921596212,973.3316508064078,4.857848826398181,1.4377087422327819,79.52233546462232,85,6.444311218091394,1
102.08863595004756,26.555284685108337,52.56524103156839,902.6054045289846,5.893067826986773,1.312141143963859,75.12734449269055,75,0.16979265692073872,0
80.40329876120225,17.939853970990114,52.49656826247989,819.8585086984154,5.14765184053745,1.7187172479487207,84.89279864394629,70,21.27542663420899,1
86.71813951101569,24.871654978433458,59.948450855823396,832.1096819188703,6.217129921156112,2.355221141618103,79.64952727317188,75,6.1993696975625125,1
101.96861235869123,21.1495045692767,70.88541128811872,900.947086401639,3.477794695074146,1.7771719225510727,80.60978511688023,75,7.479713489173643,1
107.3846657999541,21.49728744841325,55.98823361472874,875.7322627245538,4.651224738993131,2.160194210096579,83.1008656338708,80,3.876082042338495,1
101.7136828118997,14.923187505070015,53.26614568674831,821.2252213945056,4.928186857148965,1.758776068240817,79.64144241812295,85,6.30418539044359,1
98.8435171761176,19.488842703835413,52.92622549596726,798.3576431264758,2.327792615528651,2.2555466784115397,75.91230435912067,80,5.109619551099165,1
96.98896304410711,17.561529228990306,55.995078135261714,849.1968403244097,3.9140472664214654,1.8592996792765324,79.68489880850767,75,6.246531744676891,1
85.21478009632573,22.484176444679928,48.37364991721281,911.6285404998671,4.186400745641214,1.5072463017798015,75.71909320243306,95,20.295691365859938,1
92.80155791605291,23.213241501208415,55.96158846996844,899.6159548438117,5.94820599482335,1.8924187728402226,80.53990444558244,95,15.221153215176383,1
95.39361229040213,13.776540946951066,58.6064986906544,869.9257225499953,4.293156653685399,2.733600167312163,84.98468860400898,70,21.406698005727115,1
110.57122226218915,19.93389540798719,56.67748850859591,912.113231657489,4.181921012694023,2.715953726220342,74.12510853863834,85,12.793989954543125,1
103.43618289568461,23.365584514382757,58.66033547203825,962.4016031917613,5.817485780656192,2.194613321111746,72.33814499278954,90,19.62428334134496,1
82.36959844637266,19.439963113059665,58.469980874788284,923.6475906260489,3.3820893542099455,1.945176473834519,80.24624967959836,85,5.59264743576663,1
103.24083969394795,22.187190935007095,40.82482654202845,892.7214797166251,2.928755932556428,2.1215607208380334,76.16100191628047,80,4.798747604649414,1
96.14917719583684,21.05349640288125,60.09496126716323,955.6843203996414,4.638407699930654,2.1267409354933156,80.15872637205985,85,5.6956160328707695,1
93.23077999694041,21.024980695857877,49.63188123470037,842.4089818670222,3.5522932319216447,1.9840452990531594,81.60201760304851,70,16.57431086149787,1
106.11676288840867,19.186055065795106,46.23328669596834,886.5048276266789,3.5903207053403507,2.1763776079690467,69.2815688553573,85,18.49227193487376,1
110.30999522495951,16.35025758759287,46.16438537716003,887.9347238639779,5.573433791687982,2.0832907448614253,83.4492471382927,90,7.278614290785883,1
109.31280119116198,16.635409557724916,58.468332883780235,825.7828044934292,5.875973837912579,1.8736110458542745,74.15165748522375,95,21.94562369976447,1
91.60782476777362,22.12805754336595,53.219400582201175,874.8075502629385,5.788864215852125,1.5218972802465427,79.88826024717655,80,0.13967469102931673,0
96.90787624148786,20.05837476655665,41.54424972811672,775.5024191462818,6.108776660307233,1.8159763031119336,76.70308832280784,80,4.121139596490195,1
103.31263431403563,19.584463266178325,58.824302521538264,1014.7306828597772,6.241134320014802,2.319807539629439,77.24021492607852,75,2.986953234771363,1
109.75545127122359,18.72832987303294,43.48313495360938,843.7551726938212,2.871409791173069,1.9874151102018542,88.46978969808994,80,10.587237122612425,1
95.2082576215471,19.084433463557744,56.11857086814569,995.1668478852787,5.4504119599294665,2.1201147566350023,81.5963376039783,90,9.337402662246335,1
98.14341023336183,23.140735383464417,56.907991405384436,902.2850703431695,4.470391800430441,1.8867937889182351,84.52344201476795,90,6.08506442803561,1
88.93665025993971,18.99426775439592,62.08461665356036,933.8918479293575,4.252575754009564,1.57616099799575,80.75470677101372,95,14.995045504196089,1
88.0379337591933,15.976805860095293,69.25347829173481,870.6720120989442,5.560414632208706,1.9045481140512708,83.10006787327477,80,3.875084841593459,1
108.12525822394198,22.23095532662052,44.08258939279567,912.4757815177005,3.2697045201042485,1.5910176397002593,82.08689181071726,95,13.592745462402883,1
113.56240028570824,19.385370008405847,54.5802091514956,939.0293783993062,3.2488913941276802,1.5654843305585795,81.27228072343412,85,4.385552090077504,1
99.27989878419666,20.094187596598328,52.789317639646264,939.873144863651,5.633572744081717,2.4822546435477637,85.5357795458234,90,4.960244949085109,1
110.03532897892025,24.82273491919853,58.4699974876877,946.4864034044614,5.4877860175108975,1.8319655980263134,80.78252726922135,80,0.9781590865266843,0
103.61636025047635,19.93831832794848,56.72535016746895,877.9000373976494,5.13673265587151,1.7034061098159865,91.42574286108852,80,14.282178576360655,1
93.54880245394875,20.867551019356178,52.17963005810704,871.1784196505187,4.120086595276863,2.647183873752362,84.80265786406218,85,0.2321672187503723,0
103.61395605508415,16.463229526105025,51.47278249111316,804.3494204839437,5.7438296345821245,2.325994014161697,74.30229651130155,95,21.787056303893106,1
115.38036566465969,19.34099164294712,46.06839315852762,931.3931406706162,5.680302892060476,1.8513963097992647,79.11725145508508,80,1.1034356811436474,0
99.64173960890048,21.828578135625804,62.902892659252075,964.9427226794065,5.085304515047454,2.1710545302209474,81.98538799745334,70,17.12198285350478,1
115.64643655814007,15.333878798476274,58.67363345279624,996.9589007950758,3.8226789587302283,1.9056846726957188,80.22248417856018,75,6.963312238080239,1
73.80254895910255,20.60253527934713,62.3421455823611,918.3103580748304,4.574751654270493,1.72292812828816,83.43436709486085,90,7.295147672376838,1
108.21902504375224,20.30237321793442,52.51683090819589,854.0112136254859,5.837833677524443,2.1898764897940017,83.98508352416937,85,1.1940193833301544,0
100.87047068238171,20.123862366762317,49.74531625044456,798.1742314026327,6.327191222801787,1.8702792458719188,73.20206507100518,85,13.87992344587626,1
97.00992649534132,23.11147669597473,46.373479466966174,962.5000039850011,4.673463396623672,2.030199203599761,86.40538772358248,75,15.207183631443305,1
100.91760776535503,21.003315544545565,57.871340669925274,792.2234059933479,4.750327032191738,2.4085452939598686,77.51591267256978,70,10.737018103671119,1
80.12431085399108,24.434215695069334,46.68165420377412,879.563755335374,4.838310891974939,2.3644852415181505,77.02047747067621,75,2.6939699609016166,1
97.80328112162488,17.01923145321789,69.7893045517324,886.5415903233812,5.274893008910972,1.7799626832575695,77.00438803647229,80,3.744514954409635,1
103.57112571511746,20.407773701655042,44.538859351252476,895.8326917289388,4.418932699939976,2.1944126409148343,84.04288202995292,95,11.53380838952324,1
114.77894044741517,20.25340035916984,57.18928095370001,902.1481560021505,2.1058149424284163,1.5488575015416977,78.66466150926107,85,7.453339400869334,1
94.81729781726352,16.79223651873476,67.53483765771028,908.2888533820545,6.192769001647097,2.180165664526282,76.68224177831146,95,19.281850759672142,1
91.91506397106812,22.868885006274038,59.792718074110475,755.0782042752883,6.794688947162549,2.059398122320442,77.88020421278232,95,18.020837670755455,1
94.98242956415463,26.974019917558454,56.40538969993423,900.8793545922076,4.387600140394287,2.1515917449453723,71.02654170542061,95,25.235219257451984,1
109.15402117702074,19.948981776548507,47.252130824304835,766.2254655532873,3.9333466310812257,1.881022098142307,75.78918118024257,95,20.22191454711309,1
103.28751109659684,21.5150632648213,43.94584649145837,943.9330843854597,4.862899477609778,2.833628509460996,73.80208225673451,80,7.747397179081865,1
94.70239796232961,20.25355542744598,61.160400871340684,866.6924906517833,4.812496116271227,1.6394801169518745,78.65415334752055,85,7.465701944093473,1
105.13267433113356,17.859245990278474,67.04917792619958,770.577796486599,5.99551857716296,2.3886206843873845,83.32096635136796,95,12.293719630138993,1
100.9707754934804,14.537719166593952,51.489200076174626,851.1477193568775,5.054639441645038,1.5873206720926674,82.76937950466613,85,2.624259406275137,1
109.68644990532889,17.882679550713906,45.887507939069195,865.7954796489207,4.207377169628817,2.2017376698517284,86.28375248773291,95,9.174997381333776,1
92.97946906122648,15.824124857144806,35.33464455560785,971.4419770533003,3.681590549441951,2.230315990900713,85.1698790864831,80,6.4623488581038835,1
96.72337853402232,25.112306234177353,47.1538812506997,911.7982645050147,5.865634184819673,2.021990348624914,77.35701642540812,75,3.142688567210825,1
96.07891846867842,19.654670918230284,54.09074526000768,920.6666966610348,5.599511241164249,1.8018702357825183,80.09535700376857,95,15.689097890769926,1
85.36485051867882,18.96224201285849,67.79298592669387,970.8732980532361,6.060559878091819,2.0564539562981197,79.8372195288929,90,11.291978301230108,1
102.96120277064576,22.667461474363417,60.38506953786375,894.2313427245306,4.0318132492789065,2.1068041333720697,69.24473658639056,90,23.06140379289938,1
102.6105527217989,16.634746691432337,57.44068323765402,945.2512776619442,6.83843689952833,2.715974594522513,73.91370231545127,75,1.4483969127316336,1
100.05113456642461,17.699407885986343,51.79904270959095,941.0316668359195,3.2563054929427633,1.6510638858798816,79.16356661424444,70,13.090809448920634,1
97.65412866624852,20.204216807745862,50.33467426195235,822.8118303858353,5.70960102140148,1.7776346014743993,79.13551782429596,75,5.514023765727946,1
85.84629257949585,23.086306974270443,66.2451807800637,988.3790146577898,3.090417232803098,2.1138942228277346,82.56162527102583,75,10.082167028034442,1
95.7935467723464,21.505055135506364,56.605908326067116,814.7818931957584,4.209668618301532,1.8975784838418992,82.31820814767924,75,9.757610863572324,1
96.57285483473231,20.744975427547647,38.17919446463182,955.0419989686709,6.561022930447959,1.95998358490776,71.14653748950133,90,20.94829167833186,1
91.9772273077838,20.23435320570805,49.611682816822054,808.975617785662,5.831364254475989,2.4281407341455044,82.59298367228764,85,2.8317839149557122,1
98.3871428833399,21.200707566580327,48.134271745826986,936.0742072891004,4.453779584512818,0.871893398628306,80.89293603226882,70,15.56133718895546,1
104.04050856814538,20.604958715387763,50.62988792658028,1011.7148926890104,4.481162957178312,1.7608202619928754,83.11686590822315,70,18.73837986889021,1
118.8618590121053,16.910083175669193,59.50328528228068,887.2212806069873,5.100622110835442,1.3030523094995001,85.33432793820795,70,21.906182768868497,1
101.74577812831839,20.138237664899453,54.140440945646006,884.6186614288113,5.514140990760723,1.5216734252383717,79.28558513606013,80,0.8930185799248314,0
102.57550390722764,16.77893402324674,54.38507674397071,936.626399959011,6.251579382682697,2.961849796828988,86.2279411849004,95,9.233746121157472,1
99.25554084233833,20.24324762870247,65.50778529060189,880.2362126422474,4.543765995391506,2.2392672535811027,75.55299773053477,75,0.7373303073796933,1
80.81228784700959,18.558056175535278,49.42831128170649,1009.0967222245692,3.3882149365127985,2.3806259700232415,75.27130939813891,85,11.445518355130693,1
99.73486124550783,27.618144868348583,69.91359620709879,911.5315349675218,5.1569686270487605,1.9677881400854274,82.1438609506777,85,3.3601635874379934,1
100.60230209941027,19.880316848744865,49.62953926903131,880.7898295067564,4.542569162491605,2.303485529932764,78.1561622734741,80,2.304797158157381,0
124.63242112485287,15.787281301215234,55.71358557290057,867.582868326259,3.6993662952515525,1.2933741969919004,81.30816282309485,90,9.657596863227948,1
98.07639035218878,19.597459367969225,52.75037123677786,844.0230917896188,5.297668915312794,2.41531936470784,89.96491059922246,80,12.45613824902808,1
103.01547342333612,21.558076236913664,55.98735306800769,862.3347007945506,4.786886245907211,1.67206235257604,81.96747536751988,80,2.459344209399852,0
99.65288230294756,25.02009183845757,58.55673596058503,878.9595963804842,5.306512206469795,1.7874736722696347,81.0608476943206,75,8.081130259094135,1
88.31321962380468,18.231642800183845,58.470681920711016,870.7416555900852,4.105555799812819,2.202060428181861,75.65389810674077,90,15.940113214732479,1
111.4282281451502,15.25271607792908,48.97506135503536,860.5094835517738,5.486710530325499,2.126578703432886,71.50010096687826,95,24.73673582433867,1
107.51933032686775,22.450511034292944,46.016682580419435,1025.9304738211463,3.6829018032450214,2.0338480193574195,79.63726692363245,95,16.171297975123732,1
107.91031947043047,15.858203882301046,75.02537432724569,838.1942954106306,4.172268610303417,1.4547615385678725,85.33435123304098,80,6.667939041301222,1
90.9061254520526,18.691533675477544,51.12812528319557,908.7979552587705,4.757085768912722,2.039925467528657,78.38530996469663,95,17.489147405582493,1
114.02794310936099,19.227138543467017,60.593699509375895,935.5512605856524,6.741818414959714,2.384224541393291,82.00731249602684,85,3.5208088282037155,1
85.98148937207719,19.791099640099674,42.13886951581443,937.8064797350239,5.784825368548494,1.7870051615600824,87.13248636359292,75,16.176648484790558,1
105.8685709380027,22.06749337122301,52.76309824076259,896.4835754530517,6.0771925042677895,2.525974818136118,87.0075815661518,95,8.413072035629684,1
121.90455625809979,17.949097153140837,53.982404928140454,885.5578456891615,6.417077033343144,1.6509232256343962,82.14407943800892,90,8.728800624434538,1
90.09463674869312,19.178812243499717,58.78252055942266,927.0928494743704,8.602832135810873,2.0026191566873495,80.85053239328671,85,4.881726596133279,1
94.33702270397228,19.957188941151834,33.22036687206449,915.9912989986921,5.041589067558434,2.614131093350645,72.40683475498462,70,3.438335364263736,1
100.99651365087641,20.448793872556365,56.329124904626646,884.4624699139492,6.420400923129856,1.7274400349201562,76.84902677911529,75,2.4653690388203886,0
94.965243458838,20.293481524123766,45.802068357056854,806.2872856965341,6.012635254401941,2.4215941933508294,78.59622095990963,85,7.533857694223965,1
84.49336568933867,21.308017325667738,57.59476568955939,871.9245766600052,5.996032503307526,2.7898609448887237,75.73834194282924,80,5.327072571463454,1
100.68562974806028,22.53151852892521,46.7093664252947,831.2069901775525,6.774239618040181,2.06841762756966,81.24226631476382,80,1.5528328934547808,1
89.37696286273895,21.177902346952905,48.15613843259535,859.9704269960204,4.580686969015524,1.7891932050466772,89.55824091743051,75,19.410987889907346,1
104.73592430635182,21.360756570527656,52.81097911685386,901.9933943110176,4.501314976063621,1.6909044788199905,87.58880796330808,90,2.679102262991017,1
90.80575765766197,15.253330499760567,46.581364243174434,921.5241686397969,5.319765513481862,2.52184108133893,81.21939930915603,80,1.5242491364450395,0
115.4993440501754,20.15068309749704,51.19572442611716,1006.8271650775444,4.817300228078113,2.5106776797358594,83.89717036012414,85,1.2974466351480756,1
92.16746707663764,21.438522644004827,45.452993851653474,867.7556172657712,5.318500852998173,2.57972364914747,76.3569784232194,70,9.08139774745629,1
96.77938483794324,22.18682358371135,40.33463638641018,946.477538116509,6.562748785053012,1.9868646597376212,87.320446753344,90,2.977281385173332,1
108.1351721736967,17.922947677298616,63.143656419434876,918.3576014662702,4.521853277293721,2.415122776610842,72.1901670202741,75,3.7464439729678625,1
87.69135683566044,18.022882175334065,44.63161045740857,977.7598602383874,4.69532103740627,1.9804642435495718,84.56414080543081,80,5.705176006788513,1
102.2745993460413,18.277697974149206,53.57055289913613,934.5737231757375,5.174311003526578,1.6467779513566563,82.47794855099887,90,8.357834943334584,1
113.07142754282428,21.60924169967403,61.02312865195028,839.491114362821,4.77168157397483,2.449670714044941,76.22070306622788,70,8.886718666039835,1
83.92516765438772,23.101643164772625,50.080447179871655,796.6172382425261,3.0859941719865125,2.6535481113112818,78.9560662163103,90,12.271037537432996,1
101.84633858532304,18.777619678125195,48.3986728020357,918.6757019800502,4.4198723573010605,1.591759210887472,74.3287364842197,90,17.412515017533664,1
102.59882794248423,22.723886940881147,56.80990470933937,868.2929401259765,5.687373242237505,1.584227614839732,74.54179976098884,75,0.6109336520148835,0
107.8182287177731,20.370439427493782,63.943470581817216,841.1811752429642,6.437546750932647,2.0159927736920498,72.04472999688035,70,2.921042852686213,1
87.63049289121918,19.62714266851269,45.645477879308245,823.9453377280154,3.8453814324622733,2.3824514422964,83.83756951100357,70,19.767956444290807,1
86.79543386915724,19.365847310546094,53.79881734386049,909.6585298552293,3.840717600769157,1.5464723224984185,86.02672484713341,90,4.414750169851768,1
105.21941565616898,22.239834093806472,41.14004324026138,990.4624619588019,5.030233802717335,2.0908062947823622,69.19096068093287,80,13.511299148833904,1
102.96984673233186,20.97673345036121,51.85439197054248,875.4796592576375,2.9244049351221633,1.7638292183760993,89.19152758075754,90,0.8983026880471812,0
102.50492850345877,26.82747628294291,55.2736374763046,935.4162186645193,4.555029797012873,2.280331639930001,79.9399588168158,85,5.952989627275525,1
103.46448209496975,17.443326071008027,48.16300286595948,893.8640189869444,3.2639579404486065,1.6808452714016437,81.44926602438419,80,1.8115825304802335,0
93.1997527842151,21.554305106089927,51.34406532939815,822.6370746537964,6.369061299842465,2.3087212001096717,72.63793582207462,75,3.1494189039005014,1
102.32253697161003,18.41239697056546,43.734185853540396,944.088680610625,4.230668845649595,1.9367140756729166,86.60412875082433,70,23.72018392974904,1
102.93072473298682,17.392139039034067,55.616628891051946,834.3184773583578,6.652834186339027,1.625143790527583,81.00125046583418,95,14.735525825437708,1
92.85648581973632,19.967398588895083,63.445553991065196,901.2975978356138,6.113521353458339,2.0254759821707555,85.6941311988565,80,7.117663998570619,1
118.65774511144757,20.412057438221108,46.22284904183629,879.5087750996817,4.353682702302583,1.224810674204659,86.10429160323872,75,14.805722137651628,1
104.73832920911788,28.754520665180276,50.01862586758094,953.5846460739415,3.9280403631539222,1.776362171158024,86.67437211360635,90,3.6951420959929413,1
88.08696502797352,19.447562552950394,59.02036997163346,836.5109404517588,4.806454250832411,2.134960428129865,76.75859612073899,75,2.344794827651981,0
106.5655360863383,16.60946381154595,64.69672575458189,923.4521944681176,4.895353375741797,1.2912980883872418,78.96018996053398,85,7.105658869960023,1
90.25318329772679,20.819032152483157,43.05448150232855,849.6121555590779,5.346146943952402,0.9715452587578354,76.94148962635242,95,19.00895828805008,1
107.87084603742451,13.776079887360895,53.649722100672406,869.3336872602729,4.223456710469821,1.064253072074733,84.47548231370642,75,12.63397641827523,1
111.58595579007404,19.7241296521872,57.2650465785562,681.8879863475938,5.746394873522203,2.530851422200148,81.6644461468187,95,14.03742510861189,1
91.7931768164829,20.04807584688548,54.18354887496922,1025.5259142970745,5.2653280549999,1.9692963948949083,85.3457243200662,95,10.162395452561897,1
109.63376129244322,22.383801148835634,35.18566346498331,933.0334159695739,4.659604843284136,1.7870138423971251,85.56369401528616,80,6.954617519107701,1
104.12780926936499,22.92086674828354,59.008720074470176,853.9591508437102,4.287959344581977,2.378061894266732,71.36370254530546,70,1.9481464932935109,0
108.2206015999449,18.489291143276848,67.15469080872515,832.5206587000204,4.815115016901314,1.8382201270123555,86.75385065276936,80,8.442313315961698,1
118.96792982653947,19.548157956110202,55.933294009356025,870.2610748272396,4.183098748172431,2.107384759946693,84.75430478882859,80,5.942880986035739,1
97.5461188399713,17.701637508167988,46.75115157364589,943.0127720891671,5.058438694883588,2.0103021403693053,78.15387558407251,70,11.648393691532155,1
92.4626383564251,16.61581233557692,50.89498202908574,786.4749044649045,5.08543868521991,1.811600231698809,81.74896383264814,85,3.8247484321786542,1
91.10485570374476,20.929684338141904,69.15930454124475,891.5049348423397,5.26170728347634,2.1176583535556426,79.38165214208648,80,0.7729348223918997,1
91.84189715034562,16.179243354210204,62.279700326884466,1006.2385123477604,6.766242409671854,2.309304488568058,83.08027839315588,70,18.686111990222685,1
99.22898290585896,18.75611929828441,60.120212947074634,831.9632198419317,4.867555280300428,1.926037353193205,78.14301809647561,70,11.632882994965165,1
103.41151974816644,17.014478120302286,57.85130066827501,904.8231023258193,6.004597867124483,1.815777770738154,82.39463620584554,80,2.9932952573069294,1
102.7669079933002,21.64904955887078,49.71090310247222,1032.1985889154655,5.229587396975702,1.8629950368002186,80.33652652329675,95,15.435235238634995,1
108.27183249036024,25.404290297799463,53.39543055475385,937.9290977814463,4.761755698101546,1.0808349868857072,77.83903048252347,70,11.198614975033527,1
100.13001891877907,16.095236051590007,54.376618114571876,907.5554292291273,4.880840730048766,2.1132238186035646,80.95068122451029,95,14.78875660577864,1
114.53534077157317,14.440944551307293,59.39659452851556,930.3981872945402,4.94117359083195,1.5163554844045795,93.53234786744379,90,3.9248309638264325,1
97.35343166762044,19.625339343949797,67.07135115413523,875.9480798994178,5.279767707728216,2.2518874896475696,76.57231685087159,80,4.284603936410516,1
127.20169166589619,20.047093387873275,63.94670509434502,977.9778771182064,4.04067923478103,1.9638303597298825,78.75028204369215,95,17.104966269797732,1
106.25667347765007,20.655977920271894,43.644925153631675,876.0401986259873,3.5346596165550332,2.042048438612176,76.65943800183484,85,9.812425880194303,1
91.42842443583717,18.661038454296968,56.79195975120839,782.4491034758414,5.654297393474275,2.280131668242481,77.18391807236208,90,14.240091030708804,1
89.29107501938887,19.398082103523706,60.894106761343174,876.5218137635724,5.898123832581259,1.629390493463626,84.0788717669268,85,1.08368027420377,0
104.82472415243186,21.102531231621807,59.95088264115708,841.9959282073978,5.745635832802803,2.1476993773403827,83.57941229818034,95,12.021671265073323,1
97.7653721467415,23.121292677934516,49.966129892900646,883.1283592681542,5.154972018556473,2.1070484210250657,79.97068248339345,80,0.036646895758192244,0
107.14000494092092,14.134853689045151,78.31287372614689,884.4549564551621,5.767224627453289,1.9260876669428828,85.13148292634556,75,13.508643901794073,1
104.73237624573545,18.893181682905613,44.78332350135105,971.8453919882944,5.713429026017142,1.6287255196945847,83.96721647747155,70,19.953166396387935,1
99.27171087343127,20.64142638182319,46.3344924266716,941.7175635998632,5.787629358954955,2.2380953456220656,79.18832906986893,90,12.012967700145635,1
91.53206281931595,17.24607168616779,56.86876065009261,915.7959292545238,4.140459178657887,2.2813818177677265,72.33067629102896,80,9.586654636213794,1
84.85152775314135,25.1935088953019,71.93442443971082,899.8232753200443,3.903048202845369,2.0454408103911534,84.14891503974502,70,20.212735771064313,1
95.53485047932979,18.09377035931379,48.31044119436663,836.4685194685203,4.611430753247729,1.571879033714142,80.84832310500987,95,14.896501994726455,1
108.56398794323472,19.87612193897815,52.87337307482406,769.1294857400594,4.982615890457344,1.7890203868298182,80.11111731850296,75,6.814823091337284,1
102.14093744130204,21.668066290526873,63.618349384125544,906.789600683567,4.758078872867711,1.9758669110319733,77.66975989995143,85,8.623811882410083,1
87.54261221288012,18.226145633594317,54.85710276089813,947.6784722144196,3.1233096686621247,2.2753978199928375,83.72324474558158,80,4.654055931976977,1
101.73180925851182,14.460280856586749,52.32316916375763,893.4999670053246,6.721692612135142,1.3666042395547533,81.7424812621425,80,2.178101577678131,1
103.85317379728836,18.7140364192504,59.52506321509376,867.908740632798,4.725954011114265,1.7744786142782494,78.81585978598852,95,17.0359370673805,1
91.16142563798867,23.088321667781123,57.180143921836745,927.8701299128528,5.172704416576954,1.838930976023119,73.87272726390545,75,1.5030303147927384,0
101.53725105945527,18.989314619644585,63.24351028509433,895.0000679625392,6.244548990763059,1.9667113682387882,85.33964550940038,85,0.39958295223574597,0
100.58208718446,17.460697095623065,65.33175111252291,1001.1446515184376,2.655027730478795,1.4794698863900613,83.02452611577938,80,3.7806576447242257,1
88.57029702169378,22.777016628508164,57.45602448004289,973.963700524097,4.488306128088288,1.9129868886506667,81.27701449972798,95,14.445247895023176,1
103.57787360348283,19.007675311930843,57.33386180302647,957.5704834213998,4.612882726420195,1.8758065742749641,66.71613002443002,70,4.691242822242836,1
105.60784526368235,18.469517559049347,56.712887858289065,945.4640468525943,4.663689954549355,1.5849632514041372,79.8105287144197,95,15.988917142716103,1
110.83051243175277,20.448368268989928,58.9130444531943,822.5899551329126,4.826513409286047,1.9528129663325262,78.79398148262169,75,5.058641976828918,1
110.53802052034904,22.31225062885636,55.44136510297171,939.779622123156,6.447134798444845,1.7835323612857992,76.90752157472829,80,3.8655980315896343,1
86.22330632042909,27.14514059519764,54.995132141421685,922.5795574587945,5.673458875727222,2.198234457003883,83.77117639282142,95,11.819814323345877,1
90.62174960084877,22.48170832297227,64.57301696661794,936.3854837034698,5.958035268628829,1.6458689755982645,83.57430017083638,85,1.6772939166630818,0
105.1503526720866,23.479519899165034,67.12892944284035,929.5565692087831,5.047120271810924,2.035933648851382,82.18412358596194,90,8.684307126708953,1
105.1378595091221,18.482101403036435,42.93957644293263,927.1657552708839,3.6006269538544986,1.6766444651082928,85.18945457383872,80,6.486818217298396,1
105.15047686306048,16.922395682091572,55.080169213924556,1062.0519881729756,2.920302964853993,1.7600983047364749,74.88850742983078,85,11.895873611963786,1
138.52731490654722,20.18699404885737,49.49044453243812,895.4288598028849,3.470592276768369,2.1189166510821624,77.73172971615347,75,3.642306288204623,1
105.70890510693167,20.321509745778787,52.51222826811142,956.1802428497598,5.359765704166019,2.0938870931368623,80.37396131592902,85,5.4423984518482085,1
111.35565640180599,16.76446177590621,58.22012967788257,871.7406113841598,5.031769712697635,1.8331911269686558,76.88998990386042,85,9.5411883483995,1
109.54001763493203,19.474116410287962,60.35550697233975,947.4384950332603,4.789836352443992,1.892235752666933,83.63584610851771,75,11.514461478023614,1
106.51391251305797,21.197952805157392,54.10298845110924,956.3591934139473,4.631423093259864,1.4185574219561903,77.38899575934153,90,14.01222693406497,1
96.84730755359655,21.08118018505424,39.693277322217575,921.8655646281209,7.011721575442747,2.56110572423228,86.49185002223378,95,8.955947345017076,1
107.58969220493267,21.512863560152816,47.27963535539056,1000.15481654259,4.177096409023526,2.274982559151211,75.34420299124905,70,7.634575701784355,1
92.27174785462428,20.872894190412328,62.17199736160133,846.943437818375,5.927819456116059,2.2605792203484425,90.65991824750309,90,0.7332424972256509,0
97.63181393259991,18.47897402218983,33.07658862372055,870.7667434999066,5.001912936020994,1.3619871132175139,90.14648677801212,70,28.780695397160166,1
95.14636452170896,18.45829812005347,64.499417213456,912.7428051614094,4.939060488214003,1.7618040030042854,79.52623426842328,70,13.608906097747544,1
100.81874139386322,16.403145806018372,59.16983992515633,952.8484112090533,6.176637548616744,1.8661815884305508,85.73085225462874,70,22.472646078041063,1
123.14658566673509,25.354325117555284,65.52940865224018,910.765771277696,6.462530382691445,1.227575403186395,77.99785969745696,80,2.5026753781788003,1
81.32734807408252,20.04035109385788,53.411446504952316,977.1455421906339,4.760450543115162,2.3559800384304346,85.06643249115672,90,5.481741676492536,1
106.86260190374513,19.325440832615445,38.508756607816764,860.2986077420209,5.7992027192421425,2.5815537954192544,79.12010834271615,85,6.917519596804529,1
83.87284128810349,17.213623755642622,58.442901132051986,831.5652906306867,5.363891362150054,2.8247739824014455,73.57280050745759,80,8.033999365678017,1
95.28068134210567,28.806973706983335,65.19722499230673,918.4877001921902,5.007437138809915,1.5816464689929053,62.335909061605506,75,16.88545458452599,1
110.88950596967366,16.780015903331314,62.39777444410737,895.3691834331783,5.204254942657026,2.0469293987337096,78.65643276964695,75,4.875243692862606,1
100.64280019095463,18.71345622318178,49.69846813209572,932.5718232214932,4.311991185155162,2.5291273076601684,81.39531254342646,70,16.279017919180653,1
89.22255222070694,21.24751050885818,55.694088603701175,898.3558625480098,4.693900606668915,1.8985526084212185,86.65158213018108,80,8.314477662726354,1
92.84696290740031,21.800638897232833,50.73730984976061,879.5988125625926,4.419364720247294,1.773204834462929,80.18312516075696,95,15.59671035709794,1
106.79597748934675,22.87379616564705,48.44586828648502,895.5037456965766,5.90137671642892,1.2535929305822036,85.01455067358795,95,10.510999290960054,1
92.69633368282864,25.42282552330779,62.64310856943881,901.7309336875911,4.904798884458938,2.4530489831086997,77.73029226389237,80,2.8371346701345423,1
102.16458589581976,21.518472966382138,45.419741509878705,881.7011220091002,3.702285975384962,1.992295697570654,78.31360515234277,75,4.4181402031236985,1
100.45571839903813,16.831907600099996,47.8494685553471,887.8120772205943,4.276562776836912,1.708263256414775,85.27017841264293,85,0.3178569560505112,0
93.48399652394183,19.229164624634656,46.167794932220914,875.7843997807854,1.8007353547878218,2.113542915931544,67.67662757665364,90,24.803747137051506,1
121.43944089325326,20.923497117541654,43.078019813607625,951.3999071921644,4.505507398117851,2.061202149271466,80.06491914451458,90,11.038978728317138,1
106.33919022318011,26.20467812451747,56.17131433474083,911.641260270348,5.037645065097149,2.0673036409418364,78.00019325222067,70,11.428847503172383,1
79.74857413342393,15.80658356472711,64.2920243878558,1035.405148330126,4.8638641511330265,1.9131607750693298,86.80305602426142,70,24.00436574894489,1
101.86454314769428,23.607729515675683,53.520985950037876,909.6422730767077,6.980154351531392,2.648943263505346,77.3587685251009,70,10.512526464429856,1
93.38213535231613,20.53974310863925,42.95401759548667,866.9485517802802,5.574906040915037,1.946536106695031,82.58292484785048,75,10.110566463800637,1
108.52433334796224,22.513491605688444,61.719556317936224,1060.2405224917838,5.530451853089151,2.647728830529322,84.60758484667348,75,12.810113128897967,1
92.07479261567299,19.694015850092203,68.48561403227977,924.8175826628601,3.356730965429722,2.225646770560079,72.53702002934794,95,23.645242074370586,1
98.85263558533102,17.47270210962102,49.83006140682724,959.407487213569,4.635357945882867,2.1404680571046923,79.30314845863049,90,11.88539060152168,1
105.04987278980457,22.252618338203995,51.171565866258256,935.5261789921495,4.513337192676304,1.9546900986887379,77.84181782957032,95,18.06124438992598,1
108.65755194170121,21.963293081316863,59.12528504066715,937.3806617578649,4.213918801191992,2.3895826774183684,84.73146623414797,95,10.808982911423186,1
87.99703592944223,22.916170897219164,67.9749899822804,932.1392430811485,4.200119334486653,2.0451967070311983,83.37540920406097,70,19.10772743437282,1
96.65498764159052,19.960086093864096,50.84132683419819,833.8749261134361,3.1918770460583765,1.6271475139545872,78.8339898497041,95,17.016852789785162,1
95.25054688839043,18.200533930040454,44.34040175201436,922.0517428536847,3.7241467953186715,1.6138031236007857,74.76295974791974,80,6.5463003151003285,1
93.46670767426288,15.323639014928474,60.05134885017925,820.5083217689856,5.874093402764949,2.168993848773709,85.19073348010045,95,10.325543705157424,1
117.65454240281097,22.458119804418217,61.392544585138396,889.538229815248,4.857085308006818,1.6370484459334016,79.66173611700609,85,6.280310450581076,1
104.04981710960955,21.271668447331958,55.049051603481814,856.4629526062027,4.493597581725666,1.9751075772110003,71.9081171716627,75,4.122510437783073,1
87.39116045664954,17.102652101408122,50.53493392274039,921.4482111509235,4.994588665347292,2.4228738154204366,72.33809800515039,95,23.854633678789067,1
109.17861947054776,18.38427898011013,62.95502984793637,920.047574840294,6.167390678701151,2.1215880711577335,82.18816715036488,70,17.41166735766411,1
121.22156197012633,18.599723564145677,59.22428803638371,928.8687534459112,5.004210520875786,1.7111460518685009,73.62096903617241,70,5.17281290881773,1
110.32465260551147,15.551046704052746,48.85251586477206,917.2377943649452,5.540374130931038,2.563995004646456,89.29823746801807,75,19.064316624024098,1
84.80630034045987,17.5469528101846,55.39275785044537,863.590479492816,4.153395157611743,2.2191500947978806,75.31464857820335,90,16.317057135329616,1
95.15765927133748,16.598508929580937,44.186339743802826,884.3397906388992,4.381370049253281,2.4071171948816357,79.99819637321362,90,11.11311514087376,1
112.66911149186623,18.76256296433619,60.48712365150336,955.2237696752691,5.353976885063675,1.092976662716279,80.79555983080152,90,10.227155743553864,1
92.92330534381219,17.78390750501131,52.902131444937154,964.071400637664,6.8926537083371135,2.1323411513050985,76.35311130381577,90,15.163209662426928,1
104.43819428146229,15.118985237399754,51.5143133409221,831.193014082407,6.429774859514874,2.3368631345519573,68.80086484711016,80,13.998918941112299,1
107.74634053429337,26.067770691708443,54.737004118780526,808.1443420492412,5.582828069456139,2.680115456919197,80.95447548808114,70,15.649250697258775,1
90.73069528421917,23.75762219308769,55.322461594641986,856.3866370077172,5.151433760160718,1.4144725663395834,76.2338000494887,90,15.295777722790326,1
99.404746439382,17.662941735440043,62.15944049252448,962.7124549219351,6.401069355627172,2.482445835677813,80.58269213808222,90,10.463675402130864,1
67.58732659930928,20.81726418996083,59.72872425060177,972.893041810982,5.794678323045124,2.657752114280498,79.38834473880645,95,16.433321327572155,1
89.7561235866571,21.252395269463886,53.748725769657575,844.5172871759297,2.706337977629339,1.1930844090884083,81.31645624035902,85,4.333580893695274,1
97.4743184860684,23.573257564320432,61.10934519775196,918.4385612241803,3.946069152144778,2.191436443947897,87.8093506032803,85,3.3051183568003455,1
87.5221681803515,17.544184920019763,58.205898029532904,1010.0658799884053,5.338140325357932,2.247048325736281,77.2690849363644,70,10.384407051949134,1
116.32411303931636,23.276320351947277,51.587202909711706,924.91868863442,3.213032434449028,1.8691969349392374,77.65577672828752,95,18.2570771281184,1
85.69858622039368,18.356284087379194,54.002254734108114,985.2901971139856,4.102410995243138,1.803962215973484,71.67101348623055,75,4.4386486850259335,1
95.59955513303017,15.99241278749416,53.814216889255036,959.9235942049859,4.300185056342026,2.267141565315129,79.02408024450352,90,12.195466394996085,1
101.30740577286092,22.17240967794349,59.042090745393615,845.3880776263253,4.743834093754167,1.7540072986357471,82.04934994637483,80,2.56168743296854,1
114.41273289066116,23.872275272367283,52.063819082226864,888.6011145901753,4.7125697917737925,1.913100268632761,77.58252561214486,85,8.72644045630016,1
85.6413784882056,27.763726920592052,51.87672650862693,902.0852686975109,4.710879572833173,2.3249739603295687,82.08215250202745,90,8.797608331080605,1
111.63163752154959,16.40082420472936,70.75005847547168,906.2480032812804,5.825307517240313,2.701617220130746,79.11245737255405,75,5.483276496738729,1
100.10233061019586,22.096759055242366,62.517883853976834,954.9797372063143,4.734776134549466,2.2151937090168072,73.48866881015505,80,8.13916398730619,1
90.1849134895205,18.7705962686194,48.91519468459889,924.5210857365245,4.6153698679287665,2.053393798165805,81.55992535591552,85,4.047146640099383,1
104.6210347426327,22.350076131572095,59.567527951537585,723.8279433733131,3.6508278958564837,1.7934410061356918,78.97083933217492,95,16.87280070297377,1
101.9905969557347,15.588531346306247,55.946800525241414,821.2295836144365,6.024346201985825,1.5957599837395775,80.61378910704678,75,7.485052142729046,1
93.99783122841205,16.211690672904307,58.132409402080754,768.7571451014375,4.328502486052514,2.4438312966003797,77.16525058394792,75,2.887000778597231,1
100.69802084990019,17.67237553050055,56.09873059652084,910.5219144393201,3.9129696719987246,1.9386200595492462,76.72298738504553,95,19.238960647320496,1
96.1468640313824,20.236892137004254,64.51714116388189,914.4292589680657,5.213090574868971,2.4602813098666916,80.78705403776483,80,0.9838175472060405,0
101.13517345251248,18.076756200384935,57.76496275721156,916.9934975166431,4.233058737616937,1.8681792488018154,78.84700043978933,80,1.4412494502633422,0
106.62130674521046,21.977163031740258,54.5032904142857,842.464303937123,4.4740472602057055,1.7402845354555956,88.62139124584633,85,4.260460289230971,1
115.86016816145352,23.080683854773742,63.33752461586414,940.4486403071993,5.258460174319069,2.1683195555310064,83.99365256080583,80,4.992065701007284,1
87.62184501173151,21.79873262373607,56.86628032870298,942.9757497881118,4.673517376220444,1.96938562429264,82.72502129733844,90,8.083309669623953,1
121.33033374656267,24.856362918982605,55.97182863463246,824.6910559676905,7.311609375300634,1.517788558155705,79.11259599249293,80,1.1092550093838405,1
80.47912200477498,21.24747988836603,57.51218081988891,812.0377079130677,4.925171456680802,2.726947331912739,69.86988275761746,95,26.45275499198162,1
98.48214904964416,16.3493098689795,54.25112781306907,899.9920988263838,5.617838218879222,1.749206490491345,75.9620253619116,75,1.2827004825487998,0
105.88317206484577,24.09012954061502,55.07381594396375,1007.5069364168015,3.058305952507055,2.3710366084696854,76.7635327370784,80,4.045584078651991,1
102.80991867735032,18.18453129318201,50.30644328990502,1001.9845645319185,4.13935086808527,2.3367426517585925,78.62507806855044,85,7.499908154646545,1
93.77300480179406,22.73125549905671,48.99066224300897,933.8042616268831,3.913086305083288,1.4962148940342572,79.83320250305023,90,11.296441663277522,1
97.91877749642725,24.72120264966532,47.01143690814048,856.2001997051954,4.045620276697371,1.599044942153406,83.28037482742748,80,4.100468534284349,1
95.06999065341166,21.3700640321912,43.86413370562339,953.2105595693151,5.4155379938370025,1.8793962641199489,81.36572780535033,90,9.593635771832965,1
94.10635243055788,15.51152356050605,47.96226110892355,872.8545441114575,6.0355650677774095,1.6537413821686733,85.79601595734952,80,7.245019946686907,1
108.49602097021025,17.245363500470624,53.605863724264594,853.9495777995713,5.344630504634511,2.6905825487514754,78.44049013240375,90,12.843899852884718,1
103.57015485965047,23.968233400655407,55.824940659565094,771.3619901026804,4.773355376433691,1.9199297452805955,81.28581472085081,80,1.6072684010635108,0
93.07090404739346,19.49263194307155,52.82962749481888,906.1429319008591,4.369144961287581,2.3558996171256275,81.719221138894,80,2.1490264236174994,0
108.9959987543325,20.238720604826497,36.15437207898114,862.2079590517575,6.113599751186509,2.2054549556000818,81.22863142179294,70,16.040902031132774,1
103.07299520876609,22.276473248490827,67.59669086209874,905.7858227717103,7.071255454154862,2.105608979598541,86.40945123970072,75,15.212601652934287,1
108.1286211883896,22.08896858624097,63.69184098312306,762.0385382257763,5.1350557047836904,2.016128484295835,84.01887161373597,85,1.154268689722391,0
106.29628841923612,20.83639943715638,58.56607880973703,910.1896003550212,5.939363064071572,2.494852283115479,73.40298390249289,85,13.643548350008365,1
91.71004989077927,19.373994886338604,70.25992538042614,754.1327301617023,5.343370349795475,1.6699628106659934,79.4283445047033,70,13.469063578147578,1
94.3981895980303,19.061994662802928,47.18108706013032,965.2764151961131,5.755504906465589,2.690534124182635,79.93013158885103,80,0.08733551393621752,0
107.47293605123262,22.57369647587403,70.10100096500804,931.313474048105,3.8354532218898836,1.485110727798362,90.75770531847503,75,21.01027375796671,1
106.10370265433465,21.66070859320338,47.27828738599562,883.2801137145248,4.511863719857876,2.3126046902489694,78.35104409377266,90,12.943284340252603,1
99.79098406035853,19.228099998146632,56.909903402330855,933.7631916049247,5.395469440045584,1.437934456024087,75.08758048331909,70,7.2679721190272675,1
101.17327383308782,23.24633693897942,44.809301398926365,841.3155442401869,6.2124909440819795,1.873717779109216,82.19162714738322,85,3.3039680619020997,1
112.77664895788425,19.61289765461065,55.11755276435493,904.3425309368936,4.181865778362325,2.037323975224387,82.4849285981189,85,2.9589075316248254,1
94.0842861116417,17.44501347699682,58.08933198398711,947.6864423076202,2.966700888959873,1.8053218604681944,79.63113568135154,95,16.1777519143668,1
105.47097381170038,17.723087903289965,53.76247735092356,714.3426450545167,4.501735573558751,1.9273321721532435,78.89869498514555,95,16.948742120899418,1
97.97807347566106,17.063777491070702,60.7110195527211,873.1665384193486,6.01013071434825,1.4452118208276825,84.74451978031043,85,0.3005649643406748,0
97.82318796772779,19.182769950188938,55.79211559589806,898.6413521918175,3.41610440891215,1.6050198125105795,75.7320092287009,80,5.334988464123871,1
110.9877685198719,23.701172835008578,50.82068217297993,888.222382935254,3.8230801078684156,2.199305882878353,78.29523328565732,95,17.58396496246598,1
108.2541634898803,17.584714456908472,50.46549345758129,987.4261095736443,5.155918586051111,2.011868729990978,77.38925068943306,90,14.011943678407718,1
108.13509636000639,20.56542728305431,61.487310180925576,832.565932504627,4.884028747238537,1.7237887896713973,85.46947298810294,90,5.033918902107849,1
113.05478807154329,18.02993196311776,49.77006376154426,862.7304453932862,5.594466481553227,2.5297111052518684,81.42747101643172,90,9.52503220396475,1
100.21003841632759,19.219072876185688,62.3232237638795,785.0478584214931,3.7712732395544206,1.5120276400039137,74.67502951339365,80,6.6562131082579326,1
106.81952971294965,15.469876364044243,64.78169434265544,990.6171990763887,4.675021405831332,1.8553638136543749,75.17746803368615,85,11.55591996036923,1
96.89733243406543,19.338385312530388,41.65028910123096,885.222591443472,6.195185402403098,1.7977374887286113,89.36707561806075,95,5.92939408625184,1
103.24166352488442,19.418883860585115,64.06341109840828,873.6954667177976,3.8071038063632163,2.246015051104418,85.4160887405352,95,10.088327641541893,1
98.69856945632316,21.620863832107087,71.48338158755759,896.8510390613571,6.476912296310268,2.0192654764548776,84.2077514076174,85,0.9320571675089481,1
100.96995964992718,20.66984273976611,57.01603008961543,938.1741497058194,3.9325830141113114,1.9567339013861613,80.0612347048667,80,0.07654338108338266,0
105.95157025436913,16.404823625143866,59.79267348235858,920.8418042109674,5.849381577377611,1.2623133184531043,87.54236620060205,75,16.723154934136062,1
91.81779316766527,23.25259473213063,63.29604259495327,1058.8730528134251,4.627041489786874,2.3460137922528372,74.4829760701087,80,6.896279912364118,1
120.9238727568546,20.630909120665986,52.79614147856782,927.2361533042265,3.855091742361023,1.9128696740673052,83.76483756102245,80,4.706046951278058,1
89.93982618500299,20.59518055153246,56.458241788302956,872.0852742498552,4.503100952847402,2.046264407044168,77.78363246737219,85,8.489844156032722,1
87.85811387212267,19.972452939844583,44.486403763015126,866.3185957485632,5.544929188178994,1.700574711962449,78.75553340172385,90,12.493851775862387,1
111.58110873500068,18.44672765833334,56.109080228243606,876.4344628549915,4.9931460050985095,1.637668494873171,83.62894632416193,85,1.6130043245153762,0
107.91662693962935,20.653407019246178,58.98489596515633,809.8897845222098,6.1184694114433436,2.599715103390275,79.28221245659246,95,16.545039519376356,1
106.24119817052156,21.426765307785747,59.129304183411755,902.3918524494952,6.435740060934881,1.290704568695035,77.8265007026937,75,3.7686676035916093,1
106.2834550926428,14.759312925963336,63.52339778878064,947.0080863725351,3.81696933468215,1.5783203888868913,77.52421175956037,70,10.748873942229105,1
99.87753227153085,18.383717487961714,48.80158257491577,863.1981839626059,3.7437308550896553,2.5921968610676323,70.06827127244438,95,26.243924976374338,1
91.02745628514168,19.23515908878923,50.73914594661203,851.5571966229533,3.6952062263791583,2.2562985523994614,83.81601809637829,70,19.737168709111838,1
100.75804558193727,20.768511817082835,70.16405876793084,990.9567087776541,4.100803903951981,1.869814987303032,74.96684963600603,80,6.2914379549924595,1
93.22838288487888,23.57993301778138,53.79737300989032,814.4110106027301,6.1042145208197445,2.498638525715461,89.2920470282964,70,27.560067183280562,1
109.7511973341775,17.684777556209653,56.60027029849862,775.9308974113619,5.560361950666735,2.1787440465584034,78.56193725092504,95,17.303223946394695,1
98.52942618497862,18.506114459546474,54.46391966619823,830.825883381157,4.454972427077569,2.0930640367897677,86.54719898722979,90,3.8364455697446767,1
91.74502803207488,18.46239766806035,48.42655338955982,807.5740369725422,4.988897409377166,2.090224806840967,70.9548448365866,85,16.523711956956937,1
96.78614158347007,17.595417229686376,67.98823368713445,923.1735638462749,6.404305505165938,2.1860952868857977,83.657415105993,75,11.543220141323994,1
104.12931454275625,18.958440514663213,50.778388704635155,878.3577299730256,6.908010850979119,2.2022770005189813,84.94277866255906,75,13.257038216745418,1
94.36275447196024,22.312406659963912,45.98171581034456,886.8187772985696,5.259384333442802,2.878389221158383,86.51781817182217,75,15.357090895762896,1
91.77779604433569,16.838493513906965,51.39407778157799,969.1760506184864,2.3407188159526013,1.9220428753309313,72.35980613606694,95,23.83178301466638,1
102.43687211491913,21.283443185458708,38.98635198619573,858.5199083302334,5.297287094759973,1.9343811247407185,76.48640681456536,95,19.487992826773308,1
102.44966571108722,14.894293309944993,49.78970028013455,946.5053647047384,5.934748129541347,1.5052427249717144,82.8825497637804,85,2.4911179249642315,0
94.9305682462887,18.31598601067338,47.254971217181385,990.6793679521921,5.224632315856075,1.9792410452715927,80.74220989422055,90,10.286433450866054,1
95.28961694381677,19.01153209934604,59.93942904741859,872.6602501191803,5.726514918734784,2.7451547598179276,81.46679821281917,75,8.62239761709223,1
102.32049937357637,25.024579018742195,49.61268608352102,944.2213713333788,5.357065374460384,2.3937940009738625,78.19856697095334,70,11.71223852993334,1
85.51915658502676,19.175593085741937,62.102431484630785,885.4909252482612,3.7653545825181345,1.7825329024498688,87.75399307527846,90,2.4955632496906017,0
85.92536225623445,13.396269579647246,66.18787194455457,955.4458877304473,4.113761566636537,2.012016545808514,93.04232724139906,90,3.380363601554516,1
92.81555778747564,14.00333327941625,61.24940269030079,805.7106487454237,4.678847812869844,1.4814246497660022,80.51989962004545,95,15.242210926267946,1
97.86552848288153,20.102088759040043,53.27689368911939,801.2692652924792,6.065414778238352,1.6123522622806774,82.26710622752626,95,13.403046076288152,1
103.10907565598005,21.841312567369727,56.128915973644744,876.5239371055476,4.234115931679379,2.059776461045487,80.28121872811408,90,10.798645857651017,1
114.75356216949552,21.126367572881758,42.800120478847525,846.6645114564137,5.455902633167647,1.802218158871819,86.42026699523718,75,15.227022660316248,1
108.5765962320202,20.502710317402972,53.929765019830086,868.9974534342069,5.3036925939211965,1.5821600842486327,84.14558142128405,90,6.504909531906613,1
98.40061470036572,23.486778792517,48.11649225546533,886.8284050531717,6.5861972650791305,2.195936305895157,74.66809714681578,95,21.40200300335181,1
99.80983792097311,18.381226337788604,60.55461104919439,943.200811910175,4.9583202218705855,1.9670999653386705,76.93648994752678,75,2.581986596702374,1
89.97470635362191,22.684731668080477,75.5820191139558,875.5403652860439,3.245241581723741,1.3729798513235842,74.95351603497056,70,7.076451478529375,1
99.8148686400761,15.103955344920749,58.998573087790476,850.5683213626148,5.646870464896778,1.1699412135328846,93.47411166097756,95,1.6061982516025728,0
97.11341361079862,17.285156501185803,39.070878808362664,878.9091973944661,7.138055211634004,1.7719954005702983,83.17655891791034,70,18.823655597014774,1
103.22718560338089,14.578875815204551,52.110158456685014,853.8512832116029,5.712383344866456,1.3646939426233888,77.02156886945109,70,10.03081267064441,1
91.72769056447677,19.175464097990623,55.979927402995635,843.9596698762372,4.212338408189593,1.2524354374117384,76.6222397968758,95,19.345010740130732,1
105.19346514241172,19.861216348200973,55.69885940208211,803.2189911853818,3.918054120821035,2.4515876805608343,84.02615636483455,95,11.55141435280574,1
115.32738913002578,20.34230447667956,49.153494995129975,904.1686869732647,4.047031166492594,1.9609156440538829,84.52460074829567,70,20.749429640422385,1
98.91239851543142,20.185650058661405,56.96233394109548,865.8776576041768,7.003311880382046,1.8938214487097988,83.99053856542206,90,6.677179371753271,1
104.01711722098942,17.217340007564815,45.0599933046449,957.9767243540803,4.672672559478564,1.9246376735397004,77.8722132067514,90,13.475318659165115,1
106.90143991711112,19.429277466760354,47.44073021851946,813.1562344764635,4.337356606171973,1.544867139682812,81.52921822207088,75,8.705624296094507,1
95.98779528114164,15.507659994182754,60.16638113282969,867.4749866971273,4.841563355872767,2.1643904660056674,80.55457548816692,70,15.0779649830956,1
102.24092481810416,24.08968692539675,46.874694152961396,1008.7744332395249,4.683092951394298,1.9477198693069837,75.31869813780787,80,5.851627327740161,1
100.12592400781794,19.089121781305998,59.30569284393806,843.6234289741291,6.567650359787503,1.6970365376082353,75.36753078561989,70,7.66790112231413,1
100.97676098548831,18.533341642868926,44.044289802751535,885.8080048742326,3.985522508983697,1.75694852619,82.05982522271567,85,3.459029149746266,1
92.26990216144533,24.76682098533225,69.1186070703339,827.0493610304779,6.180643231660447,1.5090165147150818,80.9822554052183,80,1.2278192565228707,1
100.24510174258943,16.27326039935231,48.80584062076756,819.0943492331411,5.122092096451085,1.8375028508392661,82.76675855421105,85,2.627342877398763,1
104.97998291245449,16.623238657904093,53.210667425572446,992.8386589852607,6.207026513427685,1.9041488476869943,83.95511519346859,80,4.943893991835733,1
114.51143607795042,16.711339025394306,57.644906088723246,910.2623695582288,6.582619043734051,1.8270866683480143,87.49691311248765,95,7.897986197381425,1
109.59270826085206,19.796385854901555,50.477200379991245,908.0207302942574,5.084797633913095,2.0220618229366347,76.12047806941976,75,1.493970759226348,0
121.53182457511556,21.294894888912793,56.14724768857044,798.2210258930266,4.684936390400834,1.9685953180952975,83.15118099362691,90,7.609798895970102,1
92.3265243711195,22.2190264043535,59.60285379616101,921.5244832864981,5.066178831865103,2.092307415465843,83.74599408264342,75,11.66132544352456,1
108.72320636720679,27.715985952484907,62.68490586002788,969.4453167596296,4.905229327994868,2.3772388147686376,78.43934793737277,80,1.9508150782840339,0
101.83342005738352,13.25170263739771,61.331979487783656,968.9686236497117,3.3430335442612718,2.237209390885232,80.60931591784635,70,15.156165596923351,1
121.89802933217672,21.82620676737325,53.625516289578606,940.0999937763696,6.552480373785073,2.3818359362041344,78.56720721651963,75,4.756276288692845,1
91.91701714644849,18.328608282283305,53.826945807651185,832.2308653442758,5.24578501738119,1.6609063080695086,90.54295191678588,80,13.178689895982352,1
91.60278157819224,18.24075455333368,73.79286846420027,918.7874050315795,3.8369008149489456,1.7965540423645372,80.52426345220553,70,15.03466207457933,1
94.00607354555977,18.140683615238366,62.59911254599434,940.0550976285965,2.9324766798015913,2.261438673578387,82.25752554355697,90,8.602749396047816,1
78.76104275690193,17.27369098757608,47.62541074943829,792.3333848946659,2.672400767069651,2.2685910685728348,78.68007851541394,80,1.6499018557325762,0
94.74244978319238,25.053574503810356,55.799905310124416,832.7232245110929,5.770480436687503,1.7285517529852472,77.60182716874606,85,8.7037327426517,1
92.40867338446301,22.526891981041707,52.31885488977446,953.2894393046065,4.381022431592905,2.244633570312697,73.48998669149161,85,13.541192127656931,1
101.50393786476208,20.069587935672125,53.91732612861512,952.5627466003157,4.545099331894867,1.6225871533416232,85.49934312362666,85,0.5874624983843044,0
103.4175597577716,24.053047257461,45.16403873833529,807.0850179827164,5.4881542645388235,2.1924222896567174,83.84218748698301,70,19.77455355283287,1
118.76170839215887,15.462413104103373,51.704614124912375,947.7012875561503,4.483951843898222,1.9894815196537436,78.49451777780108,70,12.135025396858683,1
109.5042383818605,16.00788460600722,69.4924461855513,905.718203949217,5.546524416053513,1.4462257584374654,75.49815048468028,75,0.6642006462403742,1
94.23096344337597,13.466096803415937,59.63261040700402,946.8605372764291,5.095264064376716,1.8263704712962372,80.89954263210072,70,15.570775188715313,1
91.01585328651642,17.901756379630136,35.07070873478832,861.9287205939635,4.915870416850764,2.8729071238781976,77.51151596851516,80,3.110605039356056,1
104.91919171506505,20.48509558011426,64.73378793998357,938.7110097888541,3.427249594308511,2.081112145121998,78.88978715683939,85,7.188485697836013,1
86.79766792979358,20.308575733797003,63.717036183273294,950.6297264691375,4.18026864356114,2.9201799906873043,73.68220027698558,90,18.13088858112713,1
118.31458765854353,20.44802573317964,52.12571756554867,878.9199038726573,5.602535365586866,1.4224293880499854,81.08534790324015,95,14.647002207115634,1
111.79440120721287,15.766829506801754,60.73810835026572,901.0651527703972,4.317978185135948,2.300296717065537,81.18501600994375,85,4.4882164588897036,1
95.30824347895295,22.409464227842065,48.12480631346239,861.0887022297208,6.205369555784491,0.9862655232771537,85.47361442119842,80,6.842018026498025,1
82.86865470909122,20.718882554716995,51.23795426986914,999.0983369211527,7.3464013239933985,1.9999058060340866,79.24629215683697,95,16.58285036122424,1
113.53872374165414,22.199162844397996,66.98837088535883,892.783683640454,5.656385300841323,2.2524869510605283,78.33218761398082,90,12.964235984465756,1
98.85460154747382,14.321713467229845,52.826159681042334,844.6785404893691,6.4928318913651575,2.3351560379985106,72.21619566941388,75,3.711739107448163,1
112.37816311973462,20.934472576393368,40.04214670436007,857.050445167515,5.720727238296068,1.6802921101678348,85.50480474181315,70,22.149721059733064,1
84.05572341205632,16.43670428024742,54.493574217749305,907.6062360685268,4.465737977327812,2.4156361687906944,84.4641155827848,80,5.5801444784809995,1
94.00624977046228,18.808030242345914,54.371292856685145,945.1998703066927,5.200151664807425,1.7865140959821222,80.14369220703401,95,15.638218729437886,1
100.05243699718183,21.60309469590915,64.58694855498767,819.8503892909687,7.013320946097442,1.9343610995550413,73.35384472734813,70,4.791206753354475,1
100.46980593764742,20.273280818767738,55.11469137740608,1010.8596001765469,4.476446257372549,1.8266711122573465,73.92736484455929,75,1.4301802072542766,1
95.49934528520757,17.445380060662043,51.627341508477656,918.520517643337,3.960672701121926,1.5454442597070674,77.26447035617855,90,14.150588493134947,1
106.22849932347499,20.018819468553254,63.360449161849644,927.9873583781648,3.8658055768847306,2.6278878349683437,84.82612854433332,95,10.709338374385984,1
89.32379570617405,15.40539405426907,55.96632186000888,894.1686273705939,4.782470616166451,2.019207126863231,81.45168817620818,80,1.8146102202602246,0
98.57620514978707,23.450802187694887,48.99981854747426,901.1555380410675,3.996527911356938,2.4349273514634513,72.53321405559112,90,19.407539938232095,1
101.20295631711899,19.384147941511245,64.23998048433295,891.1030117243558,6.674019427437237,2.4178844967058404,82.02105957300111,95,13.662042554735674,1
105.1443883405875,23.355649832765977,56.54929411613439,961.0677581421576,5.216356534591288,1.6128239142908067,75.80426710414571,95,20.206034627215043,1
107.11614878088889,18.420404938711872,55.023407733435505,899.5242847527978,5.971726309760503,2.4864508990686405,77.38893886743928,80,3.263826415700901,1
88.75357908162131,18.42927203478025,56.42326713129323,946.0230131095626,4.701334609420302,2.201365697419729,84.85869006260853,75,13.14492008347804,1
84.65885829264377,17.70743964008646,46.43465302866723,873.9691485988457,3.8598028022438817,1.5836392542108444,83.82752041890416,75,11.770027225205542,1
112.7767682189851,22.628521795079227,50.7787697905733,911.738431698739,3.6906060545667225,2.179540332536602,85.46549941412712,75,13.953999218836163,1
103.32314011979592,17.87170652801457,55.02866081466227,851.7647793456347,4.092008257821879,1.5908128460527728,79.88433240457894,70,14.120474863684201,1
92.51513463443446,21.93378629724553,53.44269043980257,972.9916939529722,5.347525494026711,2.642583347191456,84.41512278933094,85,0.6880908360812508,0
115.51151975522522,18.85264280699213,65.17942706253277,849.9751655568531,5.519882931767948,2.325514697968839,77.06931868118471,90,14.367423687572542,1
101.15674634292859,14.07211010032514,56.739246821816025,880.5012333443204,5.603196073058685,1.971540575123586,78.71217032697353,80,1.6097870912830814,0
111.79297184063826,18.289057796640602,61.83923138109122,881.1023752527153,3.511327316218143,2.5059214472868736,78.36853387797605,90,12.92385124669328,1
100.67518481410109,16.462675356911454,55.07516283660679,878.7629167395739,4.99959081410173,1.3672049421185848,80.11932509112248,85,5.74197048103238,1
120.60747924881987,20.10170817104701,63.45030786996898,943.3497461665762,3.9739381691076074,1.7002634799519833,73.5675445684396,70,5.0964922406280015,1
117.55340842443205,16.428776792976528,58.18022205258523,881.0005341158014,5.401465967584528,1.8990321113038513,78.87497548438319,70,12.678536406261692,1
97.51035851520926,22.77792530214385,55.107363883107716,983.6354718324644,5.479077055497452,2.8942738725702073,87.2582865075937,85,2.6568076559925826,1
109.71570950954356,19.726772418940918,54.89373528832781,850.8914948321899,3.827826952973562,1.5718068396506377,74.53735919094284,95,21.539621904270696,1
106.45375949585147,19.46721201572378,47.36449098967229,910.1626481965624,5.968029607196348,1.3170776233037305,73.35339359042484,80,8.308258011968945,1
113.68631557532349,21.96767641336275,59.05532576109049,853.452840641244,7.338822941528244,1.4222457942006916,73.75655836168886,85,13.227578398013106,1
90.35076539419896,22.89172080222759,54.678362123708965,925.258366951888,5.834835737584663,2.3624863476822404,93.30929722037321,70,33.298996029104586,1
106.8605145999844,19.939703744691045,50.98406431855037,899.0430163813938,4.837165960448895,1.7623230917844572,82.32425990435189,95,13.342884311208536,1
110.58424486849587,17.68639910135213,63.85169416649657,890.6962773180913,4.683454296790258,1.9363653342525546,78.64867307829309,70,12.355247254704409,1
82.41260513576886,14.678091151663612,44.99827179284159,971.3084979902114,4.790936018327492,2.305133056669794,80.34160206504068,95,15.42989256311508,1
88.16741487334225,17.941850728894458,51.62003283654053,860.7394877366938,4.23926615322299,1.9367661488168353,81.13819699623409,90,9.846447781962127,1
79.60767822239899,18.148363260056115,63.22174999023627,935.19090945708,5.25239820665205,2.081658641803222,76.7977501213531,80,4.00281234830862,1
97.30593165555442,20.32117235897689,57.52418352736203,853.8624052395124,3.8615374088456957,2.2140860590438782,77.41391625645448,80,3.232604679431894,1
107.17542255795962,18.96455935658592,54.617128578777944,906.7611120096225,3.1103022134020994,1.827729443215914,79.21158433898985,70,13.15940619855693,1
115.02357052096028,22.063798916154283,57.008028345201176,828.2654803065933,5.219601681813549,1.9334731760281263,76.37622455882547,85,10.145618166087681,1
100.74094780419775,18.161050186187932,56.43531336839073,860.2489712215955,5.021233065775821,2.0967821609284045,78.01532696489406,70,11.450467092705798,1
116.28615545571292,19.828876499441176,42.86669962971263,895.071417265628,4.428829983562806,2.347271709221288,81.76545788665173,90,9.149491237053633,1
86.19898541785109,23.55196232959067,52.20590491721631,1008.8789500393847,3.7173033773896336,1.6830522943277404,75.0142341018995,85,11.74795988011823,1
82.96617560644846,21.0254756418649,67.93217323610999,906.0482322275865,5.289744026914034,0.7917696312680881,93.04974710473927,70,32.928210149627525,1
99.44452301103381,19.819887374934307,49.72540692178266,999.2800989520024,4.009824961429549,2.2718332597542585,83.765783054431,95,11.825491521651582,1
103.84065448939307,18.19416667419447,52.45359188716533,913.2193975014551,4.8610556491346655,2.371086367500034,73.64957630743675,95,22.474130202698163,1
99.67305251905907,18.10030580985507,50.6670338935265,876.7749453315037,6.764971854126444,2.0800136648520686,67.61048245449695,80,15.48689693187882,1
79.32557899960123,17.448160241144155,54.3038782134549,992.3613913560416,5.651189769575384,2.1073172875826143,76.5624835743111,90,14.930573806320998,1
99.10879960487212,18.3769794026513,50.33501734940562,926.2210573244051,3.6308673376183034,1.7742760423439319,83.42180324803624,70,19.174004640051773,1
86.95530499495146,22.266997516232944,58.89393201726448,861.4367043670372,3.7251484289876977,2.2000733686139697,82.45234947225052,70,17.789070674643597,1
106.69672548830039,19.334335186123194,56.57850729832213,928.2342875640178,5.151819092743759,2.3412667278736756,79.44575744825694,95,16.37288689657164,1
103.66598246096848,15.950680791856307,61.18838092085615,882.4443150055433,3.624679317940979,2.022598536567394,76.99278769428457,95,18.954960321805714,1
90.60120213672644,25.30450787917935,46.59247067048832,780.6579482297223,2.9982745187657134,2.9964993320029065,75.47934313004035,95,20.548059863115423,1
94.86133082663306,20.95989557343549,52.27727613693678,956.1583895559371,5.532372011296723,1.374503564931448,77.98708464445247,95,17.90833195320793,1
89.40786478111049,15.779169798460492,53.194218947102925,965.6960433385158,5.3209357543208675,2.065184668342539,74.93810013086198,75,0.08253315885068939,0
99.37320902726829,18.674453218277527,58.645175280708756,1010.2765217995366,5.450598331279132,1.530258815073074,78.00561121895775,85,8.228692683579114,1
109.55142320501238,20.332659148485252,48.65423042234372,925.3286215317157,5.263035181817904,2.351938369582756,86.6547546791141,75,15.539672905485475,1
90.14273953664457,25.113776279892132,62.325230434066754,885.076594555048,4.934689288327605,1.3674098287831273,76.143801003753,80,4.820248745308753,1
105.04046515517844,16.675662625223392,64.49132472414087,950.0993656427152,4.337811452323339,1.4664313829129205,83.05440641525995,85,2.288933629105944,0
94.69742381627559,22.92812215806784,47.08902121891533,950.9892219191344,5.516134966087943,1.7467252237803181,83.81711906492102,90,6.869867705643315,1
92.07127167737656,24.198459280917028,51.07301684085147,998.2968709881853,6.529883488405151,2.10633286794216,74.60199340732042,85,12.232948932564211,1
98.92969640045442,18.11403708477629,50.74454793366326,897.3223426160134,4.498770992556546,1.7618114445353532,75.78314062720249,95,20.228273023997385,1
89.64757677580626,19.1674591434193,76.05908963741999,890.0652616459444,3.9792597897917013,1.7658234949603628,85.34471718493394,70,21.921024549905628,1
94.46350694652818,16.89107225787869,51.560799158336906,857.0673348144884,3.864880580588761,1.9276438180295659,75.37117980174651,70,7.67311400249501,1
88.02122107411151,19.389616576759085,68.42100353724908,932.2477252035121,4.133269766666283,1.9031039363753974,79.71257125394598,70,13.875101791351401,1
119.6472513291639,19.890230076971207,44.86694403914712,807.1042999061499,5.202598524476074,2.5949797553274094,90.19991911084263,85,6.117551895108975,1
100.35263551971728,21.97894999424711,47.08279227068509,946.5652423717539,2.8603724364464393,2.2743644478675873,84.89916128530682,70,21.28451612186688,1
93.00274492007415,23.27055041306134,49.50716374521439,935.2701073119474,5.439170424432326,1.8701693040861425,80.42615225867783,70,14.894503226682614,1
102.13979910734221,17.755711806135057,48.234485508427824,935.1042121475023,5.643913010296156,2.8388047644854457,84.20365287265626,95,11.364575923519721,1
98.8767195030917,14.098024807322016,52.85681012673201,908.2935141901104,3.2019216400571198,2.196664469942404,79.72038957342991,75,6.293852764573217,1
97.79030400466777,19.936265662171273,49.32977437822802,991.978694851865,4.020819563722401,1.6124151778745806,85.09115916601736,70,21.558798808596233,1
106.14166700043425,20.880612589905923,48.44526725812341,952.3196079256118,5.0796809798454134,2.1026054959967375,69.76867284326765,75,6.975102875643131,1
107.57507710047305,20.748253063055124,64.26777597178662,863.5753685174581,4.856530269695602,2.2142050179461257,79.30367001812527,80,0.8704124773434074,0
94.69498852389472,19.019980257472866,64.79034898010532,864.6492570181412,5.5196374682685905,1.7249501123754607,69.5683004670359,85,18.154940627016593,1
94.2418175935532,20.374256298991803,62.594371987002525,847.2195711951218,4.8588631784836345,1.5789964356775843,80.80677594115915,75,7.742367921545528,1
97.24948302848355,24.54633442505674,59.19199164467462,933.0769999665353,6.264769526774965,2.034583636016977,78.81911050863651,95,17.03251525406683,1
76.98078835264415,21.14520250688753,55.741944526236416,839.9916647256026,4.678830600956318,1.8559112914775857,86.80364923321164,85,2.1219402743666396,0
84.84808937801448,18.87989472499075,51.02375447467273,965.0035286150012,4.016967013280246,2.591651155382177,83.55913684298834,85,1.6951331258960736,0
113.66874267444524,18.499406548712013,47.374739961959264,979.3783985007326,3.9365581337382434,2.296462329633966,77.36956156229967,90,14.033820486333706,1
116.44967713501283,19.490442926966807,57.903965627461496,847.259023862973,5.735468509281689,1.7436898903653677,77.96891871709568,75,3.9585582894609006,1
97.50963960443622,24.91021988549192,45.61095685962562,888.8670879244288,5.029621141956916,2.1703752443794353,81.9034826511489,70,17.00497521592701,1
105.76556963055766,19.45009787142141,47.04863256659685,900.9972588817449,5.6337159007251945,2.5068512570898958,77.13719703723363,95,18.80295048712249,1
103.11250154543536,19.940616966437876,64.22330604963848,953.03898962818,5.613122499229185,1.44247822164014,79.83813606807728,95,15.959856770444972,1
130.7888080845524,18.55305928719109,70.2051923337767,996.5606025365926,2.9801501472361593,1.590888703604899,86.58349032257435,90,3.796121863806279,1
111.19574911434577,23.296950072325895,58.14636110533185,798.8704564278853,3.8599173989765565,1.9955325530881876,75.85434908234811,75,1.1391321097974771,0
98.72082408519233,25.879511764234024,63.851657218357154,880.9091569483991,3.9793749594961794,2.014240787162014,77.76162817021802,95,18.145654557665246,1
90.44459559399574,21.351839148294165,53.03321346044813,884.0389982663792,4.1839358115082375,1.9791209978148558,78.46283827275342,75,4.617117697004555,1
83.93553679742428,20.248318711356276,44.29860651129853,815.9598087068072,4.579644673423474,1.8756891284849289,95.79036713092812,80,19.737958913660147,1
102.03463635867223,20.110348499522704,59.89737294894867,870.8933988417563,5.999149594617186,1.869575871019192,83.04121331253583,70,18.630304732194045,1
92.43649254715697,12.847079633642764,59.55431458616051,925.6661366610367,6.198482352383899,2.1537032547286517,85.66034169523921,80,7.075427119049013,1
85.77746290402325,22.23545259285445,55.57334843104195,883.2792658296265,4.707109169797003,2.4535770214556694,83.84062855939192,85,1.3639664007153924,0
93.53427115757474,20.40249924798753,53.06099633515911,807.3227298835552,4.748719138675256,1.8076189081246292,84.1769693299265,70,20.252813328466416,1
89.18451996385605,21.285026151982176,62.69768462864879,1072.4449618805947,4.294566275942714,2.9753597380682617,82.36786768666144,80,2.9598346083268012,1
116.87141635072565,17.865613417748886,47.1141357325802,915.9706719122509,5.089187697238544,2.784276574296127,81.82634600029546,80,2.2829325003693235,0
108.81639756949451,18.846629363068725,48.80975536887474,906.7016478064005,5.202520882733936,2.5317022518320327,72.74627672765732,70,3.9232524680818823,1
99.92027358683383,18.766925190490483,46.935147945916576,834.1244182159772,5.806475555002265,2.248993333824625,81.7893227817147,75,9.052430375619602,1
114.79944138890026,23.064868952219115,55.67978370108662,915.6423697182765,5.798438725982553,2.8031952425880626,79.45828203803521,85,6.519668190546815,1
100.77368307647619,18.86372049019072,46.29685590312593,890.1471729575103,2.6978819489309487,1.8839538540002365,82.72728451424747,90,8.080794984169476,1
91.38715798671737,26.247980966329393,49.52606255587805,786.6885952370756,4.847455052362882,1.6669582352039063,79.64570416679777,95,16.16241666652866,1
115.23124077269657,21.292587257045113,49.353955502182416,835.784673599135,6.384100030890104,1.7896111762384062,83.81582146363996,90,6.871309484844485,1
105.38910043684659,16.172952020012804,52.915133341328335,947.6955610604367,4.561885072695083,1.5988228787639673,84.6996628557459,90,5.889263493615668,1
89.62753845673544,19.61436112024413,43.101004428768185,1016.6410590000265,6.139241818363288,2.048720528925348,65.43919987677118,85,23.01270602732802,1
98.09661321916391,18.044974633530753,55.69763993629814,922.0299243025827,4.693548199988811,2.1199321856510975,77.83053590917021,70,11.186479870243156,1
91.24381746615242,13.416852590539927,64.97842920531743,966.1849966976021,5.174923467441964,2.080335935472443,70.71306547055937,70,1.0186649579419589,0
86.17200269035663,24.79841282034137,56.0839309785341,890.6546814850074,3.863109307600851,1.99502745912728,81.19472277320997,70,15.99246110458568,1
109.26177547531641,22.10942762666001,67.33056915841057,894.8072303591638,3.900751442433485,2.053261811268646,78.49645811073,90,12.781713210299998,1
119.0941664047013,21.599621953697937,65.6719854870154,965.4587416571679,5.725491572263015,2.6945295235399556,86.77914235293302,75,15.705523137244029,1
86.01432426180858,20.496210980899114,61.221880377982835,999.7666373507682,5.881818280200665,2.2480207470556337,81.03622330900438,80,1.2952791362554805,1
105.62969236690572,15.853947293922687,55.59748674109508,978.0658016079373,5.0264289062004925,2.3690035186419287,77.57235011768144,90,13.808499869242846,1
93.49357430878173,18.54914858133369,55.180003105963515,836.0182154769109,3.772475757361609,2.0763159746747153,84.69285769922793,85,0.36134388326126005,0
95.12874616235304,22.52534232435204,61.11039817890608,895.9824665810853,5.043804556607214,1.3537645206127689,78.40898771086279,70,12.012839586946841,1
94.0760607576113,16.846339910652492,51.86663512396774,916.6514810685777,6.257234960674277,1.2744470118121956,77.51001222053166,80,3.1124847243354203,1
91.36009230320184,12.40469205124756,39.93983398826029,884.4193221895482,6.74286647005176,2.833123996083406,81.96812707320927,70,17.09732439029896,1
100.48521627944827,19.31868197665722,58.93603243282368,923.2714526049357,4.683292067674086,1.7872710899075115,88.06485694969736,70,25.806938499567657,1
91.69049883588963,19.574727337917384,45.95145096052023,949.2346087001368,3.34013214974221,1.753299462339227,84.26775954119911,70,20.382513630284446,1
102.70456825779839,20.40669024924413,47.30287017447692,960.1685851173085,5.840363599554779,2.0982652965509,82.83465482640739,95,12.80562649851854,1
99.49761890550863,22.185555930543607,55.0017915839663,1001.1522091332914,4.724036903544999,2.220161191331971,93.75474266760833,75,25.0063235568111,1
97.6105195313359,21.912817436693626,54.23900097957224,880.2335337165099,5.94304064156104,2.270744854933765,76.33794981820253,80,4.5775627272468355,1
90.92436337958402,20.776309415731763,43.70339514947496,818.1580101096412,5.28107222501762,2.7097674131520018,76.22641081528947,90,15.303987983011702,1
94.23228669431667,23.586594164260127,56.323932513065124,921.4940756408672,4.11655589423815,2.6002945530631765,80.72784740219872,75,7.637129869598293,1
107.55391225825755,15.443090657560056,62.72911728688839,1013.0286618710882,5.058244360659381,1.6756267101444715,87.57513192052357,95,7.815650609975185,1
105.00917187624381,21.51374544343217,45.97326743787374,871.3814484027564,6.308338367054327,2.3874938293687156,75.29157011852699,85,11.421682213497657,1
90.2244475520145,21.879615090010827,65.17986664679007,941.2108186238231,4.850846011032756,1.8463636327156805,88.7728629878153,95,6.554881065457577,1
100.99332305429226,16.28131314175928,42.518633398960446,941.7447475483585,3.9651948365546223,1.9449965022276894,72.80438755295806,85,14.347779349461105,1
107.5138712337179,15.491388173952833,71.93859315496763,911.4865228406766,3.4113558314033434,1.5624043176194549,79.3939097463941,95,16.427463424848316,1
83.30594718878628,17.762173620573197,51.70991655613213,900.4154832626228,4.2278353131353485,1.3227708584674363,80.86732832834325,90,10.147412968507503,1
105.43360192379934,18.015375672454123,56.16493597461513,844.5942476567164,4.589863738229018,1.9873753149470845,75.58684041841049,80,5.516449476986889,1
93.37376241054153,22.260258390507293,39.86373142011464,763.1002756547654,5.819999135917259,1.6176072335555018,76.893828175339,90,14.562413138512225,1
105.70598668593159,18.156383648926713,54.50291146824553,833.2889576001583,3.8791507321883785,2.3711254714288144,83.98315239667832,75,11.977536528904428,1
92.36740843457483,17.430954445156388,56.827857421745534,876.581751053298,6.5537518857296355,1.8875687025919514,87.20777871255616,80,9.009723390695203,1
81.95117899335482,18.16509878991632,54.310703167204046,965.8453612453624,3.6628477891588087,2.1234360875799494,69.4269481875199,85,18.32123742644718,1
83.72457562116837,23.355897002462633,50.49535138358101,893.8123162589175,7.331486092556837,2.5470103015661727,80.90118192729658,80,1.1264774091207208,1
100.48084946661382,20.039130123130857,47.42748385177748,868.8584568649111,6.725518556754471,1.4058819272871568,79.43345548192099,80,0.7081806475987662,1
102.59722501721483,19.462246923929264,64.04421295629848,846.5408734827942,5.141166249387992,1.7101530445801252,80.53698177811975,80,0.6712272226496907,0
90.95683374895592,19.669983503896844,55.2464570799836,939.4083497105688,3.3523064652304075,2.07235344982634,78.41616762191899,90,12.870924864534459,1
106.38592458777374,23.876181002979568,67.32601901213418,981.5014299858364,4.944575938017578,2.1250099263293043,73.54756515221837,70,5.067950217454812,1
83.3847993773104,17.752484820190276,50.78814116164062,963.8061433120475,4.6131590420134945,2.4413990005089303,87.7114848902231,75,16.948646520297473,1
99.33920201352683,23.946524872820312,51.52164245302227,936.3689819855082,3.7257127769490763,2.346861251616239,85.7966479916535,80,7.245809989566876,1
87.88983800237544,20.631488896764512,61.5247539567693,811.4632352170236,5.291009627247442,2.038773450292296,79.48005405551558,80,0.6499324306055243,0
93.4816389219784,19.51874185407396,42.01620030397149,878.8995454293737,4.176356870144356,2.121361868238902,77.55843393763328,90,13.823962291518576,1
100.47398671316414,27.502701493802846,45.29229311877661,1016.8382537333805,4.2850941529504185,2.132430356396196,76.9527968549706,75,2.6037291399608002,1
91.39586634716048,16.83308153060421,63.77987977082531,967.3170295149135,4.796321365427644,1.4121150541304976,67.0717338759276,75,10.571021498763193,1
96.15444455770175,18.938942721298982,45.624528566214444,807.7498069059164,4.425091171294296,1.9374498090580154,81.76910037301205,85,3.8010583846917045,1
110.0629280921444,16.302706282507998,40.44759187757962,896.6645686080437,7.078156617110029,2.099389287198837,83.90161795151423,75,11.8688239353523,1
94.23108130476851,22.857385911608507,69.94821750458473,921.7859059596623,4.46428536700045,2.183420343514043,80.68951058054884,75,7.586014107398455,1
108.35692112065142,25.067566800955035,43.84945881700636,854.2704922184269,5.440881011394476,1.6302546239743363,79.56831782700124,80,0.5396027162484529,0
88.70293145342382,25.009768344213917,56.472955186625356,761.447758715469,5.145522492210362,1.4924808349884435,80.66691754243293,70,15.238453632047039,1
105.29804177915283,23.671846259438013,55.55268154179417,905.9294427009859,5.352750225258872,1.906186962992768,75.73387009621212,80,5.332662379734856,1
114.41568620657901,19.407138596612103,32.514973467055334,852.7345045427736,5.429088403610932,2.7869464444365977,77.50222386314834,95,18.418711723001742,1
75.28355499872711,18.90427706753046,52.861463814657526,852.969495654919,5.881361486606123,1.6723009949085326,79.1683348588392,90,12.035183490178664,1
92.03104744529523,14.986490682517804,58.58730599583288,878.7191784041545,5.266446075618642,2.469571298941924,83.48338287382448,75,11.31117716509931,1
105.7707212718054,26.107620605545378,57.834475052150886,891.9794451207113,5.22489579488632,2.633895857218048,86.89429186647556,70,24.13470266639365,1
97.96954613957007,21.4069342344454,62.22816547042801,899.4550323542588,5.0584770684681395,2.0181866104932773,78.85426078513522,80,1.4321740185809695,0
103.71145873371309,18.524129285391552,51.90006948075653,846.96060606468,4.861582147660026,1.7280608261386197,74.77607231217291,95,21.288344934554825,1
93.9601481328418,23.984170666960903,60.70003553673729,886.7874282219553,4.088202118339323,2.2051278254632902,80.17823395381716,85,5.672665936685699,1
100.865897874729,17.08170644972,49.48536745535942,794.5545977758347,4.939131622579799,2.0779961168397985,90.05745556294461,90,0.06383951438290107,0
98.44322764607921,21.21986610266802,43.7162606686978,918.6623439220847,5.241267375265533,1.6563584079238767,75.21096782433133,95,20.830560184914386,1
111.67782061659807,19.482112597127497,44.618172994550136,728.6234751995305,5.402164556572795,1.7364788694512896,84.42920373566406,90,6.189773627039933,1
102.54420843301213,21.916031419640902,43.30311635843668,882.6305951739828,5.180284772990237,2.1814319408581326,86.67980278060303,95,8.75810233620734,1
103.37602662075201,19.809279382441634,63.076687743129554,955.1511692206172,4.767044986551467,2.373376163267419,78.19992570087257,90,13.111193665697146,1
95.88123033877532,15.647216326666326,42.88341192753155,836.4395587635104,4.9429200968041025,1.870883919473845,76.4963771114048,80,4.3795286107440035,1
95.12393775927507,20.226729118010113,57.192310725194424,942.985812219444,4.446353515449208,1.9723465740447788,82.87478341416626,70,18.392547734523227,1
95.6744181218038,23.146592425626086,52.87260644742054,969.3439627272535,5.313223991006564,2.267455428204432,81.76608386402083,70,16.808691234315468,1
103.94452142378297,19.912350782438043,54.17881141239495,701.5260028501567,4.778871772085878,1.9310052463304257,83.47387085660444,75,11.29849447547258,1
95.79015519179737,22.32534536476726,65.9088583615976,890.9182257854554,5.18056093819747,1.8802692106816463,90.36854715744903,70,29.09792451064147,1
102.89774856896413,16.86341154297784,51.492581062277814,727.4535943423035,6.000803043382552,1.6978636721091096,80.83523276688283,85,4.899726156608441,1
120.75400798645438,19.921217620190443,59.89281249239747,892.9074932657433,4.29064109035758,1.6909261506503876,74.0388757552195,95,22.064341310295273,1
108.71124703431693,18.126468634734266,55.30050681104889,899.5697273411204,5.596695380910484,3.067553103289302,80.33320001084212,90,10.740888876842089,1
96.73976467832159,22.240942520314128,53.78384875493842,751.0473608453497,5.033210179885373,1.9215193359683673,81.2077839710269,80,1.5097299637836237,0
112.01213922163944,20.094474686785986,73.39975299509179,1015.490301724792,7.021193599580755,2.5460233286048894,86.33584318544125,90,4.071285349509724,1
95.91924626978448,22.070221029009836,43.46926603427704,917.1609484580775,4.783699671536491,2.6735973350076283,79.01617802286148,90,12.204246641265021,1
79.61875464822145,23.263131278473598,65.31305468349956,849.0585940750778,5.695164583151066,1.9265670842027363,77.95466083152307,85,8.28863431585521,1
89.91913689082595,22.074855725364166,60.251252523919774,987.9227656499111,5.015353451755977,2.1473719233739077,73.14403001916705,95,23.006284190350478,1
81.29208078974145,20.819355302880933,51.16380004294573,792.263206761461,3.6116954916865063,2.0409913928132126,82.73706396032065,90,8.069928932977051,1
96.48486515958692,17.005363224465786,68.0345481395329,826.249737988901,4.4793109044808554,1.3551270597365292,96.74103592769488,90,7.490039919660979,1
100.18418379189552,19.991641667999296,40.215119100891705,762.0326685798061,5.880471105428393,1.379210795100735,78.88704507998031,85,7.191711670611399,1
116.76437312275283,18.400728793952503,50.82586674160743,1008.06271179236,4.567305539391727,2.0195393867617093,82.25977477260975,85,3.2237943851650055,1
103.26927373764163,18.96780812988732,45.33214236584739,919.9407822883202,2.779743685160386,1.8300345845565615,77.26083573342518,70,10.372622476321688,1
97.80899471191135,18.876397547749246,58.29666771897168,939.5641073909097,4.968596983075496,2.756632135357436,73.5935754000208,95,22.5330785262939,1
108.2940558118349,17.060223275653268,46.09548719050258,918.0600740351085,3.9076637020489895,1.9053708245221526,82.17117969600265,90,8.698689226663719,1
77.88864690992115,14.127984232598031,58.46451157393055,934.426065668675,5.131817732596719,2.7803715988272497,80.14094141718596,95,15.641114297698994,1
102.35614558108566,17.995570855016698,53.50850867342757,904.6846628337594,6.551147081398018,1.8094434415457823,68.07222928467088,75,9.237027620438823,1
107.70865193886966,20.580138355772476,51.165168458751324,916.2552805624465,5.7694573108029035,2.7648801682435735,88.0501435787006,75,17.400191438267466,1
85.21413754220158,15.95546886371753,58.109177968266486,906.456206173377,6.536655828739978,2.2025697987789385,82.07982188168558,75,9.4397625089141,1
111.43754043206928,20.04704670941487,52.851027008495485,863.4844916658433,4.438487978555509,2.225316758308479,80.36947775051802,95,15.400549736296826,1
103.38496407494414,25.700805272932893,46.29092125552769,897.2025140871199,4.856833666364468,1.7952944173065402,77.89011567953845,85,8.36456978877829,1
95.84712086099199,23.069169665756718,77.41098391707983,916.4156743957006,3.9555638031922205,2.2307668721614755,82.02647055246545,90,8.859477163927274,1
106.32781866106285,24.930624527361587,51.10266253576685,906.6329471731278,4.315956554959905,2.6770853732325004,82.25697976208018,70,17.50997108868597,1
122.70692857804396,21.173383630798178,37.259127358783886,811.3336735348009,4.07311516771382,1.942069002375945,82.00660686863355,90,8.881547923740495,1
101.81866255058495,23.502529468959338,48.26321048222889,819.3007998834954,3.6932770307880425,1.864241273853353,85.33996522251745,75,13.786620296689932,1
102.48220586300336,17.82810580859664,44.86178649301816,964.9704860349834,6.3658566253313404,1.9012949844559646,86.47635616916672,95,8.972256664035031,1
95.40639100459755,18.066979198934046,61.60916492832413,881.5803572469958,2.9080397049735778,2.6480446420025747,90.02796531809199,80,12.534956647614983,1
91.50155630535208,11.782579381587581,57.57322127673269,935.0835208221564,6.3701389048045565,2.3421404828004344,75.81578908775639,95,20.19390622341433,1
108.30335816544246,23.558436422126896,58.18970241432275,834.4728054166562,6.246058924920231,2.5790719961884476,77.13289243116391,75,2.8438565748852134,1
91.43916174091133,24.620971939459658,52.03982027330205,811.6112474012082,5.499792675478998,2.1254490841937077,81.8059108352082,95,13.888514910307162,1
100.71566237219392,18.34046826395819,52.76519802354463,849.3842032480973,3.8854927319059307,2.0157277427111326,76.10454570631107,95,19.88995188809361,1
95.22342553234883,19.238144880808296,52.03255117113865,886.6460957537153,3.417824888556793,2.169577615628253,76.9099246381389,95,19.042184591432733,1
104.78979825746391,17.738413658927115,54.350454526916245,860.0915820429352,4.451596318736436,2.428063413765016,82.37614790753315,85,3.08688481466688,1
103.33662105286949,21.147960654432474,61.68266748291868,977.6360113863428,5.625120456339924,1.901152702964854,84.50421177489925,90,6.106431361223059,1
110.375399442579,23.374797635909722,57.68860330004277,910.7713980922476,5.0030636374406745,2.5474707973427146,86.37963976389432,85,1.6231056045815502,0
94.89983601145254,14.771684078356877,59.000902636966934,1010.9363171137115,3.956500504905242,2.146332222826351,79.03692793121199,95,16.80323375661896,1
97.30125064706628,21.22831559192676,58.99647126599362,924.2644892442851,6.148204784656491,1.0374887447879286,82.31576481768985,70,17.593949739556933,1
90.21236284217693,19.169984684842564,62.0755394990539,755.2469509248114,6.684383328181538,2.3533973708420777,81.21378867946885,90,9.76245702281239,1
95.55706739923889,20.34018317590007,57.30520033232204,963.3624963875133,4.773400835985402,1.491077994695207,80.08828722589993,90,11.01301419344452,1
103.77300493044852,21.376982005022874,57.87078458143135,809.4269026518027,5.109336903597345,2.343669104269595,75.91995417395991,90,15.644495362266769,1
107.56988616645351,19.43539268368154,64.51044992954525,913.8320200326804,3.4911513163705044,2.3606071992952664,75.2839445539874,80,5.8950693075157545,1
90.77834675822375,19.689239439782657,49.679632655975105,853.5189565401693,4.5856132838909645,2.1319570389524833,83.33337389977979,90,7.407362333578014,1
108.6960592010566,19.358374497336083,48.15405936038794,1028.562662067851,5.510439978000994,2.2174723595506776,75.83590310057899,80,5.205121124276264,1
113.55637858804951,22.910948605364844,45.51262720650515,986.3758756458082,5.354856540257778,2.4395483151375945,71.11540587586487,90,20.98288236015015,1
104.13434903223701,21.25627988038249,56.463316508962045,855.4907614978945,4.492332150790293,1.801748930475709,79.84119338354905,95,15.956638543632574,1
118.76795812558066,20.66175061321208,40.17014207024701,892.3585399127332,4.725756491523553,2.3173718638809913,87.27620151074875,75,16.368268680998334,1
92.26210800896428,16.187144836723153,58.69723276847742,914.6758841789531,4.552789263455448,2.4652093211828143,66.0257478079888,70,5.677503131444581,1
87.55345296688583,18.864260770360538,54.12645524399558,951.8048442936966,4.721535286281615,2.7040330390153913,78.55834863423244,90,12.71294596196395,1
82.21279751095722,22.696007481017524,64.07711759856845,901.7491147395008,5.4232348025181265,1.5576878855761187,83.37607432663117,85,1.9105007921986243,0
114.96044311489183,20.113089719371768,49.62466151628008,838.506306037148,3.0324629146308775,2.1634064259951074,70.88251783392599,75,5.489976221432016,1
106.54365656354058,21.978594408767414,53.373453716659945,856.9464816479968,4.925650485192078,1.6154043203754143,78.93333541899459,85,7.137252448241662,1
99.44415329089544,25.2995354009829,63.97762666634695,899.7310922173925,5.349975535625689,1.5984311929194008,74.30271377723729,85,12.585042615014958,1
102.7996862631982,23.11581820762645,66.06508517422522,974.0674187258815,4.429515314358923,2.143611108962392,74.96410942996557,80,6.294863212543031,1
88.74510952701624,20.279475013099226,49.55878107398544,925.6702716321627,4.520666956035119,2.0309823259184556,77.9879089614899,70,11.411298516414133,1
124.45751979616827,18.46703248941282,56.45424986069728,853.5951044030991,4.549605559184551,2.458000591408794,74.38426054933915,85,12.489105236071593,1
101.29221181975228,12.339351211832305,57.35535182147238,938.9023666625874,4.52095002646284,1.8615294201623163,73.96849648424094,75,1.3753380210120743,0
101.09394794604893,19.494845232581444,57.989227244969186,876.7809096673104,5.005883777850373,1.9463794255211957,79.70384124228998,70,13.862630346128546,1
107.25766623898693,19.021962512549454,52.89939472547502,953.4244803112105,5.129002758013784,2.084601704935274,91.13569530267843,75,21.514260403571235,1
104.81009231736714,21.171098583186126,65.25106718498908,1051.6206250997163,2.8994856837662004,1.6552684594254177,83.78871658723928,85,1.4250393091302607,1
102.23884024279131,19.538284319075938,39.88237213102764,878.470417743387,5.652880371472288,1.7107720619936275,85.05266383519178,70,21.5038054788454,1
92.09525544554688,19.03884482168962,51.63095812159133,948.0963095835823,4.710001115653041,2.4464394663090214,83.98631219209422,90,6.681875342117535,1
104.71468357135996,14.661803208478338,58.583445862183574,855.2764000777362,6.932963175468534,1.7804179834875564,76.51243193660392,85,9.985374192230685,1
118.82024496475033,17.1800965125498,58.65779849559475,893.2641739685222,3.8083514611012914,2.472990626579874,81.5541611455808,85,4.053928064022581,1
113.45420046154977,21.429953122401674,65.8220722449181,901.7737372123261,4.1326854912456685,2.2429250322673178,85.48847130471167,95,10.012135468724562,1
115.93186626639397,25.147722893398083,64.5858031456103,888.3789803973372,4.797091021416739,1.3809875898044257,84.14168733890895,95,11.429802801148472,1
94.88784323568815,19.70742384876313,52.71566699754221,1047.7808213265014,5.413225449686036,2.2121514767351154,80.97275503684193,80,1.2159437960524144,1
90.1039517974142,20.983433220722368,65.39896994824484,881.604415519297,3.0492326726284986,2.208991929237651,82.60023247096947,75,10.133643294625964,1
98.74213079900352,22.857434470858415,49.28766604978036,935.211092327092,4.1708999478838935,2.169171443404514,92.31436982584576,90,2.57152202871751,1
100.55724912288694,17.567318191399252,62.4470990623347,784.194787840594,5.591320160573844,1.9432493094467957,84.19721608578173,70,20.281737265402473,1
110.94191518470949,21.100442129856326,69.48417982736794,925.9197938021766,4.051876053567457,1.6239730178432592,78.42420321401175,85,7.736231512927348,1
83.0753537028518,17.778529681003523,64.71955285483975,968.5232755411348,6.370026376376227,2.538485106445048,79.62981496867701,85,6.317864742732929,1
115.29550319460614,22.594473315473035,55.846163068192986,868.344159445257,4.546116401150928,1.9593681645108658,74.72924301704276,90,16.967507758841375,1
98.4199210142101,20.4542091438552,52.34576982582302,749.3866715375752,4.100626798658103,1.6466375358658527,91.73517973973148,85,7.9237408702723275,1
95.7311893005258,20.895355441944318,42.77126962992571,897.6808938703605,5.610244257789519,2.1829874744352034,88.01934862721772,75,17.359131502956966,1
89.87895624739832,17.652204207744234,57.48431710331363,901.0310310231317,6.6076173868244465,1.7028880117066971,80.41606518136057,70,14.880093116229379,1
83.4514332813423,22.121097078832356,46.07826217623265,943.4445030446583,5.416396258743896,1.6203655886859514,90.90410059383389,90,1.004556215370987,0
108.23170583961914,26.25413876369305,48.65492269108851,1020.6541821248061,6.260429399223258,1.8498109551190245,83.16200022477489,90,7.597777528027905,1
100.73317967188405,16.976264913715383,45.47403359410663,877.1967809639816,6.676635340636963,1.73384089427277,77.84576791192092,95,18.0570864085043,1
87.10039100258946,18.98072297705743,51.31686133874676,848.6227125803832,4.0781413200724215,1.6351030992061701,84.53226270259898,80,5.665328378248731,1
87.04921227936384,20.694822422504277,54.77624468410414,829.9849319177134,5.938391334059586,2.322564704904704,81.99321735898326,70,17.13316765569037,1
96.64215300709871,22.35921863598745,57.18891664932564,911.884717021896,3.4765294906964526,1.9544688742150402,84.18928389138199,90,6.456351231797789,1
116.69021525289394,18.321361144131593,50.19594691668829,928.7612555291101,5.424902531786385,2.5009119782063567,73.15454070171891,85,13.935834468565982,1
97.40408648636395,11.500909129571781,63.55426965116146,867.2606763382449,4.928682109485181,1.6581962089080258,75.94842921401366,95,20.05428503788036,1
84.96857046881894,24.077568482492076,53.33435793608027,946.7209647435474,6.242950203042062,1.3089755849454658,87.44235415061587,70,24.9176487865941,1
97.54256935914056,22.28151835875243,48.69822053387585,927.9230446091506,6.172251512984841,2.0595081396997665,88.46568745782028,75,17.954249943760374,1
97.2727643025233,14.771157408540004,56.81033813794749,902.5939013786934,5.5697833505344025,2.7423915687225664,87.07556363484028,90,3.2493737390663564,1
73.03113357058429,18.17729362466133,70.70842266835052,845.8551167553525,5.298427899482818,2.212394731744801,91.09323451793429,75,21.45764602391239,1
99.45705133482188,24.704547288581978,57.68128453228094,871.0881410709167,5.50836867672195,3.286149678485133,82.88684149106932,90,7.903509454367423,1
97.69065469791322,24.343389255373598,52.097154981011144,754.2146821390473,5.061770871376545,2.1328236483796355,82.53541681415216,85,2.899509630409227,1
106.96206364813419,22.815920068036835,42.78030915105037,914.147223851882,4.938804258892096,2.094220884515236,75.43396549388093,80,5.7075431326488335,1
118.48956094945345,19.47166269812041,53.24470143222344,901.5804773248461,6.442578172252443,1.137854931576833,77.09734279576847,85,9.297243769684153,1
111.26565029547757,20.24896225643753,56.87942500070493,911.3087394653692,6.562889819678176,2.1711789762354115,70.05869538845224,75,6.5884061487303525,1
97.3111130944517,19.60722258462162,51.899352869955436,930.2591409338736,4.858340802297793,2.0674671040077164,78.39256993816147,70,11.989385625944958,1
88.9347409125833,23.38471934980651,41.67692289407201,923.1492891859334,5.237636403010745,1.837031520718185,69.70736955583376,95,26.623821520174985,1
125.7335980324986,17.37247278051467,48.19547688397253,893.3770091612379,5.081655224772774,1.945288453176372,85.40483085431848,75,13.873107805757968,1
100.59218434014488,17.582601035347388,66.63630768710206,902.9200825897651,3.388301558062806,1.9727597702631283,81.94199434275227,80,2.4274929284403335,1
100.13929291912946,23.030823760508046,66.47200802984369,815.7410149982298,4.663564422387994,1.9280283388271744,69.86915376801954,90,22.367606924422727,1
99.75874912889996,19.866915633465315,47.90688664636322,864.9767612586345,6.5997042010481035,2.8358859852503846,79.05068153918259,95,16.788756274544642,1
101.98084760767856,24.135402066361426,60.382054297595374,903.0282632210077,4.250224124968189,1.8516551888779964,89.8382781117425,90,0.17969098695278124,0
98.55639588076058,17.985463379058363,45.571417721838614,855.8487854452584,7.114543462301302,2.067725489541543,79.37166924582128,75,5.828892327761707,1
94.26337993119763,19.835664918983525,66.23453025595961,951.6090477523528,6.172126309589382,1.8384395666455173,75.00814528181004,70,7.1544932597286355,1
94.53141058759608,17.23276104546814,56.96188678315389,860.4820751426981,5.4014981505462085,2.313372474657552,71.0724886534738,90,21.030568162806894,1
99.67246729784002,20.022088044270703,62.597131988932276,912.978324674899,5.5608432859764205,2.0707054799888827,71.22176693778056,90,20.86470340246605,1
94.56575228866235,15.564359189003603,41.27925322253969,906.9939394089201,4.082793303664975,1.8880357707318074,82.67789983928,95,12.970631748126312,1
92.87154217322836,18.53709973713511,60.4210968153991,944.7766556166246,4.7347712477752975,1.229612821637127,77.83063688837628,80,2.7117038895296552,1
101.06430227691897,15.691238405215646,54.93860749052397,954.0474704416981,6.441399110321759,2.0973232901155,78.24502929200281,95,17.636811271575986,1
97.45022782579144,22.081769699573776,61.81543256632674,941.6419566580763,4.385470660826466,1.8761694905680997,77.85126668278015,80,2.685916646524813,1
115.03992988582688,22.149768019278955,62.3189423847828,773.639627917012,6.061131756948799,1.9757037372451596,79.29880025267629,70,13.284000360966125,1
73.49030191606988,14.809211808546966,55.52627751579799,971.6488888807876,3.622959810562941,1.5270168211018667,73.86418500648476,90,17.928683326128045,1
110.91506851922462,24.001657236501718,50.19336288723268,991.6384934516759,3.801841587524989,2.5733128690880784,81.5805249684469,85,4.022911801827183,1
112.4608519249763,27.49224537925956,61.23756945743595,871.0725429407119,6.901384665586316,2.342697270337549,72.88646878121652,75,2.818041625044638,1
79.2660976759185,20.138019160209023,54.51876400475898,914.198814760371,4.988162853759675,2.572282399056253,76.22078770979373,95,19.767591884427656,1
96.57312405919652,18.076657219326066,48.01772037177886,846.5500991921531,4.461500113005659,2.4587917203123815,85.05413848832562,90,5.4954016796382,1
96.28559134004209,28.472991773009138,47.638782148338514,783.0972895960709,6.362740826998962,2.2369269208509848,81.88102499862595,75,9.17469999816793,1
85.92488305282178,16.04309450509247,43.182684669500944,855.6770840674568,6.245821554963504,1.543086996509423,83.42840923100691,95,12.18062186209799,1
92.22183312409125,20.060319400607295,50.91767072349549,867.5916576321833,5.920754565257239,2.737354865628743,90.75194196408943,90,0.835491071210473,0
88.89424154534171,20.53886681789577,63.82153636859503,878.708956118891,4.430102080587894,1.628945939644996,79.7017299484775,80,0.3728375644031168,0
117.52270443423623,24.035442861357243,56.422638397643475,842.4651545996408,4.713082424062325,1.8926369503700153,80.10730130012489,70,14.439001857321268,1
109.35678393147461,21.079216925380365,50.761858352615675,855.9944899909657,5.31162882372473,2.2827609122507684,78.6783952207483,85,7.437182093237295,1
112.71555094994159,18.504098312634646,61.438847505440634,899.3396207022955,5.694399342147237,2.302616314874962,77.78292926303926,95,18.123232354695514,1
107.21672064043234,17.14644688883613,48.34018702621289,853.7863810133915,4.491516425981462,2.2288946907778233,74.94704586303106,80,6.316192671211169,1
88.70948228782771,18.974534539261594,55.76280219466223,932.6114599530017,5.1707371106206965,1.8398846074683641,80.42032405597926,70,14.88617722282752,1
94.75479733720226,16.97921791716457,53.562957018195874,940.8996390838464,5.2673913007974065,1.75722734905781,81.77524303298078,80,2.219053791225978,0
104.89374561227918,20.14347595935405,61.23304500470682,1042.8232647698694,6.286769756375254,3.013813027442455,82.05385169596448,95,13.627524530563702,1
87.77872191108055,18.30741146041854,42.38217303264399,967.5407959274078,5.754465828935119,1.9842744246000665,80.32181913433539,75,7.095758845780513,1
107.12998430172388,15.517886620130747,48.19841803348275,914.5861834997048,3.4931983551647092,1.9352914461444657,84.6308540240999,90,5.965717751000107,1
97.59674601841866,23.76543736512471,41.894034727243735,862.7841421999393,4.786369691514614,1.7145774036244985,80.14718345371193,80,0.1839793171399151,0
96.25179192450403,18.50698242971288,52.92322622552584,917.6248411004399,4.0712166300165835,2.097868139628383,77.9534905588302,95,17.943694148599793,1
107.10959968203491,16.195589585074064,64.69142002905944,919.5957575949814,5.568087420611674,2.079209120231228,75.36505909012742,70,7.664370128753453,1
104.4426331148604,19.495222596537374,50.956422322771786,869.2012146596603,5.923153350505045,1.993509516518282,72.25512394211036,90,19.716528953210712,1
96.3903383418092,20.205114697902975,50.91452849443479,947.0238838051727,5.101555985610244,2.1526906587151546,87.30207588968243,95,8.103078010860603,1
111.59329803364248,14.760599823262899,61.97379539347309,816.1141191190875,4.73187296937215,2.7054150009769415,76.50472687256335,75,2.0063024967511374,0
89.18936672400103,20.994943001377287,63.5483964676424,885.3360098677493,5.069169793035983,1.7619789174836407,75.37166428356353,75,0.4955523780847102,0
106.15935606944264,16.858527293929207,54.29143146184968,933.3515075590444,5.208919273477755,2.017233496880848,77.91230885836514,85,8.33846016662925,1
105.93101257968384,25.133086427572362,60.477718832399134,882.7449511444742,4.359900348283093,1.7408606189797777,78.60805606733102,90,12.657715480743311,1
96.9045356068601,21.571881536230205,46.38436367297643,887.5947357942438,3.781288899230635,2.1178793443302513,88.19256217951387,75,17.590082906018495,1
103.26133022242118,18.80030002967205,66.02379467140331,891.7328483284632,2.949860957444647,1.7726121994502324,78.35926448454414,80,2.0509193943198234,1
87.48886423614697,17.76449668904795,72.18965035149641,849.8639255587352,6.267182131738884,1.7898228034263242,93.16691782700822,75,24.222557102677627,1
109.240270192069,19.685096877309128,59.1697263295098,970.4340558944525,5.496366243634966,1.4161906503777495,80.31848602326592,75,7.091314697687892,1
98.15097863557011,21.838372224749868,38.3253470292576,838.9177396846311,5.362511011344172,2.03911791312787,90.28514124485629,75,20.380188326475054,1
94.7727697948096,19.9235176142444,50.534157900817725,919.0895596445931,6.26519888795295,2.171907848761991,84.4696464071536,85,0.623945403348701,0
110.49009225836889,19.34852357858943,59.90260257335457,924.8188738969424,3.744531990307583,2.744190541276918,81.80518709922382,95,13.889276737659143,1
92.9565630945724,20.175110872453686,51.628136022669096,843.082685927462,3.2643691241449813,2.187800992475938,87.88924066618743,70,25.556058094553475,1
85.91538703636441,18.188423206289137,65.17758843400078,904.3862552628445,5.38423191651909,1.820126350681072,85.6111489697015,95,9.883001084524734,1
84.43370826476097,18.97038221947089,59.70525811548692,845.4220696353178,5.29327137544343,1.456128364925564,83.17339542093045,75,10.897860561240597,1
106.0600995134564,13.742622683284988,49.34819599387363,983.4625485033567,3.2686931903272463,1.5114851977338086,91.58797004885845,70,30.839957212654934,1
87.19570647503717,22.921178692557103,55.25811848617002,831.6730237814272,5.359521062140472,1.481748664211211,77.50803644023189,90,13.879959510853453,1
117.54794181984364,20.896393340965286,47.84933423488728,860.7661743460822,4.5997770476004325,2.7512168141797524,75.02543162019134,70,7.179188028844773,1
79.18070592116278,17.679632467899708,53.539320972700466,826.5464994986652,4.192911940262419,2.115124198770548,76.61884629094023,90,14.867948565621973,1
116.96456368290038,25.696204944065716,50.563254076539586,818.5380763879468,4.666576291717587,1.7668135122952429,88.76136595041777,85,4.425136412256199,1
102.11017467202619,20.26104944117716,64.39809440186431,995.4729174529376,2.5584714290815302,1.6160561579386943,87.25380010543049,90,3.0513332161883495,1
99.03286888129608,16.891569284074407,71.92809645464797,932.5664804347538,4.408625776608062,1.6575568638424314,77.37369050259808,90,14.029232774891021,1
94.55080913191051,22.570212264411374,43.55049333411398,908.4176055420327,4.295705430515795,1.7562802421974486,68.22674356203066,80,14.716570547461671,1
103.9913611435207,21.194144649527786,39.614269710321985,860.6053821991848,5.55710244693614,2.526502086502061,78.97077481810639,85,7.093206096345421,1
99.62365297575151,21.18373995645266,53.03862062518891,954.4567086628061,4.841769863489114,1.9880226211769,74.93367845704364,75,0.08842872394181238,0
111.03301882016522,18.72273318604523,42.85267440937054,850.5466536379528,5.638868873678882,1.4210134330904203,77.53032014255272,85,8.787858655820324,1
101.1422764866204,21.351487171334103,55.36969282936734,947.6183576598062,2.4504606552633192,2.924183709892149,74.72795476127041,80,6.590056548411987,1
101.50301761461877,19.214725129336717,60.991488910447416,847.6493234036618,4.160901777428952,1.543935544253641,71.95230961510488,90,20.052989316550132,1
96.36387787786144,21.667824354937526,66.9531351781346,861.3295378874597,5.555997051571444,1.763665876030453,89.41602184165451,95,5.8778717456268295,1
99.43054376278933,14.285166637968084,56.611156469722246,945.4969431670753,4.691135369426845,2.524057755053553,76.58165898028291,85,9.90393061143187,1
103.0780176889206,18.698379611062432,53.45475820120337,951.8296406493461,5.845460532974367,2.1660598530436266,87.06333901629584,80,8.829173770369803,1
82.89831607343375,25.166465293424583,39.172920667415326,935.8483760338057,3.1953970906107765,1.8120308001503163,78.89314545076572,95,16.95458373603609,1
86.51814577894287,17.6987976337991,55.20948119348639,837.0195530545923,5.7311108396894745,1.507453229562466,74.34597897723778,75,0.87202803034963,0
107.43264094022715,18.188485107520442,55.570298084395695,873.1963880566303,4.36086078221496,1.6133239564299893,82.54534194964502,90,8.28295338928331,1
101.70865438127942,18.656115984650075,60.111654513701964,909.4139244719108,4.263802915617326,1.6374015523694136,78.04471571533536,85,8.182687393723109,1
98.1601666364732,16.35558159233407,49.33209518776727,849.0431422853944,5.991047046927452,2.0028127191398197,78.96449447168376,85,7.1005947391955715,1
100.18433933065393,13.375157671315243,51.51957919811312,982.2577656077576,6.161901129956506,2.0764247269125216,80.72452967169885,95,15.026810871895952,1
103.47581705361671,19.30824080442916,43.17598195756653,755.8831833629672,6.034699696087282,1.940538148547463,75.93893582125655,90,15.623404643048278,1
94.60240319690638,20.407578272244972,36.669657544927475,853.2756290778508,7.038641925048266,1.9843144744302683,71.89431822939821,85,15.41844914188446,1
92.21695274597687,19.842484794384042,46.132023273625734,869.42600982781,6.266803608443334,1.5797107219222715,79.74365192632831,90,11.395942304079654,1
101.95845255097682,19.56536431415634,42.43739348597587,729.3633801136939,4.2045634162677015,2.1172544424895556,84.81958851316918,80,6.0244856414614745,1
90.21627222384969,20.129122612551164,57.69369836336489,816.2262521858286,5.14163812813565,2.5122074547347983,75.49204370544122,90,16.119951438398644,1
104.08252755714472,23.06852441465229,50.85492754666514,937.5173707525241,4.639802091515065,1.9348833273001727,80.76981133132817,75,7.693081775104228,1
82.9741639576216,19.42866144221235,50.69410295940168,901.8170181931778,7.029089859949066,1.9270853174282105,87.52753574274598,90,2.7471825080600194,1
110.29155637325644,18.27775226873819,47.1246956305983,994.3881613225742,6.104869954698709,2.033200420821139,79.55117556363076,95,16.26192045933604,1
104.72597482413043,19.15662354533574,29.13947653990053,992.7135867530891,4.811119863286544,2.4472819439037568,80.43047185897929,85,5.375915460024366,1
102.56029734313876,21.738040279270326,67.06648598998041,925.9827827162368,5.877909797753002,1.6421108002245437,80.27606176800192,95,15.49888234947166,1
109.82690983945514,24.236080635629747,46.99783581778569,918.7942949400427,3.7678015336868955,2.5803389342928544,76.5882778705347,90,14.90191347718367,1
116.65474444462576,18.115568782492463,51.70063944120074,903.955866514734,5.250261737645473,2.168488895774095,75.03322740783312,90,16.62974732462986,1
110.1437006501813,20.29680136108665,43.36086267768552,740.6950789272306,4.062077507396916,2.011472278279547,75.05368815339463,90,16.607013162894855,1
81.59125768668355,21.01507232580788,62.77544274752507,816.3264292004354,3.311407799372593,2.485295534665728,81.84091598503636,75,9.121221313381813,1
87.20423033264298,17.022265979813533,56.147431496298594,906.0405301859361,5.784536237529833,1.5271751704494176,83.78936180966372,95,11.80067177930135,1
93.75181422304321,20.061251501638754,48.38907771787305,936.9615425248603,5.9085910951875515,2.2088182144978834,84.02541119218925,75,12.033881589585672,1
100.26091050210833,15.602978427973715,51.86216310924781,917.3801887282884,5.457212636211986,2.172123825802647,78.10728573122269,85,8.109075610326249,1
105.17659020469124,14.692849088781804,68.42543937699897,846.4521019370605,4.817032959433499,1.6258179742424828,85.46654270465324,95,10.035218205628173,1
92.74256186846534,21.10023922367677,54.41624454494978,956.2443769481697,3.7336413451535906,2.1842552491815286,81.53681909755213,85,4.074330473468088,1
101.86766764477078,18.84837577600765,53.54613169907275,988.9466417252781,3.8386531292827524,2.1133220717521946,80.3537111089551,90,10.718098767827671,1
92.44617067646678,20.606841222863657,47.468948110885876,956.2793760174804,4.030720020261203,1.9285047521240264,63.303216686982076,70,9.56683330431132,1
93.88482197008052,19.94631506897495,39.84335079622158,959.3759597754282,4.766326708275076,2.3451270220921328,75.91295194196809,95,20.091629534770433,1
85.93338903151778,17.07079985400861,53.719690611365245,866.4464521226873,6.076178733604914,1.7712982990569341,72.39451048881362,80,9.506861888982971,1
90.76766753889096,19.86423709410699,57.60388089859694,964.5560473620479,6.0604042110786525,2.1081284983373476,83.13536753532054,90,7.627369405199399,1
86.48315394383667,16.300696084955433,63.79667571462136,908.7455183596594,3.351432400387123,1.9473304870178725,80.47516665965016,80,0.5939583245626956,0
90.24126747022667,24.172917074004204,37.012027724002756,930.6933317113203,4.306766663283053,1.754121270796933,74.64006806807446,75,0.47990924256739237,0
110.53641796607839,15.932088965420109,45.999229383815766,921.9259105694825,4.279838980428162,2.2011538740475087,81.52181279233831,85,4.091984950190224,1
90.50601111168056,19.412644187094255,50.3540712755484,892.7107736735753,2.4684168714987544,1.9169057010603394,72.88253816896827,70,4.117911669954667,1
126.32382064837391,16.873185235858255,54.97215321141439,848.3998514926619,5.5661209469499076,1.4107974165161812,74.78118450866208,85,12.02213587216226,1
104.93317900880889,21.711263520082387,53.83973046777262,895.0718001867572,4.7538401756814785,1.2795735581128063,76.4488933456753,75,1.9318577942337358,0
101.84836123694873,19.005705886155493,54.02649051450184,959.2056970489693,4.886857463369024,2.3156229872332807,82.70068160922432,90,8.110353767528535,1
91.41642219818786,18.44399984113637,58.26476846855955,873.5114516812255,6.345871058375638,1.5117599571092677,86.99720839601952,75,15.996277861359356,1
107.00309879408991,22.559604635154663,47.77365511376713,953.6008357564888,5.088309013284357,2.1117537973602425,77.06995775828032,70,10.099939654686178,1
94.24362173762226,20.088291775032655,62.473131537869556,944.2242402370603,4.569269535033982,2.02198075745126,86.61229320804138,90,3.7641186577318013,1
101.22009814645361,21.5499333378079,58.467619533595844,882.0637561788102,5.572077621004944,1.8525872892116402,80.2370177530573,95,15.53998131257126,1
125.60084538268795,17.056022190447607,52.441341886975366,983.3280062171746,6.0588718465755615,2.782667382886136,81.18069080462611,90,9.799232439304323,1
99.03940100275351,15.785549168217479,67.80726393511132,878.6671997285576,5.296467566049225,2.0718696073841785,79.68097721136277,70,13.829967444803962,1
111.49273326285676,20.321623886120403,67.45132828457413,990.5728117567579,5.689189598698149,2.302253393072826,79.01343123306967,85,7.043022078741568,1
92.96823574874112,19.043460933515806,62.46316284155047,926.0476188924583,4.854432350257116,2.1139264861359237,82.19650018369462,90,8.670555351450417,1
99.65011509503039,21.879304017361832,30.85154583545766,899.0480448927892,4.918142253640338,1.9073842307530076,83.70160593091022,85,1.5275224342232718,0
117.7080063563551,19.76027464201235,67.6315607417438,846.7319171797408,5.113020710298828,1.9923644999056234,75.57694348182073,80,5.528820647724082,1
93.73032942212232,20.61522601770389,61.35806817977547,894.7043861918975,4.2468790495673385,2.5834171062641933,79.05349765215247,70,12.933568074503532,1
118.12448557996929,15.129852410176268,71.0512691017035,887.7744291903348,4.431938385630399,2.435242117040172,88.34637548611633,80,10.432969357645412,1
107.07751935455475,25.66531081884277,64.8997167338683,824.5022168849457,6.377879641818474,2.78079457267544,80.88594327159262,90,10.126729698230418,1
94.37533224105732,19.507274044903905,67.62674141997829,886.94307463694,7.007956095862321,2.0886568371891534,81.43346927214574,70,16.333527531636776,1
106.3240773905552,22.092760911017596,62.02923880144303,851.7718091941748,6.59219791403818,1.6492251737197008,85.83634269483713,90,4.626285894625413,1
109.72554449626729,17.49172498934112,65.78954558916409,935.1595061387269,3.6767426432314525,1.823793222256075,77.4937775035767,70,10.705396433680994,1
106.21809962217196,20.92402970665202,70.95298992587551,978.3768285436922,3.5801424654150273,1.5248887232805635,79.83019689049374,85,6.082121305301484,1
84.29775280109544,16.091465709425766,56.73243790702565,826.3850594222855,3.809290568054839,2.306817651550111,84.0842244829929,75,12.112299310657193,1
92.72862824175131,21.35620351477901,42.422155647374964,1002.7384637020153,5.134387441879481,1.7656334735691008,86.19451115639171,95,9.26893562485083,1
97.52481364448495,18.932077746842502,52.54031279987886,892.2869379368922,2.1912754076423364,0.7778728214721958,68.17428353247293,75,9.100955290036097,1
99.25566570899954,20.0875715118067,58.1195647950675,841.4987169036891,4.411198433380499,2.9855102793319723,76.31665604552313,70,9.023794350747332,1
106.20672097550678,22.093922090390294,55.59910067497246,945.465286812491,6.407099289161113,1.7717595446046739,75.00817346825363,80,6.239783164682962,1
101.77701000933254,16.30237906633916,45.02750427072459,873.2127313046972,5.982438830728908,1.769363629805676,79.38087448303976,70,13.401249261485374,1
86.64655641289899,17.94652480816161,41.95145899844017,895.0957994381104,4.490905349426493,2.6686446770641465,75.38663611703267,85,11.309839862314512,1
103.80197851005963,21.371972843260295,49.070698650921365,875.7433053472753,4.5666445588293625,1.5166994196809938,83.32052749754955,95,12.294181581526791,1
106.10585745283824,26.294664423640242,61.46191644787321,850.995724088106,5.567241706806904,2.4546423546132665,80.86205170524451,80,1.0775646315556386,0
105.5979044793104,19.585752996015554,67.64271816658376,943.4398219441142,5.9352687552441985,1.7650230226303913,84.44595084677083,70,20.63707263824404,1
110.80780725554622,21.7734083537718,62.33254091022161,882.8219158263488,4.46686273226024,1.4704818221612566,84.76503978686785,95,10.773642329612795,1
108.33922154548904,19.67908559042456,63.459418296913086,813.8008924692452,4.765633978280563,2.6822871045512544,83.39543009207924,95,12.21533674517975,1
104.59180079228436,25.8267367842689,54.35347541469154,933.0636074529559,4.433990271479977,2.369238778825011,78.32104724444987,70,11.887210349214103,1
99.29834288541353,14.758334999104234,41.06334033835229,827.6650589385747,3.668650558624786,2.368000393806017,80.52138769378311,90,10.531791451352099,1
83.39039066484008,20.283863134008072,51.35823535293836,830.8043896394845,4.7802562519781855,2.1470622187155097,77.695630473401,85,8.593375913645888,1
104.29618219132585,15.123367899313816,52.92988470502097,971.556372298639,4.704072459791236,2.239640653231072,73.17632343015104,85,13.910207729234067,1
102.07687687163111,12.480285288389851,51.02358010531454,828.2196060473873,3.7393558840113443,1.5071367901007826,84.76893923543858,75,13.025252313918106,1
102.71578837195374,20.89238615935345,55.437558922997006,761.0133085843506,5.646080937637729,2.0446443428978642,79.57967686365352,90,11.578136818162758,1
87.2325142417969,20.41849338844238,58.5313580791436,937.3716890976897,5.483320678625889,1.628494799819662,72.48694017937693,80,9.391324775778838,1
89.18943459591738,19.145489186773396,61.82412150594798,881.7681942311322,5.695719700845077,1.444423792374778,82.684747855438,95,12.96342331006526,1
110.53152853332904,19.681417729880742,52.775041085069326,886.940692731713,4.231929644535632,2.1643813322832126,78.88025541188627,75,5.173673882515023,1
99.60444846143345,29.294898302213774,39.76992475484325,881.129976398988,3.016424321885353,2.463259822263818,69.70098013689561,85,17.998846897769873,1
106.81500697372624,19.225474585905697,51.13697824567092,913.9001963411237,5.4673311296456495,1.8466524703087743,73.13135363767661,70,4.473362339538015,1
100.2831837613046,21.530373083750224,55.34968317593587,854.836845485816,4.335887285370287,1.9151948430661834,76.49694420669452,90,15.003395325894974,1
100.29756139495743,18.05190554115836,64.78246337706727,988.5668924739458,4.109331866754299,1.5447397419667839,81.05256029221943,85,4.64404671503597,1
109.38283805975998,20.88569772512181,50.457537262527154,811.4261711814361,3.7429469253565575,2.002886858435159,83.94009992525281,85,1.2469412644084594,0
94.83955271782627,19.285298974833147,59.100349027195215,926.6924950006273,4.724677471912846,2.3040304449553655,83.76884465348779,90,6.923505940569122,1
100.96120776940984,18.76844455181081,57.32070319708346,938.527260232595,6.5773272970504735,2.316611094691109,83.01431477465151,85,2.336100265115871,1
95.37724711294958,25.456695596600973,55.35120426498711,854.4208943499973,4.494550478644485,2.218070470252373,79.82818814154011,75,6.437584188720146,1
95.65503772567685,23.531554889553018,62.44426655459673,838.5759332833309,3.910196955833066,1.7526275331221857,88.61116155299109,90,1.5431538300098977,0
96.90827876531361,20.41023994219769,49.71327042597935,961.0304528502094,5.651933401030028,1.7399483826291393,83.49935621999943,85,1.765463270588909,0
102.22133771633713,13.0873641921681,50.39850840285187,840.5483547589971,5.172812279771284,2.3181617892963735,81.11052684621144,85,4.575850769163009,1
95.21251378336522,18.91697233024229,54.904793415246175,863.600163554966,2.8806986323117925,2.324799572886693,82.8329405286518,90,7.963399412609107,1
112.55756125573521,28.10908269321525,49.8788279592504,953.2385377475848,5.662346319753286,1.9312020058272428,78.00482498422198,70,11.435464263174262,1
91.05392697780496,19.308015000080875,59.0640983284368,902.0844740123415,7.1284677685016,1.8295312369737258,79.71378199482523,80,0.3577725064684678,1
98.13128355838641,23.309652716160976,49.29446156507094,792.1713799422537,2.3994640725709764,2.46689883737828,69.59022980224219,90,22.677522441953123,1
95.60268941725825,24.325827205857802,56.81043366196108,1004.8235486732109,3.764293975977876,1.8560205340747014,78.06626168761198,70,11.523230982302834,1
114.46977884353733,20.656891747567926,54.19861784970595,868.199354473202,2.1514729113483937,2.298372889809513,88.79944007883387,95,6.526905180174876,1
101.96554776511574,17.474535104395542,56.719407718213645,875.8345626056149,4.924695579259165,1.9452627300567606,80.74187638643548,85,5.009557192428849,1
110.31844539468635,12.694063004651335,51.322068839495685,915.3470551395819,5.990386236611353,1.5809868875852,80.53369888680805,75,7.378265182410739,1
85.14439626963028,22.052489625826862,52.28729364378538,937.5046078202444,5.105500749796279,2.644924856009481,84.9930204757464,95,10.533662657109048,1
102.67050265869258,17.555731991529356,55.7680741439764,1017.666257477488,6.3919956981126695,2.0480255582925904,81.78912707811189,85,3.777497555162483,1
108.89630795623437,20.528451355663076,56.61659604929051,800.3959110356582,5.830550290330134,1.7157024080447667,76.06758097871703,85,10.508728260332903,1
100.82283989275425,16.25053898123191,54.96638467687075,949.5571325355568,6.702147323502177,1.4436777328899184,80.11828756095161,95,15.664960462156193,1
110.65480375065351,19.20428737858939,68.64289885210468,944.5805816430046,6.160210768107095,1.4839996807052664,74.32390437660743,70,6.177006252296329,1
94.82711549899628,20.10115716470316,47.07410465006973,891.770105347553,4.597056931390496,1.8508354383621595,80.91806085310142,90,10.091043496553974,1
114.0934744018558,20.805780743132892,54.48636964037829,947.2364216889733,5.06672645623484,2.7700515534134373,75.81125023798029,80,5.235937202524639,1
122.9889812361925,16.655533437942758,42.41096782306413,956.0564410581928,4.1313230845190265,1.766135248530303,84.64147306016872,80,5.801841325210901,1
96.37161439560342,23.590732846284055,57.97665182933909,817.0822329007798,4.769343831131951,2.5789819329384818,77.44879689114336,90,13.945781232062934,1
95.54497478599228,18.209315645804086,46.07802770898549,1004.9859903528499,5.06183167201812,1.9476945325587665,75.87648045432728,90,15.692799495191911,1
114.53384477117702,14.976591618640265,52.77351795298739,806.4742648117115,4.915092676464646,1.527539843559327,79.43584005844261,75,5.914453411256811,1
115.79572145730712,19.67292974010961,52.02348539734939,831.8810231256737,6.34225352630361,1.8107155246198416,81.82695909564856,90,9.081156560390486,1
94.77139972846732,20.10312592707938,57.247129012809374,884.2927395825542,4.66983193749317,1.4876048305050227,73.9633400158008,75,1.3822133122656055,0
95.79813182904142,20.48176829951528,50.57767265963856,1015.4964307912234,4.067913586442643,1.6576126192144582,77.39366701338207,90,14.0070366517977,1
97.18215391139492,24.086397211055235,50.23755441844814,881.5046022147968,4.130388965096813,1.645700775249633,80.52581152846702,75,7.36774870462269,1
86.55549488965723,19.290653489792422,66.48685171268718,898.0839665969513,5.655100271622531,1.2384784530074935,86.69184274768264,90,3.6757302803526195,1
90.81348053515802,19.641141126893686,57.27653432379621,985.9247162342738,3.5968615919110003,2.6051184275258903,67.35642117853112,90,25.159532023854307,1
89.95859233247933,16.69044685630072,50.51159318382186,881.9809114460717,4.798813829849083,2.0844068120889125,83.07581601841619,80,3.8447700230202386,1
92.32202434895872,22.46166050866369,52.993330625510154,829.2937972241594,6.327500245455421,1.7254886377527592,78.08217217796947,85,8.138620967094742,1
99.65315112613219,20.55292719223431,68.16283961816596,874.9659098857011,5.29259844574083,2.0887030985733555,77.52694826552165,85,8.791825569974526,1
102.3421473253652,18.73991681811751,53.118680973991225,982.2475100283466,4.925394610881246,1.6658078425431753,76.5943651993212,75,2.125820265761604,1
115.50500492814076,14.285975919603608,49.4857870147809,904.2518998233082,4.96408959636157,0.9315752138520977,78.18052208182871,70,11.68646011689816,1
90.0164595926121,24.333236585165263,49.520030798988856,1015.8394955433756,3.970435407772827,3.18267665329062,83.10408600455997,95,12.522014732042134,1
109.84322398476584,16.31696010663183,50.60698815208338,944.2760955757293,4.142865289565459,2.0758399506708236,77.31606764422362,80,3.354915444720472,1
97.86011155774491,18.226165971890882,50.24401822058622,861.311463816391,4.804818327085423,1.7643947842740941,88.29296007906811,90,1.8967110232576565,0
99.50536290347567,21.07503353322801,44.762817213206056,903.0645782679047,5.271273030109294,1.2264340753290266,83.11933392146203,80,3.8991674018275373,1
106.74819492166604,16.41032621414994,46.00639922442417,848.8069129114872,5.9481500118021104,1.4023400819429759,80.98986062576435,70,15.699800893949073,1
88.77277978437701,15.51947066524057,48.365437005109044,859.8940181610737,5.092560617171435,2.661796771821962,79.16971941091688,80,1.0378507363538958,0
103.82409746184051,13.628157251898006,59.73256814762478,1168.7450550615454,6.352774175754248,2.600775419519387,85.94927101914051,70,22.784672884486447,1
101.66452208213056,22.162990858716906,51.95010170181701,961.1174706020287,6.605198015209526,2.301286014399579,86.68009843379157,95,8.757791122324662,1
104.92451264008149,18.364441265821036,53.342706487247675,951.6658793404004,5.795267212482204,1.5539691846360746,74.19308926372878,70,5.9901275196125425,1
102.89168643907819,28.78181027741999,65.16070420203917,862.6091810815161,6.224981408055885,2.603989595190804,76.49050947300455,70,9.2721563900065,1
124.55300139910894,17.01693480310738,65.36005719950734,994.1750439768647,4.009286478611906,2.179913047177741,83.17315103196013,70,18.818787188514474,1
93.62260015748684,17.235646929713237,52.74300045489812,965.9649361075762,3.8508010653119378,2.261969779340614,84.68340472222012,70,20.976292460314454,1
94.69003044998182,18.303821089143796,49.95309191453273,1012.8972773614662,5.517973376290166,2.1784683777772984,78.49829725845366,90,12.779669712829264,1
93.76859473575236,20.729403965415468,48.0845574906117,1009.986848903907,3.6587901881329525,1.3972051261495584,76.28777570143748,80,4.640280373203147,1
94.44522880839746,18.589389983644065,60.5422061576659,811.2546427141486,4.709628155984067,1.520735619701245,80.39306312983273,85,5.419925729608558,1
93.62612872693482,21.836996642007534,53.3623421318217,833.4096306438056,5.771191905329739,1.7959127334366554,87.38346715372992,85,2.8040790043881465,1
111.89016531107552,17.064234830034035,51.908040877417676,839.7727310721818,6.413372924685207,2.2574558830132454,80.20517130026072,90,10.883142999710316,1
114.20504247989855,15.855224844609257,48.49068339889958,843.3635614000538,4.7457843497119345,1.4478271671027414,73.68029615087434,75,1.7596051321675454,0
94.29253706250523,14.605355781772678,48.842668727908894,919.4071418556234,4.350055704692309,1.9298614340223237,80.5479161378871,95,15.212719854855687,1
91.67644426895771,13.32927749618841,57.56046553194596,865.9917928742509,5.3204616215115825,1.9293561959347796,83.91374035614926,70,19.87677193735609,1
104.71415556386404,18.44579294157483,44.476493872901905,1024.355912445751,3.9264565564761105,2.317095875731031,79.4931134432512,80,0.6336081959359952,1
94.47776955719029,19.097059062820335,62.95894955030351,1014.2807929248983,4.826721351706573,2.269868614243065,86.29083406241955,70,23.272620089170783,1
106.32931817755511,18.10568891755045,50.72924284948065,899.6123043552576,4.991999951723718,1.595909628379147,84.32924517758742,70,20.47035025369632,1
102.029230208513,23.730217391561485,53.80291244598566,1017.3195729689874,4.972016007329205,2.578674467794921,79.69120538151823,85,6.245640727625611,1
84.84255885002769,23.684090628824404,44.304176334875564,989.2880776344122,5.088503473817882,1.5347040684998838,80.21572009820231,70,14.593885854574731,1
115.47505201330061,18.995591037666493,54.90107249406108,872.9576064493644,4.165485144427858,2.4368957767603,70.79120147408388,80,11.510998157395154,1
117.95877673095522,14.618236660424111,52.37343245847552,779.4470793584663,4.273007007381583,1.7799420406606408,86.05113362456082,80,7.563917030701024,1
93.87211309515614,18.299884675834843,54.599355209148264,886.9218969023563,4.2528837389673795,2.0655703813733486,78.35241325664845,85,7.820690286295945,1
96.12298440064016,18.200535818248817,66.77367118689511,861.3226721352917,3.379905660804943,2.0903949840417217,78.00021630361826,90,13.333092995979712,1
102.85865390724905,18.028595113165824,56.421584366321916,912.3903375087498,5.341830321846106,2.079082976283518,77.25073196736291,85,9.116785920749518,1
103.34456789987026,17.906843288305264,48.64272652683357,905.3536972124849,5.894657451692005,2.269799679373828,82.28348781245047,85,3.1958966912347364,1
106.5854427267283,18.039611312825578,49.30944071562745,903.7810595339537,5.796310082853536,2.156583799173413,74.35653499618671,70,6.223621423123872,1
120.1020453876635,18.84037515230672,59.761049487310146,931.4210844827498,4.737503139539245,2.3134596519482153,75.07913609143728,75,0.10551478858303655,0
98.2305277250595,18.09337670355333,65.38954632794739,827.2486831749793,4.188994760536112,2.1858479841380545,79.73737449150323,95,16.065921587891335,1
92.01702755461547,20.624967525876777,57.2553441660084,924.6816166541824,5.744314642362689,1.4942178964296624,76.86743334207566,90,14.591740731027048,1
86.20680771985472,21.081106147714582,60.50970195643816,873.6230308189796,5.638923022374552,2.1079196298231953,81.67616786686541,90,9.248702370149541,1
92.69069960058081,17.26806473845253,59.87790178669364,911.9989319918212,5.217420642436296,1.7744520389978666,77.05055360316909,90,14.388273774256563,1
99.66873027126204,23.8131959780211,66.35251530686017,957.4445907139313,6.744311252423273,1.5562950088370866,87.97518132187794,70,25.67883045982563,1
117.94557863517788,17.05981309447816,39.403278618191734,826.5360136067383,4.973574478632937,1.88406404292908,83.46728753392202,85,1.8031911365623314,0
94.82388700963828,15.146598158553989,60.33775151443623,883.1223808398258,4.743110016075112,2.0732942396140364,83.40443106189474,95,12.205862040110798,1
102.23787951638899,21.142334214095154,62.86988835122851,892.8879459582681,4.6001826689254,2.099870011195114,76.97519123089346,70,9.96455890127637,1
99.83577103927247,17.54777559675698,44.290210350915416,869.1438617057615,3.4391222935191927,2.4224098980561073,92.02839837219724,80,15.035497965246556,1
111.88393273448084,20.963874412272165,47.91465452794867,953.9897697679775,5.661339964142292,2.5229236475886307,77.80494492862836,75,3.739926571504479,1
125.26932425873622,12.78899419669841,48.19373801097477,856.7766984719717,4.894514632842223,2.1345123323029425,76.43094861354942,75,1.9079314847325577,0
94.6913122707968,24.177367824449203,49.16967842898093,866.6759760334596,5.509931241356795,2.206842550803764,83.53371298477674,95,12.069775805498168,1
95.10560557481777,22.016880224121206,51.146263592515794,857.4048520228762,6.84187800209124,2.0381236132702623,80.97614066470166,70,15.6802009495738,1
110.44160877069072,15.498570352510995,56.94082250443953,965.5233246863281,4.609248230095383,2.306890185459834,75.90807845379412,85,10.696378289653978,1
106.81891489626311,15.563668628461143,61.92539720933896,870.453353255267,2.6619912832084487,2.194795255534826,90.9792358104429,90,1.0880397893810014,0
118.46707325736034,25.016797712292583,63.65053566214829,927.6027234530134,5.481070369510772,1.9782047624568784,84.87799749096419,95,10.654739483195588,1
105.83928185325964,17.787860289506124,48.29741551065774,1018.5423060738044,5.166859389892676,2.86079302680172,80.02002650633969,95,15.76839315122138,1
96.40707909212941,17.49744545380213,48.24237601037614,895.5108947789648,4.26754612402868,1.7815266546232724,92.0055506554163,80,15.006938319270374,1
105.9065483069231,13.201843717552151,65.52657472012979,966.7236408019894,5.397266335621498,2.581782782683335,84.05390072144127,80,5.067375901801583,1
111.08703580582907,18.94766538319534,60.17395148334916,1000.2812450455876,5.786096320104376,1.4582828294692252,79.94049515103553,95,15.852110367331015,1
108.20482181197364,19.316841155492742,55.662918734951965,961.6314936024248,4.0533900897884525,2.325446614580582,91.40718822588464,75,21.876250967846183,1
105.07274031107298,22.146479290308456,58.78669340443974,898.9919210413356,4.698668138596617,2.5746273406907347,83.29492366737104,95,12.321132981714698,1
110.66674689589154,15.802764715446573,54.761569745188474,938.5264655399168,6.476753729848928,1.237112371596832,83.07622631160184,85,2.263263162821361,0
111.69295590445672,15.439139623278171,59.19667746438092,822.7572844118793,4.278377808770635,2.0555802292220378,78.0682618641975,90,13.25748681755834,1
113.82158991037527,21.35288790432943,52.31146642795407,853.1974105110029,5.066669755413785,2.2861656164976174,80.24706742849824,75,6.996089904664321,1
106.48709887589642,23.020190213681193,57.15043947551385,863.7194891020848,2.3755888339561153,2.1007854416512264,77.94653502067892,85,8.298194093318914,1
98.32881919683146,15.286542946646351,42.915631597044026,1034.4367272104569,3.518154498918705,2.151262374242785,87.19867873020726,90,3.112579188658597,1
101.46713686433323,23.244542258899223,49.49772564139655,851.244929144684,5.157517497332799,2.054489264950665,71.95292928291268,70,2.789898975589539,1
112.06508966508356,20.112625524460466,49.58391058567725,850.3513949242903,6.227987809585601,1.562300869455363,86.82935216532424,85,2.1521790180285154,0
91.83064329012764,23.275416017223936,52.004879734344684,837.364741185061,3.637970317998999,2.947218236862177,75.61328735651028,95,20.40706594051549,1
103.68673308872901,19.78933891544715,47.58789396176201,933.5887057158457,5.074564062060497,1.7985848546736802,79.71039398418245,95,16.094322121913216,1
96.0666118767264,12.43316624753615,50.73165099341534,908.557283560133,4.624282090946283,2.173664495511562,78.52391806087886,80,1.8451024239014302,0
100.28744822934817,19.544097853051884,42.88468750081503,965.2055386215939,5.953088054992493,1.741264129165829,77.39923756752397,85,8.942073449971803,1
112.78451862607298,23.18043145601381,59.389603811159205,940.2755799646412,3.782196694677415,1.0896547239917205,83.44892074067747,85,1.8247991286147465,0
101.91099068019903,17.318761942748857,54.339891848708845,817.1766091965559,5.430077648367485,1.6301948505004125,79.97405393335596,95,15.816785333309516,1
100.46436548156149,18.836105093277645,41.358339137791866,851.5633337993778,4.346309313003744,1.4209573230899448,76.66150619925557,95,19.303677684994135,1
86.40143859020081,19.471599489347064,48.32136071562662,981.9197248965493,5.223038024826475,2.436627015689796,80.76997765088898,85,4.976496881307088,1
107.46253566027221,11.301458360394555,57.692811420497335,887.8021053253917,5.068931052308472,1.757252793582218,76.51956636666745,90,14.978259592591725,1
106.45484181141076,25.01404272631243,50.65582442891368,971.2555090810807,4.748220925857382,1.7943634643280149,77.3111225049929,90,14.098752772230117,1
121.6325472330546,17.295872960308476,49.42446831889523,891.019143125081,5.477811846269384,1.5742677149585054,72.51368455480598,70,3.5909779354371096,1
96.92221765046999,21.517206297418397,54.40325858393539,841.9406143026887,5.043652734302961,2.037614159486041,77.74845503257619,70,11.069221475108842,1
102.19150327663938,19.739896591555375,57.74878028142573,881.8043533399976,4.867193697923305,1.7134165934554877,82.47102263197267,90,8.365530408919252,1
102.49383683710755,23.77285716907808,43.509180343686715,841.9170122670182,4.643583465977257,2.3969418924987154,80.18562458979018,90,10.9048615668998,1
115.77453279763475,21.218168367284242,59.40102784974304,866.0668342558546,5.0775983897453365,2.120815729235664,89.0753183448657,75,18.76709112648761,1
99.04704467613048,19.295227185437078,48.59765374714099,912.0555423939147,5.222043548146072,1.7712696857102208,93.06408736860652,85,9.487161610125321,1
102.7902152577034,17.31945472244216,54.85657625400161,930.6963054221412,4.0108579199193795,2.3400932207348077,77.67890801839638,85,8.613049390121901,1
106.0789650971654,22.393552104146416,54.716638874467925,804.5885206047421,4.650528762082623,2.003176209209295,75.83341121147856,80,5.208235985651797,1
101.86609123156359,14.37967608813615,50.78347105408181,898.9579195494541,3.9448140553688273,2.00859876227598,85.64908273179472,90,4.834352520228088,1
95.53566385449471,21.937671260827678,46.81072203095428,864.8030558664149,4.960154577219214,1.4149460385072297,81.67604121016272,90,9.248843099819197,1
101.94089992898307,16.70286574533538,52.714507615261894,861.0951114624712,4.407667795145972,1.9715655468858744,85.67937138507487,70,22.39910197867839,1
110.73631749859771,23.75685098586992,68.00264247260156,907.9610771479846,5.7707831479812555,2.1286178557271995,81.99415365602255,95,13.690364572607844,1
89.73484700588939,20.483898627988086,44.106599756290954,866.9728876386473,5.67272697775669,2.533426728879338,79.02821076662113,70,12.897443952315898,1
101.32969674146877,21.932371303550326,68.53850415283901,982.9282796908004,4.07725143643563,1.6992425480386708,79.05657475890611,95,16.78255288536199,1
92.99879185060827,20.24596644147416,52.92223063138774,971.2837125750636,4.997692654601525,2.9112434493542048,82.16388389183025,85,3.336607186082056,1
111.95046628924842,14.74286871457701,55.28297133670911,970.9096976365223,5.638516579248364,2.2227473267315943,78.9444305214257,85,7.124199386557999,1
84.76813095216225,17.417812509813984,46.30631350892218,870.305388270582,4.824691679835971,1.392235249586477,86.09750621598934,95,9.371046088432273,1
94.41078152728412,22.017168012834148,48.82984466658015,842.2500699048406,4.271782475194455,1.6619207543657775,73.48831380249402,90,18.346317997228866,1
103.7721187506452,20.49996745207953,50.97672279969585,904.9217957632869,3.9075964719552045,2.5683996656867274,86.07071818030548,85,1.2596684474182078,0
115.65524029234341,23.542969715917017,46.6344402329767,890.979098022824,5.854267561578363,2.4972916571849577,70.63299626041982,90,21.518893043977982,1
99.34249738927012,21.209823689111516,53.328656341033025,863.4706102545981,5.9027131482849695,2.007237392624201,80.72551143180611,80,0.9068892897576397,0
94.44800473306802,17.09989432789202,51.74387286554583,829.4559331999823,4.792052401125951,2.059967081223141,78.34478634688226,80,2.0690170663971763,0
118.8115706944059,17.611807586838097,69.80624913948587,897.5089218439157,5.766137584526677,1.5341558905096113,72.4182214817441,75,3.4423713576745363,1
85.51986099583756,20.30875217156971,45.67220651455631,875.7558329848516,2.034789470114659,2.528577096094137,69.69990291660632,70,0.4287101191338292,0
78.01194043379918,13.057867801999684,55.821524133988696,941.3008222222812,6.327554650709236,1.6048931652902132,74.51242664947415,75,0.6500978007011327,0
104.40014450053333,25.020325656868955,56.9827702552146,939.9063630912888,4.8430551947228215,2.337896444449367,80.2284216328017,80,0.2855270410021227,0
94.97945775647389,21.325240209132673,46.4374356107853,966.047988325363,5.141776560799489,2.5408169474660554,76.98907935610141,85,9.424612522233632,1
89.78767182869287,23.68110379114662,60.49461996362271,824.4422668871977,4.6794822763340305,2.0192622216878036,74.79525549414412,70,6.85036499163445,1
107.08356447299353,15.258188177572492,51.81338389694697,924.063498461618,6.395707481867506,2.3870445464488794,86.76140541461193,70,23.944864878017043,1
102.43800713771199,23.733695481065766,35.06088278733546,856.3520576259797,3.939268376044466,2.739055883210278,73.8390766103572,75,1.5478978528570715,0
94.35921369263272,26.694496733083245,60.27879689683652,826.7751473513349,6.4744603266068355,2.1071875196842953,83.39558665774723,70,19.13655236821033,1
87.19695601329106,16.037364933868048,46.064472927181086,874.2838657830774,5.396270920945111,1.9298792734272214,75.55501495808898,80,5.556231302388781,1
108.72457328280144,22.3142053847113,46.61780043088721,964.1222988080771,5.622664215918158,1.9732588569793934,74.38597033420719,85,12.487093724462135,1
106.50201177958661,20.00332983406188,60.503216663139185,877.660898785771,4.670795436671084,1.7028048389311645,76.98080686538555,75,2.641075820514061,1
99.00824136220618,15.366698455255268,52.2227081406524,993.9272795975468,3.6917808021036294,1.6937664829052508,83.09958023602056,85,2.235787957622874,1
118.46636996047665,21.47865191555561,62.342177204412,932.93271093122,5.930510765536101,2.176962705530281,73.14267121700959,95,23.007714508410956,1
89.29915233673847,22.500809614512047,64.68132876292255,876.3545712611653,5.311408351189331,1.9344200711402861,81.4372763025335,75,8.583035070044673,1
84.74474829075261,18.19662034199346,49.84057231742162,969.6029057343845,6.361623458308817,2.1310276707405063,75.19620001164307,95,20.84610525090203,1
93.08091930118755,23.49774956076567,61.34609996764024,926.7238063268571,4.806223679784302,1.4040255400589714,76.09616564876974,90,15.448704834700289,1
99.54413983644503,14.999709779632408,48.95631358885694,844.0464366931976,4.580768621101085,1.962952469925144,82.00320794520532,70,17.147439921721883,1
102.43339449322691,15.515731560651068,72.86492733705741,1011.528158134831,6.388088236640302,2.412047140036185,90.86741414972239,90,0.9637934996915476,1
97.5876394214367,20.409792186766257,49.45634396375028,915.5687293851886,6.911894164497444,1.5524302892095927,75.44491505006201,95,20.58429994730315,1
103.52055396514297,20.076155833916815,63.20869952768003,901.1277715191295,5.00934717636573,2.0066105656538205,83.59940291828501,70,19.42771845469287,1
87.48460575809555,17.850279534727683,61.7503202070526,848.668039805663,4.2472425031428935,1.2581562756406357,78.4364381138352,90,12.848402095738672,1
114.4376460407326,22.42878330791566,57.52870257687147,970.7722960564643,5.810530762789549,1.4778151910907305,77.62628272601602,85,8.674961498804688,1
99.17848821607431,21.592682942647848,49.635654708666536,931.0365256416784,4.7459794338293255,2.32306435507122,85.35688004875077,80,6.696100060938459,1
111.17295831588127,22.574417212802047,53.78882006446872,937.7542908177145,5.599262825400798,1.8762862826748201,75.78238594570055,75,1.0431812609340718,0
103.42725346377703,19.630590693943198,37.77129509644358,869.5481193884539,4.740724025621247,2.728829146215417,74.22943386602623,70,6.042048380037468,1
104.56753219153784,21.807740803935022,56.795360307058004,950.0460343146041,6.564014018211813,2.1729772441697253,82.30087897609543,75,9.734505301460578,1
105.69767280232203,18.663049090910015,57.79692264822708,954.7088156142481,4.3005104949493,2.21223826595573,87.97391898243373,80,9.967398728042163,1
104.47708560017315,26.16145607025979,56.067995352490975,859.8733056731327,5.48052966252196,1.5694071800420404,83.74997352645576,90,6.944473859493598,1
106.42722759867544,17.562362689634043,31.21355062965954,814.9805916191406,4.511298029767876,1.8459578492622188,72.96491309631733,85,14.158925769038433,1
113.29152530132431,26.315892288374936,44.87490843928151,934.8823835603355,4.718493438579231,1.706945527180955,76.92333478015541,95,19.028068652467987,1
101.9652116970147,20.104663841268227,49.0152721372107,805.5991830236557,4.587944345239423,1.5738233041797656,84.89799120788405,75,13.197321610512065,1
107.09003757588512,15.873467331293773,57.33327146551237,909.1209466702668,5.738608066093415,2.2655572504384542,87.905551089543,95,7.467840958375794,1
99.10264305712774,24.104238051465803,57.314711245143876,873.1652937127616,5.918363114933871,2.3458063463074716,81.1435566263721,90,9.84049263736433,1
114.40117215449473,20.377704165184877,53.638209664230565,973.1199126473352,5.557738828932371,2.1595748776669796,77.10413732946104,95,18.837750179514696,1
93.2360769794073,22.553372295140715,60.08196429283166,876.4293665539676,4.892016533254729,1.6687731227096052,88.2300941968431,70,26.042991709775855,1
118.00940432910815,23.67156775562778,46.7900609975768,966.4363783202283,5.140180031001592,2.132292014038985,79.62703207422416,75,6.1693760989655475,1
99.59842049355656,21.013866662435074,59.881880045551966,869.1474333382184,5.897721568459425,1.2349286394137373,76.9709571292282,75,2.6279428389709287,1
85.69224897881952,18.223277465561555,58.79793683871913,959.9994603035767,5.929311587207605,2.529203707483216,76.12533730912483,70,8.75048187017833,1
101.2810441491079,22.92714013300775,58.02043786270328,1023.6204926302099,2.309724368646465,1.4807399297450254,74.02490826505573,80,7.468864668680339,1
93.1894834252512,20.002266522363787,53.54367655131475,835.9171716980255,4.727777828227304,1.5518164070246145,94.167902147283,90,4.631002385870002,1
108.40643548988724,22.057573455825256,69.64595059865009,917.5221433038545,4.775741208560515,2.046116907828077,87.10478932730295,95,8.310748076523208,1
93.4737602069761,13.538808278625616,58.94556550791903,1064.9269449546039,5.669252564126162,2.081663824096818,76.71853341974861,95,19.243649031843567,1
95.5381656678522,21.340945151029555,47.25331309397153,903.9953296141753,4.933229182289255,1.9709005606192862,88.65912963360958,75,18.212172844812773,1
81.10459269054469,18.08424252456491,56.98644380588787,903.7072962137789,5.719183380949287,1.5559488236070815,82.66651086701576,90,8.148321258871379,1
95.47693680750923,24.95992891153559,61.01986701659375,947.3099368410611,3.9213392289694475,2.453339197441317,82.37054000659575,95,13.294168414109741,1
75.76120673371044,21.869262043667284,50.295131208605525,902.4648518456853,5.26005451546078,1.3256203195722998,76.41041484941985,85,10.105394294800176,1
84.16097176514276,20.71957323754789,63.71417797544879,797.5664403257668,5.900205653450494,1.406692403820622,77.42936410927027,90,13.967373211921924,1
107.60414656144297,21.458929980050666,58.05626964572809,967.9372424903363,3.5256171306818516,1.9572068912182075,79.7878798270838,90,11.346800192129113,1
107.85800158650832,17.004677441369846,36.26017329867722,779.8230951680885,7.513643468208903,1.494306407262245,70.17225502779938,95,26.13446839179013,1
104.25457561784965,24.869770071584163,57.39737581870341,874.9925009316995,6.19088593286652,2.48905011051037,77.56589928300465,70,10.808427547149506,1
90.33023856870787,25.974111255250712,51.751766764698274,972.4455449493989,5.001353302465642,1.5287141458348341,80.02244815616713,95,15.765844046139863,1
99.5228864385802,21.17874053164465,59.29743851633389,878.6074542814329,4.171591892761231,2.6228108608841247,86.54759453233619,90,3.8360060751820093,1
99.96397460909432,24.771210705720915,62.553718722014516,858.3782104521357,4.824914849726294,2.4140488663086295,76.91726226965714,95,19.034460768781955,1
88.41635310807457,18.292555403982398,56.561296377134546,952.7558343099937,5.08380235961134,2.4940222942030337,84.06069055557236,95,11.515062573081721,1
115.0339830176715,17.60865930132506,68.32201787155756,848.9331127899368,5.440662556812048,2.754842393181298,69.69753089964416,80,12.878086375444795,1
108.77362290575671,20.12277424618677,53.57034492349204,826.6664568244828,6.500660849460031,2.0324911696383063,85.83515087736367,90,4.627610136262585,1
97.79035826170336,21.304823115103694,59.998542584431,916.470839249597,4.523901530557154,1.594810161672017,75.49826516444118,85,11.178511571245672,1
100.26885838994531,18.81803995627064,61.439540589098776,889.0246020952445,5.562709837572561,1.9587968496925432,80.6513648453738,95,15.10382647855389,1
102.08382807947552,21.613304571105452,54.221232248858136,825.3796131486695,3.707570837399887,1.773333757836415,82.03171559589609,90,8.853649337893236,1
79.58265131575709,20.919168446220244,61.23019446382226,938.2171523996922,4.586399285674733,1.716323490994511,81.0508977867793,95,14.683265487600735,1
97.52822617479403,17.005079674126836,50.242616102702655,927.869256334634,5.376716847869359,2.060341374722733,79.46610120673017,70,13.523001723900247,1
93.18015752002202,21.556379052355165,51.61945264783025,878.4146990036621,5.691262491008804,1.8753183143169014,73.79241857313355,85,13.185389913960535,1
89.98379990105084,22.590584727564565,44.5000904773095,882.5200796325032,4.2467675233353805,1.6991161262732013,75.55229540855254,70,7.931850583646484,1
97.18899707114045,20.514407952771172,56.931272930960375,928.2235645205494,4.559208303988086,1.9018390429650966,84.98215971610801,95,10.545095035675773,1
117.97686526849523,23.457944309785077,57.60201340683475,971.4216851851239,6.460556635583545,2.219591385681482,77.01311270603293,80,3.73360911745884,1
106.4084286126701,16.347788619509146,64.43410526863383,883.0324073934405,6.161908619628045,2.3825668826370783,79.48352203318254,80,0.6455974585218271,0
94.28821010217203,21.403851266395556,61.329120034847065,939.2813095804887,5.208457217052366,1.3588304347236042,72.53956871454709,70,3.6279553064958394,1
105.72582781356158,16.489157880809675,52.721635546820536,933.9120130250759,2.7633548467792846,1.878719565468583,84.29286680762463,80,5.366083509530792,1
113.99355436586002,16.657755925300737,45.57456250132579,952.7584375625386,7.511132547690009,1.9434627178101183,73.40258479929955,95,22.73412126389521,1
109.24633682912769,18.10720749878663,58.46280322015979,902.3585519246079,4.980068438342755,1.5269919911089471,84.57981404301053,70,20.828305775729326,1
100.59630369920174,17.173819449277264,63.88602537931713,845.2604691560185,4.687432941978673,1.9521177067837203,74.68644119678282,75,0.41807840428956905,0
93.53063222294426,18.356012543776586,61.041479790431545,872.2500508080018,4.477640074145885,2.0591982438160112,85.07254015163888,90,5.474955387067916,1
106.9822331361359,19.357549067866433,63.675820198858304,920.5712079468989,5.376367037199109,2.2075338181123962,80.05096457653163,75,6.734619435375502,1
103.9348538542175,22.511463458994154,53.30488375041406,1009.1078627028955,5.38658258917093,2.0308632102526682,77.20621301776455,80,3.4922337277943067,1
108.95193220027733,19.036522883882892,51.26704825459483,870.9588226082233,5.950627873126512,1.6476202360009777,88.00200877724062,70,25.71715539605803,1
106.35171801681969,15.243122879691223,49.10478918214561,948.2872466116439,4.0739378356509865,2.804812011028739,79.65572503590883,70,13.793892908441185,1
110.49552715319335,23.42020353948548,54.552828267091236,880.3166129593944,4.687505121858739,2.331650708648639,78.1909385337201,95,17.693748911873577,1
94.64764788439432,17.48872959915488,54.37127363224945,906.6281253531681,7.030545723224202,2.2210878978599466,84.54558963799005,70,20.779413768557212,1
113.17394065634326,19.823838718686115,56.65342102831293,990.9238049558155,5.224590633249992,2.4019325028043745,72.59771444240002,70,3.711020632000027,1
101.975996046924,21.339609520822133,53.96562034371594,945.857554885226,4.8274756266732535,2.097843668724191,67.36417197991703,90,25.15092002231441,1
120.75260872625266,20.59883125520835,53.93097816218583,825.5220436355426,4.058382234416298,2.514520354208782,85.78989986818438,85,0.9292939625698562,0
93.10812181910433,23.282538642564425,48.78644757622285,865.6514985713045,5.505934305820752,2.0227487801143056,75.81848960673985,75,1.0913194756531273,0
117.3596380316525,21.437009430178275,62.532952108411926,975.3732806664815,6.031018217042444,2.0006989841096736,84.3231121269325,80,5.403890158665625,1
101.97910783462648,17.416071260908677,55.61214449794969,908.5126825577097,5.874587645809807,2.2540913915164817,80.2308118588901,70,14.615445512700154,1
93.48581996385552,26.535686521974984,53.60444852571774,831.0695928230482,4.741199136391083,2.630543018516369,74.1800526793626,75,1.0932630941831956,0
95.16114165945679,20.5830003900147,49.02056597400636,850.8628533015767,5.361252283363536,2.604819446115723,83.03641209837099,85,2.3101034136811904,0
96.7965269180568,19.55797932013548,44.34469511687131,942.2096113626703,6.6716594366486115,2.2371390393039983,77.94914904884462,75,3.9321987317928233,1
104.24165946401916,22.891776269166712,65.46371354039475,959.6646168730579,6.0708822921714685,2.20664474343072,74.61329831846744,80,6.733377101915697,1
105.228354880355,20.748352837790218,59.43710966505446,901.0713180889304,4.2158372578066805,2.2784169644385943,74.74351813901623,70,6.7764544843089025,1
94.26299996061421,21.19768457881798,42.00865725944026,1048.518828056166,2.4539949353785304,2.394248365334639,71.33580622914135,80,10.830242213573307,1
99.75645407739017,27.476551995802062,61.10513840567725,949.4491418073383,5.296772507084235,2.519492775765297,82.01512441091369,70,17.164463444162408,1
121.42270358611864,19.17463571523486,62.37984936186487,885.391135822026,5.798568126748433,1.9053663663984601,75.32299627777404,85,11.384710261442308,1
117.27543170100711,19.046717317947813,55.995008978407434,851.0576371140394,3.9107755081267372,2.5272245159349565,79.82638936147572,95,15.9722217247624,1
104.36323669674032,20.349735536037393,67.78488716601407,841.5069417216575,4.991210477877222,2.1371980456285224,79.09138752743813,80,1.1357655907023378,1
100.380034781682,23.214547806743116,56.733757136983066,920.1252792288221,4.7363009341269215,2.26037264899998,75.29221659410165,75,0.3896221254688612,0
101.20031326718261,15.480397909428802,43.66541177640648,870.6733773051956,5.104286322232199,2.552779728613598,72.3855014293059,95,23.804735337572733,1
106.13517972730416,14.103332325570484,57.92135200838657,1000.4246252390054,4.455303712880288,2.2988249000362715,92.66855414565065,85,9.021828406647819,1
89.77207434801595,18.238654188139556,56.959178413701835,987.9787081750716,6.290510997627994,2.366398225261136,79.75733737010876,80,0.30332828736405304,1
97.42623462576655,15.098231122822138,50.17362520977476,937.9839928498336,5.147968880632763,1.8442325866870315,89.11691476380149,95,6.1927213012615905,1
83.3141592612241,18.725505957423085,59.5884706950194,829.2602296225863,4.12098311383525,2.5993246174998723,85.82468391863395,70,22.606691312334213,1
103.9922312260528,21.50749908838787,41.658677870473106,859.6668676468557,5.91746215359372,2.2782746844304502,78.39417349254796,95,17.479817376265302,1
106.4719593970274,17.32775340934321,62.924534619542314,975.340651544466,3.735812404008295,2.050426287136199,80.90482318669905,85,4.817855074471709,1
95.16813537700627,15.719520269655973,47.97502637115638,866.2160280122939,6.2844943775351325,2.440429754757241,80.75957890983574,70,15.370827014051056,1
115.73986763290033,20.208011485146045,47.12043099906374,967.3285040351715,5.991059424222564,3.0351321991041997,89.2210034446622,95,6.08315426877663,1
87.7423433699766,22.58763045384551,54.089401821540186,928.4762353820856,6.389775295320786,1.5324301992712261,84.14916845821706,90,6.500923935314376,1
85.3562511979018,14.915079684450163,58.46378342434909,903.1030730887912,4.841753627558385,1.6785069508306871,75.96363626986864,75,1.2848483598248588,0
102.24451818559972,22.46069719491795,56.31139250874744,857.8300312238736,4.5038860202166235,3.074122123534354,81.75809418277362,70,16.797277403962312,1
110.47098302612154,22.45191861121498,49.05872667382097,894.3453693885149,5.084021760933093,2.1706779369217495,84.02157170710126,80,5.026964633876574,1
116.83927691457869,22.862255306469883,50.95128567046489,911.3788772924938,4.915563213644469,2.076347871452627,74.12340475547462,90,17.640661382805973,1
95.4111573713106,23.65544064461506,45.93566122098031,961.9523338980673,4.347263714436488,1.953845703335134,82.47074672402675,85,2.97559208938029,1
110.78680833431295,26.60604177397885,53.20256078696104,846.8558639619747,4.446376685874357,2.483374400388576,86.7274447810256,80,8.409305976281995,1
99.61491530499293,18.931723854142835,63.60016971608728,884.2309894484331,4.633627152733536,3.044498923524115,75.71263674187426,85,10.926309715442043,1
98.2737270005918,20.328714740233575,54.96589649884899,902.6893879159371,3.8299963135601374,1.7339245837066617,76.40340716207746,90,15.107325375469493,1
108.83659937486672,18.750684700255924,61.87531403807563,939.7607014611699,5.677963289599335,1.9612493091242664,85.8023625267367,80,7.252953158420876,1
106.52322878413419,20.00593053426743,66.64321070180954,845.4921397486333,4.947702862428994,1.8597091485728536,78.22881843546753,70,11.755454907810758,1
84.2360784301575,24.598620066908936,50.29585184770426,821.0058124267671,4.691621530766353,2.2931459907277114,75.08995793290451,95,20.95793901799525,1
114.76540349725896,15.964956548207994,53.507413975557085,940.4379091026029,3.8896458390583226,2.48895737506023,84.41136521517038,80,5.514206518962972,1
113.80091354147451,17.416850983503274,72.36954288849996,808.9230531031978,3.839627022332535,2.6483731141332467,82.8842711836292,75,10.51236157817226,1
93.7443729849047,24.131542809513682,66.55474729583956,977.0987828857301,6.935914050722412,2.306687313048112,80.47196953748039,70,14.959956482114844,1
103.95803533437409,23.06010952070627,41.62076379350118,890.6444341510255,4.37274253713843,3.007733116497447,85.62291314224352,75,14.163884189658024,1
104.94030186282738,18.910605059548764,58.09718652848725,807.1481350635332,5.610528394209327,1.770098806717035,85.97817621597278,80,7.472720269965976,1
102.60673765823907,22.56320600336216,55.004479938717566,871.1747868357903,5.162634469900177,1.6661837790269183,79.5858854558861,80,0.5176431801423753,0
94.4969484615458,21.0236475274761,61.611624886870096,922.7474179841543,2.2248115388918976,2.5877377173264837,89.87163193776352,85,5.731331691486499,1
93.28376632061948,24.500823827002964,49.040169860119555,868.0379347467014,6.7924508231385925,2.0491329278385346,87.916949767135,80,9.896187208918743,1
99.74445929008554,20.22352878148032,48.28313302367462,901.2017849294608,5.684083978776116,1.4496238706338875,70.07850775054695,70,0.11215392935278194,0
111.72729019259364,23.076896341617747,49.591434277651125,944.4047019423172,4.232329845695191,1.8735748113450204,74.84941288283409,75,0.2007828228878831,0
105.43600154594432,27.92603573147786,50.42457163041254,887.8685798767428,4.971633495570405,2.1022634616389095,68.72354090178881,95,27.65943062969599,1
96.29385667913894,21.7942974651424,61.52259333447211,843.776539412032,3.8508166325963344,1.741500704837058,78.37642502637622,95,17.498499972235553,1
107.71698710648344,20.14798449738453,45.55039061480896,882.0609601576896,6.826220478461134,1.5941357251621644,73.94390900849969,90,17.840101101667013,1
71.51457379369924,22.16734095566294,50.01908880032545,984.8904081875556,4.092342291758536,1.9169483453896496,75.92840800630162,75,1.2378773417354978,1
111.48765700372104,18.904157425388345,40.68790087598847,1001.1038607199911,4.476916003305341,1.5741866318553155,85.45284073391436,95,10.04964133272173,1
82.60286221221901,27.163903116574197,63.056942587298984,778.8044295634635,4.270438921852409,2.254052415592093,71.2258547013246,95,25.025416103868846,1
96.37559058596868,20.540213113087944,65.16824079544912,965.4616745514886,5.0803794002091704,1.2224780612428614,80.64867870515407,85,5.1192015233481545,1
88.80330105373856,19.18120003932346,52.383412553089705,915.0088629621214,6.370316500139314,2.036169971186169,80.61838221240207,90,10.424019763997702,1
87.05318524279095,17.49293298493989,52.616405081494214,955.438960747209,6.789374449095158,2.207803955243321,79.58805356223928,95,16.223101513432336,1
111.6082678737852,23.291660574819314,58.62577521826318,866.9707043839422,4.601003855777703,1.9637835041006495,80.65389340989887,95,15.101164831685399,1
95.32298798688109,22.601562238483215,66.79585605902605,793.9041894299108,5.378258982317923,2.4372891588283494,68.83859144792119,90,23.51267616897646,1
103.46503881730716,18.50793688575772,58.268885980511335,935.0693273188477,5.0819054126040735,1.4517755063183457,75.95222742101154,80,5.059715723735572,1
99.53079421120816,21.72935403536727,49.41966446019909,843.541364323037,4.018390735555942,1.7195641994495543,87.71500432628694,95,7.668416498645321,1
104.77040827223121,15.474332095361431,42.04941942410848,816.7024541109089,7.422555574595944,1.8679861414996441,74.01564457245159,85,12.92277109123342,1
100.76821891060256,20.55491172521947,46.0789898986921,820.895917051592,6.362759562296255,2.2850898277637226,88.333054067821,85,3.9212400797894063,1
87.1700777581143,21.358269056230082,55.585755602499724,936.05482694492,5.189115849711035,2.087403034418448,72.96588794110797,80,8.792640073615043,1
109.9626681944714,25.12198942867767,49.757379814393644,908.3671479617518,6.5818760934989875,2.857346393096967,72.3647968379384,95,23.826529644275368,1
95.06243416838687,17.68754359181393,56.55974164792607,946.9479613124804,6.212106712717805,1.6776856412104428,75.24110591367952,70,7.487294162399312,1
84.4341810134025,16.16494211359303,50.57660787011013,940.1445152697819,5.081861341081756,1.4420044405677395,85.64541484143459,80,7.056768551793232,1
95.71884839034088,17.313716117224875,46.53482854964471,874.7439861249741,5.325963605327993,2.7156355931732246,77.26939585125311,85,9.09482841029046,1
115.00759790634311,15.99029449905524,45.583746948375435,895.7715855673526,6.512126142376654,1.4276565664270469,81.72703494219571,90,9.192183397560317,1
108.50221742113493,24.00997207327695,67.49883607498583,869.3137482730476,4.05384641887032,2.273225084559618,80.36818461008602,70,14.811692300122884,1
96.5134786559214,24.64591788507211,62.11190199346915,887.3803336280705,6.673690697321339,1.6085319831912124,79.7276890863484,95,16.076116751212204,1
96.50742295681572,20.960649733846488,68.84414361462366,841.964715721136,4.774887439314884,1.1722726596609256,86.37059046303787,85,1.6124593682798485,1
96.78364948782617,23.663884837055445,59.31960720604082,923.4290576324601,6.524676742847567,1.8500864824747072,83.8575897049352,85,1.3440121118409487,1
120.76747983560841,20.401875141740707,51.56006873108129,964.5072449389054,4.99477340253718,2.359799984990864,74.28548401418811,80,7.1431449822648565,1
103.81935452231554,19.7146650568977,65.58672737991951,851.0032182107408,5.337606222472972,1.5112915646107705,78.62214608204168,75,4.8295281093889075,1
104.3004164719107,19.000887142838714,54.73545598910586,976.8761787240805,4.965691643427541,2.2304378912579326,88.71719910015416,85,4.373175411946073,1
110.30283454031843,19.068827025867304,56.76673416232282,906.8112897886765,4.468156377188772,2.305145424474581,81.59780894583967,75,8.797078594452898,1
102.38789159026514,15.356595331072906,54.65740496739585,914.4647385843488,4.729945101855688,1.4913239433922783,72.4607701795434,70,3.5153859707762893,1
97.40957854179297,20.792764290822017,31.424766245727884,798.0342288235489,6.379111403168567,1.9088954845150519,72.81480548811605,90,19.094660568759945,1
98.03650150915021,19.87899826935787,67.83788009835882,791.564261426056,2.6858360173275315,2.6308299289308654,84.45072654283112,75,12.600968723774827,1
99.28398740585936,22.236082172233626,58.928031567662025,908.6469817667809,3.7610340551951627,2.2602370479854974,83.51218658588031,75,11.349582114507086,1
99.62777763490159,20.280570489315828,57.63858448694808,947.3839274779205,4.274528290641898,1.895403014169592,75.39317212431334,75,0.5242294990844508,0
107.2762954363698,19.511888895292724,54.50579150183552,859.7171733813028,3.921655207563979,2.166118192501568,83.73815089487174,75,11.650867859828983,1
100.519458858073,17.386420909977108,56.30742256308905,1000.2056340349853,6.509979610415489,1.7258946766118208,87.99696068359624,75,17.329280911461655,1
107.3264007721558,20.216459710465283,50.22176851323002,944.0961584552589,6.257676977853205,2.44547827135401,87.28929419830301,70,24.698991711861446,1
99.19283419891417,22.214711692448486,59.93263481845817,845.4995248975209,5.592031809394616,2.445304025840856,88.02139018411228,95,7.3459050693554975,1
100.7863519031609,16.569983026748417,44.54321324480694,901.8509200232104,4.362195932522464,2.048362366034422,82.77744387531402,95,12.865848552301031,1
80.01799315467892,20.262421261042217,56.488547459764376,1048.6157480234046,6.335051866794137,2.0922824625830776,79.11170090435056,85,6.927410700764051,1
109.16327674702481,20.69912885458845,59.49258776456884,825.4461598320177,3.411870074004456,1.600481249997731,77.98759959766582,90,13.347111558149088,1
103.46488475897992,17.845805649145206,53.41064692941678,931.6961963349063,7.141982640147936,1.4591854291728683,79.91306555693578,85,5.984628756546145,1
109.98010109859652,18.236431085276,57.966942339768195,880.6353268365995,4.315370202822449,1.8493581024233876,75.61988347771567,70,8.02840496816525,1
71.03744621806311,20.69183254629864,47.069324862125995,942.4137774551107,4.737964778158561,1.9650393161235287,78.20350637740485,70,11.719294824864072,1
120.88374704780728,16.59973694512213,47.27338583283229,976.0364187791029,4.570656149505286,2.4250509989551956,86.375598741488,75,15.167464988650673,1
98.60410371844826,21.049771145748178,56.893736968211144,876.825774677318,3.926892585901323,2.3689711002473244,71.95464495781253,70,2.7923499397321905,1
111.08182816737516,17.3139368790224,60.428397236968415,967.1347363024304,6.925113123936919,2.0739331553436373,72.29665137154291,70,3.280930530775582,1
89.60094072874469,23.18856107909965,40.00107475598631,1033.2722036563177,5.788894630784487,2.4762155937491146,84.15265302209214,75,12.203537362789518,1
106.12773905062569,27.013483236164898,59.176165080886136,903.976484240654,6.215470542079787,1.6226055284742387,78.24913537658263,70,11.784479109403756,1
89.46584436826343,17.417729594894542,50.6543879969893,947.0933212496511,3.7763307279392286,2.430934754911348,70.37178487720833,70,0.5311212531547532,0
93.76231039304194,21.602623587124025,53.4575513015407,864.5735537878035,5.180937827004,1.683828514260213,79.69332921829779,70,13.847613168996844,1
119.14031353866787,17.819774285353944,44.283856611479706,901.1555585418728,5.521028689331404,2.495877812025697,78.97939207593197,80,1.2757599050850388,0
98.09317599236654,23.12286252139337,48.18706207850634,889.3994944375055,5.270756523549843,1.9946614140920076,77.84457761754334,95,18.058339349954384,1
102.17432873179723,16.204224772744354,62.72900260424249,947.8161555395158,3.8396265489320003,1.200685329384905,83.42853013240742,85,1.8487880795206861,0
108.70067730688754,21.441760275283137,55.2629069918417,972.2805561454155,6.075500021130637,2.2920628656125768,73.33402215604201,80,8.332472304947487,1
104.95681887972604,17.38103309933194,51.937772786323535,893.4207090529525,5.121550082785155,2.323818303800312,80.06492707429797,85,5.805968147884742,1
101.50418905143576,19.379046232704894,54.06809317895172,992.0173707439754,4.045035964356997,1.817367978204567,78.94513752693781,75,5.260183369250418,1
103.64961002466225,16.90692417455808,58.91369459731441,991.8028464936978,3.1447494604473363,1.8514961686423932,80.18912613955852,75,6.9188348527447,1
124.03415585238275,22.467051412687262,58.523955969306705,950.811224590794,5.60666651348988,1.9361818880461585,71.33906920931639,95,24.906242937561693,1
99.42381202966415,17.48905893668124,54.39978399682559,869.0384080966963,7.450455734131501,1.2299392749494913,77.38675555929996,85,8.956758165529463,1
102.01099046714968,21.655892777995483,63.74367288717335,863.2902709956059,3.9847457266537187,1.0541087307619426,80.09884595518614,85,5.766063582133958,1
110.50654396007612,18.967705915213003,62.763701095253325,851.2571187185977,5.170447050412966,2.5206502552521557,82.70579818148948,95,12.941265072116332,1
111.05525932957984,19.65658288460341,58.306976233043166,956.9499642142897,6.110497279091577,1.6703729330357693,89.2319825270625,90,0.8533527477083346,0
111.8703030556038,20.443267722200385,55.436894263280564,827.2939075506381,3.730347733898699,2.7421056438305453,84.0297419436951,85,1.1414800662410585,0
106.38730222029184,17.714525985023453,60.258568760956315,940.6102592466605,4.520043230914975,2.5481607204555656,82.30577600316708,85,3.169675290391668,1
88.56995087269516,20.63110134062266,57.51413937440947,835.1334391305533,4.139841220738598,2.6268781257078957,86.35737396140189,75,15.143165281869187,1
116.33431532301096,24.591003693063232,63.48640057444758,949.4127671905184,5.984676694824546,1.739880419013138,78.48088776728383,75,4.641183689711776,1
88.53654606981311,17.66571564250186,62.19649101390646,901.0331749638336,6.325522569354059,1.3566395252277677,87.76964081817428,70,25.385201168820405,1
103.02635465239034,23.515430429821535,46.85396878865817,980.0183137115896,5.159036264731735,1.565247077362258,85.59636395031058,70,22.280519929015107,1
92.45724149980641,24.494292900463353,46.31229463406635,968.4872746992762,4.158265931005899,1.8214181091388353,77.77061104678769,75,3.69414806238359,1
99.35861653407008,17.55153503291587,49.39000364476739,986.1039247201267,4.557209062072152,1.050708106859744,89.61977587866646,70,28.0282512552378,1
103.2876241030348,15.634836184728345,62.80910952053537,987.6491230973468,4.369501485753247,1.8098297243503332,82.2346765745334,80,2.7933457181667443,1
103.21357215450273,20.905882700515296,42.38952802583003,908.6178500392919,4.022731138376994,1.9193287889955557,90.96484488030869,80,13.70605610038586,1
104.21920754235285,18.357777431699382,58.158059112863945,830.4724160145237,4.897961799181536,1.4822316113653222,81.51591127141653,95,14.193777609035235,1
116.13711269058648,25.605809657489008,57.90034472874369,836.8486167001573,5.5748264844618625,1.583805960701667,77.19035070244682,70,10.27192957492403,1
104.5353430151398,20.104422621499495,64.30118446948954,774.7890882410437,5.4902574444285195,1.9117605915276792,76.16231678323297,70,8.80330969033281,1
97.55843364709351,17.593401775894463,56.4427095253111,834.9800499943144,4.991767635430489,2.1425146193241207,78.2212827263353,85,7.974961498429055,1
109.64087168288357,16.558521466964866,44.25432487532879,904.129419462279,5.0570538368253635,1.6436709327999022,77.14352528985167,85,9.242911423703921,1
111.89470488924641,23.26971487727249,47.325160314815015,866.4207491504902,4.918449204910221,2.1169010438305076,86.35694278479347,80,7.946178480991843,1
87.72392184863007,18.28644807774744,45.5440358248174,889.1918637354089,3.7027884608337267,2.054738403195142,79.85512877724874,95,15.941969708159224,1
105.97400069849859,20.131486398381284,50.69644826933488,929.562925167684,5.160134896982872,2.0187543436073563,71.92988663718795,80,10.087641703515065,1
107.01172742310898,22.867408235337443,53.536787460608586,881.7560845160546,4.41637441454535,1.7391943504573693,81.06502157935844,85,4.6293863772253605,1
97.02436496640009,18.54722494420751,45.67646779023154,832.690271975245,3.6526567808405623,1.4666481615858469,80.62756521555143,85,5.144040922880673,1
113.75706813311619,19.86221351377952,66.76529592521831,896.805979946194,5.370705567115584,2.678580791960296,77.65696189415495,95,18.255829585100056,1
98.49944412967473,19.95029477053244,44.397749024380474,846.0905707936294,4.388269963581455,2.2521223665829706,81.33796010992135,85,4.308282223621935,1
101.25576453471542,22.049973534548275,65.76882739089984,883.7528101812562,5.227753921258836,2.4022926612242954,79.77945283435551,70,13.970646906222155,1
98.26928175716131,21.77223300653098,64.48130425151473,980.5666178653802,5.847637815069427,1.966548126064431,83.16882683688283,75,10.891769115843772,1
100.15579047581467,19.339658806235516,62.18642039751228,883.7696817542295,4.049761278854768,1.9343898230959449,82.87489469341611,80,3.593618366770137,1
89.03724913104799,20.190947184489552,49.449867140025994,1006.2574532008647,5.092121282072972,2.196263872290155,81.82451428199536,90,9.083873020005152,1
85.59949117405705,18.884662965429534,57.73960703341521,985.8981592162781,3.1895771182696384,1.2661246598191018,73.50572048114968,95,22.625557388263495,1
115.94505063224972,15.567162779241666,44.781030931595055,865.2416814852575,6.5325330906092764,1.554142612258742,90.59508364071156,85,6.582451342013605,1
91.53038651681672,20.772802572194387,62.28725628026999,833.3325740150534,3.640933503111218,1.680890048788651,72.22007148333844,70,3.1715306904834915,1
90.08607650543694,25.676575282499204,54.40812174770985,896.8467502847884,4.485180337602626,1.818173430983295,79.35645411592455,80,0.8044323550943134,0
78.46609886396286,17.34884257792681,51.72543828330652,969.1996658038133,6.338379903763958,1.6481217282119383,74.52783324325598,85,12.320196184404725,1
93.61038252310497,17.68091087119189,45.21004122674985,870.5885456262787,4.765477073919014,2.1331228501002983,81.98169080830063,70,17.11670115471518,1
86.76910206592501,17.387816685068778,35.17995105096787,954.4854178957283,3.8026023136997,2.0325788937851343,80.69202862403654,80,0.8650357800456732,0
116.42015160136368,22.173775336169367,46.691673143713956,972.5063993481652,5.713073232286535,2.557145875900551,79.15616957689896,80,1.054788028876299,0
110.09817089342634,21.34545636258932,63.902385564903255,853.5584609782436,5.690532462151185,2.989503662845025,87.58886391968926,90,2.6790400892341557,1
93.11849654822277,19.52438692275063,51.777332572201566,859.4369347026848,4.366813660634767,1.4948599039406267,85.54247958588559,90,4.952800460127126,1
122.52435805344308,17.245942815083104,53.64536914307962,942.7597219276204,4.475073479219601,2.058922085587378,78.36442328454234,80,2.0444708943220746,0
109.81765486991594,20.27713037491977,60.24443486630762,909.1108529784942,4.564591029381914,2.05821035128279,84.02067320958128,70,20.02953315654468,1
96.75168616491378,15.306133617992588,69.44535102493012,858.8363084073793,4.792976039313968,1.994320772094135,87.82340128919228,85,3.3216485755203244,1
75.00594285126428,20.43027970057248,65.60003723956511,878.8691731128248,3.107028923078193,1.5660701716137992,85.50672519771481,95,9.992920844510722,1
122.90942572590741,22.614573158263802,47.2213199694705,895.7688268363548,4.818576138881901,1.63312102174298,79.31890707266248,85,6.683638738044137,1
86.10427533236404,16.246402590098967,39.45943542850075,806.1087345026724,6.783914198183148,2.0961622447664476,72.04849549285241,80,9.939380633934487,1
83.54601253043108,15.402445169511008,73.87691407280083,945.9385863889618,4.104030032763296,1.6218599706771053,81.6232395245993,85,3.972659382824354,1
110.2257043200964,24.73831367508458,73.15193289327563,871.2784686636485,4.416506406530236,2.063708788866803,83.34305167696995,90,7.396609247811167,1
124.39752406339272,18.164721081486245,56.50762877143426,732.977026572114,3.816382336803604,1.9016200861817578,76.1519154985824,85,10.409511178138356,1
113.84272818510519,23.407843537831464,44.836094035345425,898.5677419014328,5.612161926395354,2.0566631612485127,80.1127263352902,75,6.816968447053606,1
105.6390912005236,19.538007004406506,62.705812271151515,855.5057244663896,6.2031973581423765,1.6186798118262264,79.58556095616989,90,11.571598937589016,1
105.94754341665286,19.514135549176018,54.13613051189912,1001.3293315381607,6.180317839177625,2.062987696933815,86.93855317902621,90,3.4016075788597613,1
108.53415558780307,21.315238098489935,54.096151015147115,864.8732987448019,3.75198941110634,1.647618966609364,89.26908087795044,80,11.586351097438055,1
107.58928589786765,17.348003429760677,62.15567074484103,834.1413981852834,5.49979173049696,2.064278243462767,85.87607235150351,80,7.345090439379387,1
102.81191423969376,20.397491430486937,57.67499797498639,930.475960197721,6.433750034214236,2.535758448975663,79.57222158411945,85,6.3856216657418265,1
101.04201103951875,18.85553175552772,45.51348071188044,860.3731579195451,5.509663107710123,2.1043935400064284,85.73858123473909,85,0.8689190996930432,0
99.37406872100478,16.038519669784908,52.40206451934421,853.232627924866,5.478409683343776,2.128748152953223,83.24394102915134,80,4.05492628643918,1
92.46035411133323,21.012446224179197,60.28922342929077,930.5700829694644,4.528357421364841,2.3268826069990194,79.62550211809129,70,13.750717311558985,1
97.19324923133226,19.210076579366252,59.08201777924015,837.5719615266261,5.220109823793663,1.4385766622106948,90.4619514450165,85,6.4258252294311715,1
83.07043185804615,19.528925514665875,57.096132594867804,812.5635805080328,6.236318179706405,2.687568629489205,76.3099078005875,70,9.014154000839278,1
99.0166037320525,16.369517169757525,62.46738363580691,1003.5598801256602,5.328208968428764,1.577764002955052,83.01954487804771,90,7.756061246613655,1
90.11408892849083,24.774201103288412,52.10626409746188,934.7699242560387,3.7517252439702737,2.351864398947575,84.19780322776961,95,11.370733444453041,1
88.96410682784229,22.630142559158347,56.42935820175258,884.1474429003381,4.543958325714028,2.2987639949025294,78.56250580238134,95,17.30262547117754,1
101.79894151153478,22.892467652515936,27.9953671985792,899.7913674178839,6.209279538888993,1.6391334553980959,82.7956909393967,75,10.394254585862276,1
113.920022863446,19.083665892674954,51.40279844925749,930.3518614869694,5.324743320351096,2.403554454706705,84.72748625110573,70,21.039266073008186,1
109.18316606002313,14.81245133148974,61.11122326860516,958.4002469768052,5.1190620782430765,2.1991251065653237,81.22317210263957,85,4.443326938071099,1
84.29499396376822,25.858752147468532,51.87684426306286,854.6414825210993,4.4459844667533,2.755991457760903,82.3624778167139,95,13.302654929774837,1
90.10371863429663,19.816707475982394,51.270180866263104,921.9687915579409,6.188599180534435,2.0773515005365173,80.5271556147451,80,0.6589445184313725,0
109.40771187988216,17.753600611939838,46.66837638580145,869.5977494273857,6.662412597822257,1.956582667390961,83.98760055763356,80,4.984500697041945,1
90.1751260646169,21.250404723449343,63.02692714183316,888.6611253292425,6.263189123018033,1.7940949888327182,78.85510665403098,75,5.140142205374635,1
97.75366850002976,23.501362364009893,59.387706188324564,909.6415720478942,6.442591621445373,1.3026578914595306,78.44101108303573,75,4.588014777380977,1
105.50052099024552,19.9308483317436,61.60331678258468,899.5992856168397,4.641293759233833,1.8727089740995362,80.10280076924576,90,10.996888034171377,1
90.31655545136364,23.835725503818125,41.19028830433688,944.1340138981543,4.499830902626097,1.8896406422964491,85.91834437099155,70,22.740491958559353,1
101.0537550614596,23.248999815550604,53.71639965387493,929.2251935469357,4.843654826500814,2.104823273022974,71.26318425664508,75,4.982420991139899,1
86.65974505081796,16.770856437793825,52.75911193799995,809.5098474376694,5.038573241976254,1.4307587556470136,75.45315341644591,90,16.16316287061565,1
93.98632356048786,17.97862968302157,52.75542634721158,818.5306075760735,6.431019780125256,1.9043951155252483,91.3788502414272,90,1.532055823808002,0
103.19781934142537,22.8726114898393,50.07177965025635,877.8169989144425,6.165886739468417,2.2305005568088463,81.3759420838715,90,9.58228657347612,1
84.0700626646833,11.862162308568687,52.23116582575988,1009.7175157465095,5.538469387254494,2.270203870197007,77.96481976518649,95,17.931768668224745,1
104.40474737960399,19.551632920505035,61.797158261653216,848.9044900499039,3.5688132341531125,1.2560739295450691,83.97425917744144,95,11.606042971114276,1
99.80362201073319,15.707506395125984,39.69718917321737,887.5066374232348,3.311978155403125,2.28256264346129,76.07486499898987,85,10.500158824717804,1
105.52489954417148,18.570338595699425,69.21835814424362,867.8192383826087,5.240462744801703,1.9013704347514033,69.48605543902507,75,7.351926081299913,1
102.23914134064661,19.103539732912388,58.87072900021169,866.7573369547152,5.880263205600716,1.9259956490005783,81.77399973873695,95,13.922105538171634,1
113.64140429973844,18.925266866277475,54.6613448347183,910.6943846343033,4.920432951013862,1.0541938520576648,76.34608082977586,80,4.567398962780178,1
101.25224502647907,18.343216243662173,62.25467317098341,984.0466365717391,6.914904504978405,2.597428465023152,80.5069488906495,90,10.547834565945005,1
95.70594458874747,16.708569051113557,43.38532203865252,927.3581039928354,3.9175589562195645,2.0707195540045182,81.64700394919235,80,2.058754936490441,0
101.22297503032284,26.875733800456057,49.68239275879189,851.7881423143745,3.791648050504401,1.3874158293909171,80.71058084782888,85,5.046375473142495,1
105.43298029036389,25.602386012484054,54.03139654087557,1065.1937706481924,4.3357190255256794,2.1500806299665864,71.45502293944008,70,2.0786041992001203,1
100.48860070325705,16.51380253923115,65.92448296345742,904.7143932576676,4.297702786808764,2.13779137633881,80.13140421293704,85,5.727759749485832,1
100.40591691203882,24.746350253910702,54.62802735098754,865.3667426170732,5.526285868681979,2.489017661173196,82.22300970682204,85,3.2670474037387764,1
92.98008312193244,18.801603528581442,58.60043736948117,984.7257824806553,4.578288148156497,1.8761244922836489,72.99970368387878,75,2.667061754828296,1
93.37099082449052,20.38756241999513,50.28336803251098,871.8557629233709,3.4521595387213386,2.0047984275754347,72.40413220576733,90,19.550964215814084,1
85.97394728200307,19.810178120309253,58.894736551739925,999.7748192992466,5.891578456695116,1.7428768799048369,74.65487707072802,85,12.170732857967035,1
117.4957674318694,18.020754076238102,68.41791674379566,847.761432542,3.2400480739278703,2.2391794455970953,83.73382369380118,90,6.962418117998684,1
87.56136764608715,22.95155703081844,62.964213533392915,985.8018233352822,3.9287817769892905,1.6866038633299802,70.00842126756214,80,12.489473415547323,1
93.07094802204092,20.377659591729973,54.34835209777697,912.0628598569017,3.377293429256131,1.642803793167908,84.14886925572178,70,20.212670365316825,1
92.81592734430802,18.570345730342275,60.40392677812376,977.463133962146,5.207121277070874,1.9728809848880318,81.96027874145115,70,17.086112487787357,1
108.94924376944441,16.086231668598582,59.6201356368577,1014.1059425220926,5.186047712151212,1.5096544914784684,78.71249024734043,80,1.6093871908244672,1
97.05050321707972,17.31921495884264,59.0527013735782,832.0435625687247,6.916454321016353,2.640852487415694,72.59685168799794,75,3.2041977493360796,1
112.47742072673734,15.07585965319371,63.89562688688327,976.5463092454993,5.913826656145551,2.77090669109675,76.01766227554391,80,4.977922155570109,1
93.26509375756132,20.036670645245508,63.83582163069973,815.4657657344757,6.4416461833422005,1.8185639658312738,83.90952026005317,95,11.674189199944031,1
102.78994162223802,16.410003223146813,53.982731225000926,837.1689386851064,5.2886096512984935,1.445361997377134,86.2836260092168,80,7.854532511521003,1
91.64652946740243,19.203318462444376,60.13503249182215,851.7954324124538,4.023068178909437,2.1346368155608246,74.84318591179368,95,21.217699040217177,1
121.45149127773388,24.11030556083111,51.93524063072165,930.2181981706717,5.128107601993496,1.8071589928124303,85.70931755141889,75,14.279090068558522,1
88.12401580970487,23.597898718764757,47.61542082947538,901.9809526160916,5.592421007387307,2.4698724530112126,83.42937616354064,75,11.239168218054184,1
103.09820710227028,19.903169317692146,52.84404995436811,889.9718349502299,5.703807382251575,1.6851413617880386,79.96581401117608,85,5.922571751557554,1
106.33776880932099,19.73874582157055,54.389774786083336,908.7741167413417,4.527587855891658,2.2178052889713773,76.31072435179799,90,15.210306275780013,1
104.13799097451498,25.639623648263026,41.707352086576066,935.4773753576084,5.488786473782399,2.0455974357566773,77.09304989360005,70,10.132928419428648,1
98.14712341122292,21.562268361076132,61.882660475333765,940.0948874364811,4.066972029158736,1.729495395754636,89.11461308077149,75,18.819484107695324,1
98.70179300266574,19.01658062037043,32.861396619180816,965.6500101369079,3.956722405889283,2.0960199313967767,80.8922090710653,95,14.8503062409839,1
100.4381147197911,15.721945648638645,76.71853551589058,1009.2020887660464,3.884215288614515,2.3514130233899397,86.64934171005454,75,15.532455613406057,1
98.52997998371511,21.18161965449423,67.01503307037055,898.7182576535114,5.024625988556797,2.0347394076221588,81.2077899164407,85,4.46142362771682,1
109.6387911679491,22.48797131774859,52.91193020662149,868.734662272145,3.8221636449236964,2.0389138660505033,77.73651037204283,85,8.54528191524373,1
122.10523001591352,18.105045426459068,55.075410884510184,936.8121677511112,4.575255610128992,1.65088662885853,82.92045090217567,90,7.866165664249252,1
94.42508214992166,20.8736082654141,57.42377498869826,831.3447110241228,5.902916551413958,2.4576819191616543,90.78917536039945,75,21.05223381386594,1
86.30197020420923,18.909280115254912,50.286716896088464,859.2777520733033,3.970870321921695,2.4178186312572736,76.77941669756952,75,2.372555596759355,0
99.11717951648745,19.447902802402993,56.54095318069549,959.9628567835674,4.495687966495683,1.8357763245254013,84.56934451723676,85,0.5066535091332265,0
125.79709337654319,12.536533827313006,53.84800017838671,892.5522975109377,5.07163127677617,1.9502846162068017,80.95254491143814,80,1.1906811392976735,0
91.9632543203027,19.33465578885159,54.24581826215227,827.5084524985176,5.246886901532267,2.565688269076131,72.75240991813844,90,19.163988979846177,1
116.39116805444067,22.908107907224164,56.45168850784511,810.6118160780895,4.500709409194439,1.5465716715810178,72.64063078580041,75,3.145825618932785,1
116.77700814076441,18.105792333300325,44.49177761316805,902.9230007636285,5.786860068735157,2.2417153565435126,77.74008126530727,70,11.057258950438955,1
94.46411758292005,20.157579104645947,55.31655779306919,968.5137922180805,5.590452300784724,1.7765544907475486,81.7374429207046,70,16.767775601006566,1
105.68983079185276,17.732147879924238,56.307581972939815,967.7127466518712,6.139856604361703,2.7112311507006566,84.39186484844257,95,11.166458054270983,1
116.28396623128538,21.081325028878318,56.03079697084731,906.6528301735702,4.91839807565294,2.025378691466135,72.14543473009383,85,15.123017964595501,1
96.20872259012513,19.350430407391478,53.27335395651077,1020.5345651457677,4.487181190543657,2.504151407256017,83.26348760078568,95,12.354223578120337,1
97.96419639897638,17.182275377953978,64.10286220775498,893.7107780435722,4.317367977987878,1.6954690606155485,79.40809872234898,70,13.440141031927116,1
94.18319086051356,23.997654402995384,52.170779560947594,891.6859425961553,5.307027517929363,1.5005885270702928,80.01656890766274,85,5.8628601086320655,1
89.85243269307134,22.786796040596645,56.81860725458552,745.95384541566,4.622844217188727,1.9062962171195552,82.94305923016422,80,3.678824037705279,1
93.50722454933992,18.185279708215475,65.37838027140437,873.158223050327,4.43083022231921,2.1050733831787345,88.73052660058661,85,4.388854824219546,1
87.76059733237743,21.49336492825333,54.3649908798375,951.1209020945097,4.551712735754678,1.7957073271934347,81.51820900203049,75,8.69094533604065,1
100.34083468259226,21.612236008461142,56.71570613974041,993.8376802115822,4.316309514875749,2.303322970509987,73.2163150864548,70,4.5947358377925696,1
92.30026768941359,21.926903705033528,54.22892290948082,850.1859219799629,5.199021112762732,1.9160185728758283,79.06453743535388,75,5.419383247138512,1
102.33785911790747,14.917232312014766,64.8989583485088,927.7351397575829,3.587416817455939,1.1674251352933578,84.26067011573241,70,20.372385879617728,1
84.44104353796372,23.019819623097884,52.93820350730964,962.8127419393973,5.303016292474963,2.2211247916772003,84.42521698458273,70,20.60745283511819,1
103.30880232214457,18.290903111222807,65.26683661830565,900.6724891917539,5.676548760402951,1.646985176341137,83.32912187045153,85,1.9657389759393764,1
108.33528961608924,18.9265161996762,54.17129684282348,763.0031725483661,4.4191208618227025,1.8553610473293927,77.44984422330465,90,13.9446175296615,1
80.06264357428545,27.9136452567806,48.12432221241586,914.8373999744551,6.9220369396065475,2.621252481415742,73.16087351191354,70,4.515533588447909,1
103.74056569847572,20.905620142163034,60.43498536459297,945.6858374436536,5.017621310976853,2.7091246896484362,82.94753877911964,70,18.496483970170914,1
112.27668992473292,18.841032573658474,52.56265732995475,843.1546262988925,3.4386570169001116,1.7698026259628754,73.92881570201034,95,22.180193997883855,1
87.90358981308795,13.384116881732282,59.964007192793304,884.7507281475367,4.71875709366333,2.231114652252736,83.46505508212591,90,7.261049908748984,1
116.72572386837703,24.169292401839066,33.164764920610125,830.6702374722742,5.062656144935796,1.7790902038309422,83.46644679347317,75,11.28859572463089,1
104.19019009366045,15.964370987574192,55.041642095159574,745.7911470851789,5.4489675555702135,1.8852508084405588,77.66153531634485,70,10.945050451921219,1
92.94988144241591,16.98968328950149,51.323157609940154,961.6202647072594,4.7425694758891535,1.7576898340405789,79.43768355007924,85,6.543901705789127,1
99.44230922342294,19.005943102736452,46.49393050774977,899.7750879718889,3.9884297242956093,1.3102625278414062,80.99338933559777,90,10.007345182669146,1
105.58326912521723,24.249235375100877,50.574071985281606,995.8604998022989,3.9050193818877172,2.038022089493484,76.92592663339445,90,14.526748185117274,1
100.76005391412411,22.31971995999728,50.41037484565879,951.4393315143707,4.346400714818329,2.1152661547784666,73.09159982944973,95,23.061473863737124,1
105.38755992446369,19.52648747047922,54.61611364119535,878.747414300073,4.442224637481237,1.7315993018755447,79.80390361476547,70,14.005576592522107,1
90.79326406920634,20.924876190916464,44.06138830972036,895.0091603937354,3.8650258351007425,2.4351166845748438,80.32516305239923,75,7.100217403198977,1
101.69360824036077,18.19884292138668,57.53019024207771,933.9706434462104,4.267186838896301,1.8255679131619122,86.80523681826526,75,15.740315757687009,1
85.8628550309502,20.418961068696053,65.9297182816463,958.0130050053446,5.659458524439355,1.745115270056394,76.0900396418607,80,4.8874504476741265,1
98.88773938651299,20.22001023433441,57.24742797558261,919.3602378445207,6.648412607694487,2.2106012472432424,85.34248086890555,80,6.678101086131942,1
90.9609235853521,22.906309687044057,61.47190887383207,966.3355887173691,5.755461713870963,1.3829272040109883,74.26465260536781,85,12.629820464273159,1
92.64470057410233,22.90153436731685,63.75649963691036,882.1998757995317,6.3058610861868125,2.3626716126811225,73.27698900150615,95,22.86632736683563,1
112.36093175210438,21.481932146616934,64.89191609747341,840.1713871928588,5.974118468233698,1.8391323370422548,78.49568777645362,70,12.136696823505174,1
110.9131012059427,18.912957327361692,69.96110954257044,896.1114447863322,5.833130328398345,2.395714430557636,75.2954549469514,75,0.3939399292685266,1
106.09138120907177,22.22546688317038,51.006384013792555,912.311093444171,4.662203736942672,2.515252210331662,73.20692096310778,80,8.491348796115279,1
89.07687235327421,19.72409460139086,49.25212811871107,827.9078763156427,5.140910878386947,2.2560613769428564,89.72165157907386,70,28.17378797010552,1
96.83591550305198,16.7542568938606,61.26772518659788,819.7966749512027,4.579380657543979,1.6752106829086755,77.74176181822028,95,18.166566507136544,1
112.13097699979184,18.790136624267184,60.6661297572592,926.8431777884057,4.780892837666373,1.499667317406238,91.55651793378125,70,30.7950256196875,1
101.41716913639905,20.253580951352973,61.205402396925514,875.6185889177746,5.068167100386586,1.4263709346659055,75.02633100550712,75,0.03510800734282308,0
123.19329539981695,22.730647350994236,70.11425963400201,890.0495456602798,5.713566151579027,2.4411642806805243,71.45726716683501,70,2.081810238335728,1
103.93317839394372,19.44941548352854,55.090959270387955,878.4184400579506,5.423323381515123,1.9460799551199266,86.45644859464161,90,3.9372793392870955,1
101.92049116490031,16.372403866281182,58.40925247716948,991.2360541057927,4.838170736985644,1.7603112821876605,76.36671683869875,80,4.541603951626563,1
96.90883535797498,20.17022504989046,47.156893988132204,975.7056696237,5.0555387408916665,1.9471671393844432,80.6943289909941,85,5.06549530471283,1
101.33540904782282,20.340368120169657,72.08256899180766,825.7587785976499,5.4334636741935265,2.432248483581667,73.22183257493559,80,8.472709281330513,1
98.47530163619456,20.55751288670826,52.307640630327114,868.0324072151732,5.667394438057835,2.31149591414382,79.80943429034978,70,14.01347755764255,1
107.0810867668859,22.75961454786329,52.53427257471336,951.0002560781755,3.4810048367427973,2.1754024622835417,73.14186965071454,90,18.73125594365051,1
109.56702316794583,23.056769720269696,52.22600087193406,936.1161742261945,3.9226110361010633,2.2551544229705622,79.63046301144517,80,0.46192123569353427,0
92.14010539492051,18.217367382855,49.8408331308453,897.5125222602129,6.1073105339393425,2.0720689421987792,77.63033730255759,75,3.507116403410123,1
86.68767046442223,18.15156962585317,49.164503609218805,831.7439877021459,4.939130430068942,2.12084522291857,81.15133865193052,90,9.831845942299427,1
81.63794626896703,16.87940386713358,50.810365736883796,859.0475972307872,4.575923406633021,2.088410092460419,83.12845685554406,95,12.496361204690466,1
105.07991326912544,22.09644701084143,44.07363257559244,868.9939459472226,4.736500527073961,1.9999755017489784,81.2053999959961,80,1.506749994995129,0
88.96633393826126,24.346460325013147,48.717456637894095,916.6196598671461,4.736294694423446,2.301349553532513,82.25523271081074,70,17.507475301158205,1
78.47109407047517,19.05475421627323,70.59170489158095,1002.2236292818343,5.557937781524374,2.144512842480158,79.45483662300238,75,5.939782164003172,1
103.88578604530964,19.27570830582502,60.88524114913095,858.7871859127123,3.8919836060192328,1.6477139875572169,77.82340649217181,70,11.176294988816876,1
124.9299951743279,24.400347670696927,62.40723341382174,838.4378851466856,5.024777746496762,2.2115497542090616,82.35059341394783,95,13.315164827423331,1
99.93929088460106,21.516673559645024,64.41767029933531,893.4848113903234,5.246117729450404,2.098898826551722,79.44276092060908,70,13.489658458012965,1
108.38490774451643,21.308707114403166,69.67307651489912,961.9043388308435,5.396267916565503,2.24456538756604,79.63345108942929,95,16.175314642706017,1
100.81829358547564,16.42725048207882,40.82861958844925,813.1870219943578,5.222863996210293,1.9583172345539885,81.98872482723431,75,9.318299769645742,1
99.01110346808858,22.036184207838257,45.16093507770768,987.2180490524969,5.5159062303140285,2.324696125506863,74.83392200988742,90,16.85119776679176,1
109.19076482987768,17.212590978470725,48.57021071284252,889.6781182730598,4.427303848941687,1.9754365796535371,87.14805547047216,80,8.935069338090198,1
97.09725455811349,16.597939442195127,51.24216162808322,855.9407998611975,4.058197267675045,2.289551874640218,78.75321709721868,90,12.496425447534799,1
102.67392314071903,18.959685269699865,52.59544487531801,803.9886427942704,7.457004443250513,1.8174113936197955,80.62090807985035,95,15.13588623173647,1
103.21697806196013,18.24262182965393,51.424179577551676,942.3912464052377,4.698735315425764,1.845098378360419,79.77740276034712,75,6.3698703471294875,1
93.31909546356951,19.335200916844883,56.754471305056434,889.7297282855079,4.815545529345432,2.24082100928405,83.2637157695106,95,12.353983400515162,1
109.92042349536523,15.677055096425242,55.28236312596173,910.2423289652704,5.677840097717884,1.8672906425021023,81.6959083548542,80,2.119885443567746,0
98.25040243304592,22.876448919403018,49.217321638574006,845.9512955393182,6.596089292194241,2.8823130778992647,79.75038026565252,75,6.333840354203366,1
92.44254840507155,23.383058883549285,37.59560978409944,880.8542379449386,4.455471883065304,2.2265779947116107,87.24377058068436,85,2.639730094922771,1
105.36509843570404,14.157972577577556,47.057050356970414,870.8051252187157,4.001184731810475,2.00996939446168,63.98327195397657,85,24.72556240708639,1
91.01532018208962,22.93537341699965,50.606090773499396,893.9644136773076,3.75784664920839,2.32796031070354,86.21337190233473,90,4.207364552961413,1
100.28181157369129,17.56841411053512,53.02336450553825,859.8268604174514,6.593106221502925,1.8077278360093934,84.6010770259548,75,12.801436034606391,1
99.90881003355797,22.57092661094836,45.96266032551571,807.9491423587667,3.961893013538966,2.369205927693207,70.82091683598776,80,11.4738539550153,1
110.85895565831578,19.794660522000754,51.07354826802864,1063.7099847177965,4.972444063484433,2.358094086665413,84.64641608858626,90,5.948426568237484,1
104.74698232879953,20.086326692242995,45.95210089211531,818.1957451597492,4.022715167957031,2.50141362311182,85.29233722779769,85,0.34392615035022134,0
99.74973041254856,19.444707051736344,53.99344518761333,910.8875404165524,3.551644082041696,1.8236761874605691,82.80881744940528,85,2.5778618242290796,1
108.17766299200287,23.63638761270046,46.41526937309908,793.6783302945574,4.707624646906314,1.510906698344902,72.20456278159291,85,15.053455551067163,1
113.90207549017313,16.281235962424915,48.20876274903628,780.1771538029215,4.06221333365884,1.7559381443189805,83.41326358782113,90,7.318596013532072,1
105.57810306351863,21.823521016205024,44.53052695208689,905.869589511136,4.308371574576687,1.887347793610901,85.03598428000964,80,6.294980350012054,1
100.10352619843381,23.30399049466865,53.77199443544173,910.4620552660982,7.006105097417404,2.666884640340702,77.13896752609564,85,9.248273498711011,1
86.8816376764984,22.149020241621233,48.06841784038081,975.689939448143,5.424896104172403,2.8780048116510994,82.20566927993028,90,8.660367466744137,1
89.34886336924627,26.974096742970254,62.254274133403435,923.9728104609424,5.931469519553989,2.137864921857593,78.23396052240274,90,13.073377197330288,1
96.94775295645333,18.413159711825905,58.24680213354319,891.0113568752525,5.824659562849253,2.0037562432074396,84.42688495258422,70,20.609835646548884,1
93.90487797840717,22.871914467780595,54.441185054530855,843.0239853560997,4.899139076920975,1.8600368678103156,78.43246657386128,70,12.046380819801824,1
98.13028697014553,19.68172809397574,48.62011602124969,989.9407240940129,4.560281640622376,2.329876140084347,77.09941268576993,95,18.842723488663225,1
100.56649924897107,23.70021822905801,58.04416244253042,955.7310747630135,5.248934611861117,2.875432556796607,79.8035172866514,80,0.24560339168575143,0
105.2969275435673,19.976933012835893,60.525607114789096,825.2202313350945,5.168450769932495,2.714340356475309,73.29173939758321,85,13.774424238137396,1
99.29501221940909,18.836372654412592,56.14150729761304,902.2778236926381,4.431194582834692,2.4551906450423333,79.30709008383819,70,13.2958429769117,1
104.86501643826202,23.918216611614888,67.82961484373544,908.6431338915899,5.12984783046686,2.4493210124455427,81.8104636867912,80,2.2630796084889937,1
100.6447441481012,18.52531418294321,58.67709854459853,879.2607806036599,4.293670293303708,2.332923954501646,84.34979634683175,70,20.4997090669025,1
80.24533433646128,15.761822723298332,62.308857740544276,946.3110291484077,4.82854206935916,1.981083741716586,81.244783693191,85,4.417901537422358,1
90.60664606181246,18.449459350478516,56.068523324287824,949.9039883008907,4.664716525482663,1.7053807109836816,72.83699181456801,90,19.070009094924433,1
98.55912444278384,21.857098839765598,60.40531562605582,888.5708581316936,3.7311274073942213,1.9916743642688235,86.76135569114881,85,2.0721831660574206,0
87.90305257158893,24.176116254761276,48.625750138646595,883.1478452521405,2.64884178688783,2.168935840852541,87.18079253187119,70,24.54398933124456,1
105.99928729996205,20.333388125889535,51.33281309429765,989.9375077600519,4.060936750060301,1.418546440512682,80.5628362763539,85,5.220192616054228,1
115.30750832343698,23.954591201702076,57.794908427859035,955.9703335417342,6.804104664586301,1.9388197082535163,76.24029189425673,90,15.288564561936969,1
112.18761851697316,15.925475235567221,57.73679585245905,904.341623394503,4.690318217963272,1.6696270581634907,77.34191031769227,75,3.1225470902563566,1
97.86557129069791,18.67020960554629,59.06089458354598,802.2474576551967,5.775968160896404,2.4055364644272568,78.98238801140957,90,12.241791098433813,1
114.90726136849952,19.134274648537698,63.803143138229835,920.6400063783021,2.875554856906642,1.7801166391373158,81.39334228098829,70,16.276203258554702,1
101.48667457202112,19.65632171758244,43.600230625476705,941.8850078950601,3.9917139320356725,2.131288132792395,78.47757359245131,90,12.802696008387437,1
96.6291402888196,20.25228316475059,47.20437961911763,734.7287022960976,3.6455103826376494,1.7199918828257694,75.70806233049412,95,20.307302810006195,1
93.8659733645906,22.07273287217658,56.83658112859403,915.1121668990816,4.797699989912885,2.639079730384366,85.11504942108219,80,6.393811776352738,1
96.97530313511872,18.66557948548853,49.205090945572316,874.9984807922559,7.421955480535243,1.3196972253861656,81.2864294403705,85,4.368906540740591,1
96.11823181458772,20.417086060859376,82.02214593031489,886.7487431922269,5.4602389432279175,2.1903361507375867,74.73813988782025,95,21.32827380229447,1
101.70416222375488,19.864631329027844,59.12575695336109,845.5571428342007,6.695612533278086,1.4890969326240269,81.45655228142896,75,8.608736375238607,1
101.60573981049865,17.22233028832655,54.37335320855874,891.1086425757815,4.745563272314336,1.7962669398060596,80.8093541438954,75,7.745805525193873,1
100.03046020153414,19.658999932755695,50.87624581532913,983.5194945708798,6.364869373855072,2.0824746814738018,76.40973544027804,85,10.106193599672892,1
104.3693816974635,19.569021410308647,51.15870173445565,873.2160900710691,7.073256706682891,2.102142812526735,85.97524879805493,85,1.1473515271234527,1
111.90646274786342,19.50475830499086,55.24112529052142,957.934413527591,4.8906309335895415,2.0917067364381654,80.67444603213657,80,0.8430575401707153,0
109.49554135441323,20.095278369744353,55.89585546097006,851.6201268672233,4.460735288772635,2.0606996563902,78.91689178958916,90,12.31456467823427,1
85.15102031550097,20.227020621840158,51.3464068424519,945.5253715593624,3.6821890630098473,1.743262295250623,79.58259125962289,75,6.110121679497183,1
74.46078865098045,18.70311446267801,52.814782027840785,900.0993513373171,4.690939741423031,1.9343786707644757,82.21958397927413,70,17.45654854182019,1
109.34319911239274,23.818144201913796,65.75427660187677,921.1214897273568,5.081896675200791,2.012653606471566,79.63908292734948,85,6.306961261941792,1
86.33121301584579,16.49155811239095,66.07603970120827,900.4291953658493,7.030953617349149,2.078144158703553,79.59728163480563,85,6.356139253169853,1
97.75234598107316,17.83708967459031,57.01627183947902,938.4975139464725,3.705026025903914,1.9737278108772047,85.3298253416269,95,10.179131219340103,1
88.2988697394064,28.33989087267067,44.2699221821061,745.9448929239745,5.059661893696978,2.291836168393782,72.90797836256367,95,23.254759618354033,1
81.98019562419981,16.88602593503231,59.30802525311235,814.8104811925458,3.185691878610383,2.037354788060377,73.7422343020252,95,22.376595471552427,1
105.41462728204787,15.938735975870724,67.4342595328882,925.0248298805187,4.573237171161432,2.0805303870486456,83.88481679995968,75,11.84642239994624,1
107.59155160302647,22.203430235003655,65.95824881569902,777.3876987662259,5.311395357412019,1.8469390606753933,92.07924893541816,95,3.0744748048229855,1
94.2348959927328,13.768640438678379,60.87540682247734,868.1651786611675,5.512583152688558,1.579023229354231,84.38247725076026,85,0.7264973520467526,0
74.0895770785509,19.294178270082682,66.37938364228657,896.739549537801,5.589023079641922,2.061611572292988,89.32104398036363,75,19.094725307151503,1
94.53755551747517,26.437474775229465,55.427074179832175,850.3115917432262,5.397404032886845,2.482978417585175,77.82814193142136,70,11.183059902030509,1
103.91804005402547,15.365192233539798,60.02482375866964,858.5063158383736,5.580421940096241,2.1775444922921654,76.81459410831091,70,9.735134440444163,1
85.21088431225871,14.05410654278386,49.55379546939856,916.2949320092156,5.045739129002663,1.6730024235140832,82.28266586623026,75,9.71022115497368,1
101.83359919779156,15.502456394126906,57.338123649245695,960.5576973467886,3.952133694011028,2.3258960103274418,84.76824479913515,85,0.2726531774880627,0
99.84690150827005,22.695078705040956,65.6362739517642,842.4930371247115,3.148343036319944,1.8659531728824172,73.44224549358823,80,8.19719313301471,1
105.79291499601088,23.374330159957438,50.28461270810487,865.4965082287578,4.453312178262783,2.285861592192115,78.93390813585083,80,1.3326148301864649,0
101.19580368414154,18.462233609064473,48.108452564285706,856.1243416003773,4.86538456693677,1.8524816540415356,79.86491416177974,90,11.261206486911403,1
90.26931059118445,22.04963721200321,55.77991151218958,754.7172148873633,6.253931797175481,2.141322575930948,76.60564892157313,80,4.242938848033582,1
111.96571501664491,24.17076598253597,53.186702370208,908.5027074190505,4.899398324843813,1.7926010653502613,77.18889086727128,95,18.748535929188122,1
98.4147042697303,25.362039243289477,60.19318176856336,956.0830647497095,4.803430965783307,1.802779001411866,84.21534650529597,85,0.9231217584753306,0
99.72695460490068,19.260994156460455,51.37392379242366,960.9985924389529,5.3855271268417795,1.373493853161704,82.34842240545412,80,2.935528006817645,1
90.66732040926804,13.09558484699004,68.74751692482171,847.7540174135556,4.729988012548798,2.204829927664464,83.99225710929727,90,6.675269878558589,1
95.5671774880849,17.53736323277094,44.68259121631155,824.8981170887914,5.810541998946938,2.148067853928135,81.68437345186386,70,16.691962074091233,1
91.15197285973099,18.719587415194226,65.02987828975787,901.2963328555011,6.979333618383878,2.170577086504377,75.63371661573731,75,0.8449554876497511,1
98.27053940076577,19.22318361026483,48.881206173535176,949.756421193988,7.190785514210701,2.1101322244527245,82.11551525919586,80,2.6443940739948246,1
117.11708480142343,19.436421796973843,40.63213812332781,909.291026898623,5.097040627244489,1.6950999866706786,75.23953548811245,75,0.31938065081660244,0
86.28098857068643,23.35668379379201,56.903001250790936,917.3582781524257,5.336892364695448,2.386359705797432,78.44123330482829,75,4.588311073104383,1
83.86438602123259,23.823285280062745,52.96313611188893,968.509855664174,6.578856120373484,2.397111720036908,74.81875672590887,95,21.243413972727506,1
114.71170327493608,19.48497903822565,46.123125056775756,855.6518064461578,4.850037977103729,1.684705013931767,76.94556103964567,95,19.004672589846667,1
97.90676322848134,23.295454628155454,41.54898486627789,886.8017947996182,5.6791921419241795,2.212849596539983,80.45239423677258,70,14.931991766817967,1
93.30927261340084,21.07298409989327,54.93311370182835,998.076330705672,3.864839870314175,2.349996474147191,77.71254697752339,90,13.652725580529568,1
110.39904687396077,20.193517918587716,62.80669513299054,888.1913326141424,4.689160851725002,1.8119606906625114,75.5841879498776,85,11.077425941320469,1
93.94384460263136,22.71963247132989,59.67962794469155,823.9597820420057,6.156114616645307,1.8815857243022591,85.68898735791039,85,0.81057336224752,0
118.26009713546937,20.21675614471375,55.45365319071412,859.8386342249823,4.281804366212377,2.2136453632847144,79.40204141311071,85,6.58583363163446,1
106.7792587133927,26.173433531293288,58.83078058574188,843.7092089267254,4.871948821270323,1.3958680922342794,77.36035976783538,90,14.044044702405136,1
95.12088591854297,15.684766499616323,54.782286940977144,921.4297551420763,3.4257903543978805,1.5645931113864,74.58800444649012,95,21.48631110895777,1
121.57308213265503,18.454487302723948,43.56220605575703,846.2431797846733,7.005768294509637,1.6040899968521753,70.64002557428425,90,21.51108269523972,1
93.94285076996661,19.62044330913815,43.63284811821245,916.2620551716747,6.263028069816903,1.2814734540698018,78.88976493134439,90,12.344705631839568,1
107.42095372009307,21.31835807137397,53.37465176812257,855.836086887561,5.188099566152748,2.433975909674992,73.10890648240014,80,8.61386689699982,1
102.99292580406492,23.803881461309267,53.7147737090714,772.5972876961064,5.507512872082328,1.2047472743233332,83.56018229680477,75,11.41357639573969,1
113.01741289398798,19.92680429829153,61.807861428054125,918.3971872189153,5.395898106943369,2.1372442653725465,80.14745597299265,90,10.947271141119282,1
115.61511196726853,15.73331105148138,61.05843379019798,908.9078208928133,6.3843117530307865,2.324673357902088,87.79180389569068,90,2.453551227010359,0
100.32004149065767,22.527541689365012,59.84106412607159,931.0654689425304,4.481199957628627,1.8825616182346931,81.11537136618566,80,1.3942142077320696,0
92.46582129653817,22.264876298425893,52.75773829538255,859.6207668500846,5.732267619928232,1.7326529501075019,76.36671101370175,75,1.822281351602328,0
104.59972142939117,14.174424021861782,43.95478263911888,853.2273314784375,6.077416498852173,2.0931369802946556,70.59996198815776,95,25.684250538781306,1
93.22284630247894,19.988587598987603,58.29656909652819,924.0880115088927,6.2153259704764565,2.0007332002377924,84.03271931870879,95,11.54450598030654,1
120.13387247526623,15.229574507959107,59.201354506097346,991.1411743518588,2.7406291161683023,2.4014019449665662,73.50525869732304,85,13.52322506197289,1
101.36535331082737,18.006046707493812,35.89174830017851,900.6700805703797,4.400725521734856,0.9485915438408171,77.9592773865512,70,11.370396266501706,1
96.34678448687892,17.2915732191116,48.3252945073387,925.4751057628287,3.980829378698096,1.6325170095407489,88.37044123277457,90,1.8106208524727032,0
101.84680305864909,22.427794094725957,49.47156498084883,880.7047389344575,5.149588285570686,2.224630753566422,83.05491674524363,90,7.716759171951522,1
86.52873710470304,20.35049052251655,55.94680160898749,807.3821686875789,2.9839697804857277,2.0201789771097842,81.94932727267471,70,17.07046753239244,1
90.28385961489349,16.14322699773192,48.57311653787445,958.0457651492435,2.954377109054397,2.300813663678747,84.72161221560054,90,5.864875315999395,1
112.00413907944426,22.640197888872027,54.69492344940288,954.5048543451697,7.17009499187626,2.104807990495865,84.53524909452764,95,11.015527268918271,1
93.43105721028604,15.698582528214757,53.31572047717606,942.6464415105116,5.61768938826334,1.946105174703475,87.90473215977086,90,2.328075378032379,0
89.53089017318061,20.990341371412832,53.726804227698175,889.0832736994549,5.121009243198811,1.8790846227625984,76.98910324765565,90,14.45655194704928,1
105.36652752527286,17.55796799212533,49.26884565039403,935.8233659843124,5.363672647838982,2.9300220063502347,78.11657923284618,70,11.595113189780253,1
111.85704154662997,18.90296875240844,49.88811956746658,953.6257078432699,5.14634092374918,2.6139785096126045,75.38807685469156,95,20.644129626640463,1
107.18953310665067,21.512812244115153,46.35786352175446,997.2095210974024,5.997350656551526,2.198202039238089,79.83651181808013,80,0.20436022739984241,1
109.96047685805816,21.56434819717859,58.040539524590656,959.3115662788465,4.3675558079360215,2.031385557379366,79.33883635414902,80,0.8264545573137206,0
92.43204911430539,24.01090722066788,59.568821028730945,903.8292735020183,5.186614826073569,2.2152530197413736,71.22523881332214,70,1.7503411618887657,0
85.78189333258156,19.75323890098564,48.83505639899729,821.5048046745377,5.227421267937715,2.3307338871491634,76.73049621452726,80,4.08687973184092,1
115.01333651955487,20.919352588890025,67.16512076813636,909.3394978603045,3.9531420415416623,2.167530674281804,87.19558267099484,85,2.5830384364645154,1
96.77320161157864,18.686788032787025,52.483188420463605,915.3946437509585,6.276983059063053,1.6994479506453768,81.22104297443542,85,4.445831794781858,1
97.49166983544953,20.545969647868393,67.24148499037248,942.5417865190982,4.554323260098591,2.7138043070898044,83.57699309043356,95,12.024217799543619,1
113.28194141849058,21.318458144025534,49.86298260934717,981.2335115594055,6.0174216698089005,2.0984832911016076,79.3972766607466,70,13.424680943923711,1
105.5623000940066,19.70507045763687,38.78737778720452,894.2909692765933,5.11491272637148,2.8055720121559258,70.56453237901079,75,5.913956827985619,1
104.55887772081607,14.588748547722512,58.21758259929881,1026.0592313887867,6.633584832409058,2.0748589947509335,79.3568203908523,95,16.466504851734413,1
121.65002344901085,20.994412688992686,56.9883608409519,794.4427787975653,3.9586209114784756,1.9017386591497865,85.2084827876049,90,5.323908013772341,1
93.56481769619857,21.09368443206637,55.275150362460664,925.1605123476975,3.91524119848955,2.5536560496185854,74.07158104378045,75,1.23789194162606,0
109.27840128081237,17.959479570956148,49.862140172448086,852.0887764689583,4.094304408995692,2.120474783231107,83.73519463371818,90,6.960894851424245,1
100.57013124897085,16.14683889178246,54.72342219611345,785.5666800186718,5.133295550514374,2.0533690538037157,71.49084165353662,95,24.746482469961453,1
102.68592278863257,24.427637451511895,50.90992433704378,887.8935374220505,6.541468395778205,1.5198543177429622,80.10095619116166,80,0.12619523895207152,1
115.28468426412532,21.474336532683207,52.58120346934599,812.5696380947426,6.59309361816525,2.2640871220543315,82.72259225073314,80,3.4032403134164295,1
105.07835756289624,19.31275690723487,61.733058046120604,890.314326118031,2.69003139956156,1.8026758468176367,78.43943737865304,85,7.718308966290542,1
105.38296079049633,16.58890135055754,56.47373783624075,902.0861548856674,5.249707161222538,1.8208835163704102,92.36235770226675,75,23.149810269689,1
110.72507337309803,17.534555514735963,59.879611098655815,967.112484560157,1.7870463894849773,1.8037804618379314,77.53404781455698,70,10.76292544936712,1
96.35047270457115,23.907771190358694,53.14505194699368,809.5448919141637,5.795031793785035,2.175613533878121,77.10791881160898,90,14.324534653767799,1
91.60790332660994,20.41298582260414,52.2638612335618,954.5067099387463,6.118169414895207,1.385849490569724,81.02246020927502,80,1.2780752615937807,0
89.55190805978967,18.34823879899788,45.77213975289085,905.8848270167877,4.959755725307814,1.915661862909677,76.22513432081395,95,19.76301650440637,1
80.33643410623998,21.52906769367397,52.039707099454425,961.7309492165757,5.083981577494755,2.392111596443751,72.79331203092345,90,19.11854218786284,1
120.56207129940321,17.55680543766103,28.43108355528689,874.0949294981324,5.07363889294024,1.501732452263997,74.51165112538891,70,6.445215893412727,1
88.96791634278317,24.502529090841133,50.27822426955492,820.0653247941933,4.215558081258753,2.069151584373834,83.78993379773948,90,6.900073558067245,1
97.78746376414227,24.058401604690175,54.34500658247329,826.9500404270481,5.43170578532148,1.7474402318916662,78.47530220562322,85,7.676115052207974,1
97.2318670011108,18.600277786391672,59.50938923416125,822.4915527799731,4.768591998346743,1.8385227522137466,88.51010475250963,70,26.443006789299478,1
103.07406697809101,18.11398925890742,52.850576979800344,928.6688491752393,5.930291709289619,2.662060904155963,77.79381877463733,70,11.13402682091047,1
108.15737212539297,12.145600403923163,57.781388337959996,988.615321332882,4.88637306548077,1.3398043265819966,83.55255177366149,90,7.1638313625983425,1
108.60473488359746,15.555257685345897,37.56169070887803,866.1029084006868,4.1389768935117415,2.3062521352686467,82.55420989730935,90,8.273100114100723,1
94.16922561431062,15.981590675126732,54.5453051823444,937.748117895467,3.4641353291344896,1.808828692489115,77.7192459640999,80,2.850942544875128,1
98.32878286213588,20.405571022962157,41.56397765669277,808.5934765118628,3.135935174944288,1.7889344059417331,75.60595535417045,90,15.993382939810614,1
102.825799504883,19.021298886675922,45.33357187472534,910.8192749506379,6.312509343954435,1.555375063004693,71.34098150537027,70,1.9156878648146654,0
97.51308873816453,15.963993537754275,53.50267561708911,940.1137569802275,4.542210647140981,2.3015598549094545,82.76560389840046,95,12.878311685894255,1
116.07345576019992,19.15650787260633,65.21011190298843,813.1125134833879,5.338574190081649,1.9234381534863936,85.99129866275072,90,4.454112596943642,1
104.90974951638252,21.516011442942045,57.96965410776047,887.7669918612087,6.783229891744519,1.872932234482139,72.05034664122883,95,24.157529851338076,1
107.34877786049817,21.58351804974676,55.145847977096935,942.9550284291339,4.437195668702109,2.04393477168163,78.14777532501662,95,17.73918386840355,1
106.62881268667412,14.300989157423356,54.84375688426318,723.9737611662314,4.372522515618846,1.9318851497032798,76.66540834903626,80,4.168239563704681,1
111.73473857485325,19.615209558548507,49.29096885436426,980.1271837021045,4.867838247644676,1.1997248480985903,82.75684575160103,75,10.342461002134712,1
101.81021558703706,15.84997766908517,50.64813269301853,921.2207625534629,5.029432700419993,1.8036703268090566,78.35673656023666,95,17.5192246734351,1
87.03168052044154,22.70518609142082,58.41900836376638,943.0036588630405,6.887551350255847,2.35817635637933,86.61490285208909,85,1.8998857083401037,1
103.99687951752641,22.352439249060495,43.91711585244404,875.2368432483141,6.565820594094113,1.3973534143550765,78.07803404516575,95,17.81259574193079,1
93.4864310620817,17.305918321026624,59.74443240226417,796.6366511060787,5.620875415906747,1.5640248400574581,73.81808270232048,70,5.45440386045783,1
94.71383318250243,17.7018643927988,51.89194346304918,932.0437773790171,6.449413768996868,1.8292834418405897,77.65597337394594,80,2.9300332825675746,1
105.86364018755093,18.61619884850508,61.604456598956524,895.0445804750093,4.821780987432144,1.7097506325451433,78.20692699920623,85,7.991850589169139,1
112.38283071433635,13.241619815805983,62.688747657856666,901.9269273259392,5.299164567188479,1.9888458071433568,82.6304997274733,90,8.18833363614077,1
100.21271576736062,21.00790452032173,41.615327899954075,965.2564191119372,4.698486355461305,1.5627692993285036,78.13240472317258,95,17.755363449292016,1
103.08833012598964,19.18146636097961,50.347353894182255,945.7238324317559,3.7096316174203605,1.8448581904762509,82.20048256700188,90,8.666130481109018,1
117.02214944635237,22.91052524770358,48.15577849647501,1015.2742450253768,6.203874741793595,1.9808021873602664,76.0475786395549,75,1.3967715194065324,1
102.40753179488568,16.704772346112343,40.49817627941486,909.23125373241,5.5316987339898605,2.2595761664831886,78.52661660102672,90,12.748203776636982,1
126.01683114180395,18.142631155250204,46.73973379032471,858.5272537325329,5.018073473423664,2.4979157544398385,76.07482861643739,85,10.500201627720722,1
105.65509645631545,15.480424225882654,74.53004676212272,888.6949891854764,4.9975321506878245,1.895381138458624,75.7667920516193,80,5.291509935475869,1
82.39237240844183,16.98712830951724,59.87607916969952,924.9398023523164,3.4937851290934914,2.7552240964983303,86.37416778642006,75,15.16555704856008,1
107.53341621104532,16.454054011795343,70.33830374884603,960.9513911395786,4.022524666847285,1.9264381677821905,76.42435214270365,85,10.088997479172173,1
103.81158384882778,22.987921036539337,61.632787520146685,811.9779629136768,5.336153170114025,2.3315500593026126,78.26197608926117,80,2.17252988842354,0
112.89752754082745,17.905214453745824,49.0652547119322,900.5122569107501,4.4708873327254945,2.772603093890712,85.22302229974714,85,0.26237917617310935,0
106.73181351269959,20.37252705423384,51.94583042660766,996.5724994223021,4.78228695878251,2.055723363694374,83.75000698135764,90,6.944436687380397,1
98.61544016016227,18.85770978841459,59.70748944192246,885.5874677398488,4.8953439352208985,1.4505893513689858,88.20603608330768,85,3.771807156832565,1
87.75701763710634,16.19160420196156,58.50004962778429,955.8607112921462,4.3175312309828895,2.0363615428830526,82.4140093225209,75,9.885345763361196,1
97.90976742713976,19.495098730485072,50.38126387433333,929.5870516329603,4.032081679975949,1.7553428447180357,76.99800305156971,85,9.41411405697681,1
91.494795457907,21.797309995590783,42.92005463536634,957.3516363914988,3.3876423690746265,1.8902271892110192,90.28572324477949,70,28.97960463539927,1
94.19476550195277,16.37672182236994,81.30208949910991,851.4143675040041,4.8534817209884595,2.793990752998086,82.91040372277634,90,7.877329196915181,1
105.88578404420609,22.427338372194136,53.87080262125755,851.6758997960652,5.618608547610283,1.5108946307104496,79.22652330599166,85,6.7923255223627494,1
116.69904504351406,17.45083723556691,52.39408885453904,901.2163135273373,3.35636585778005,2.1201867289223437,80.2873277485026,80,0.3591596856282564,0
103.9467152982298,18.55104822178148,55.906675711242414,808.0666927655814,4.975952174900174,1.6489114878713103,80.89640789725358,90,10.11510233638491,1
88.04116937964815,21.592049369030143,53.05817128551177,883.8155636033006,5.28114325269156,1.8769368235196342,78.81594062605338,95,17.035851972575394,1
104.4460266822014,18.009691528341534,55.98183126164387,915.17259945094,4.0104195962708555,2.2979369340817937,73.12072199041417,80,8.59909751198229,1
111.96631486645651,20.112724578007597,65.29557828893135,1007.0781364169864,6.422141811548088,2.1272655773892093,88.1336052612329,75,17.511473681643867,1
93.90217095680617,19.055927513635723,54.00361216250861,924.1630913561893,4.614284630961592,1.9099870924153644,79.89082961912615,95,15.904389874604053,1
98.65982833327082,20.388104020111456,45.69831648537791,937.5137082523861,4.898740311543489,1.7400798698941489,80.91748256351322,95,14.823702564722929,1
100.14688194729197,12.857782683429509,53.706849644171115,969.8685508230003,4.838730499402021,2.1264312768614455,90.3907202969724,95,4.851873371607996,1
92.1510168691776,14.51095455437575,51.284785748720715,842.1205446662966,3.2292255774089442,2.683074686861348,76.58357368391208,70,9.40510526273154,1
106.48280433843858,21.847901018140515,66.39119149797482,890.0950402577408,6.008752071684044,1.6394592229505505,83.27742662357052,85,2.026556913446447,1
98.79051851392218,23.111544216947152,64.36895251790057,1045.5247555082335,4.044481231580763,2.764665554183109,76.03850658215008,90,15.512770464277692,1
104.19532443907028,17.268539889405435,55.860200003446394,895.2526666569295,4.763479484594264,2.4797989802900604,81.60510581272719,85,3.993993161497425,1
91.125078221979,19.2679149434866,44.77011316144595,966.9858449269325,5.597661001277995,2.5477413470311068,81.00752873125678,85,4.697025022050843,1
95.62541699676589,20.884157758706905,45.19286189248044,957.8242726303864,6.460903426144534,2.1233729523718408,83.95300548570158,90,6.71888279366491,1
107.22381357827771,22.079652804976114,55.12098609267643,811.3131771367387,3.9200677181031605,2.468451910203958,86.04084358845166,95,9.430690959524563,1
96.27166847908234,13.916968184987454,57.69058375457025,918.628756620356,4.553516414405573,1.5964674870197495,77.10239454400164,95,18.83958469052459,1
117.26963851233405,17.341879259064868,52.00301744539156,908.8048483323136,6.3824186300071535,1.7327824368605953,87.0833742036196,70,24.40482029088514,1
96.00363814385398,19.002261860450375,51.15864332634213,919.7975272704261,5.463713879275447,2.306325525568157,87.43740469280657,70,24.91057813258081,1
102.24684725751887,22.109420591708147,50.25760613457082,854.7532512125364,5.671171359051608,2.1183380220895267,78.75007307653246,75,5.000097435376611,1
109.3259083187309,27.495291451164483,54.81284831804843,832.9848292852705,3.948868264223832,1.9406482966008922,79.96708709298436,90,11.147681007795159,1
85.81634267066968,19.315982819570845,35.93790118341548,871.439399998749,4.620790470073442,0.9989564437570312,77.5282494002528,90,13.857500666385775,1
82.39191188019224,15.779067613688033,46.18938696984232,894.1323001749478,4.83216456761957,1.8258103807847315,78.4727939307818,80,1.909007586522744,0
84.74343685429905,21.206804231603893,49.9835932364212,971.0990668560189,4.142105242657026,1.5303784878806936,73.98262172374966,80,7.521722845312925,1
112.62584103427182,23.96298736862213,64.66002555961536,1009.0386491835364,3.3254303743260927,2.197413724524601,83.88767886164595,80,4.85959857705744,1
94.48141854107553,20.324042362938503,48.489490864568566,983.7958707733907,4.4895014412364045,1.9235325885731058,69.74853053737614,70,0.3592420894626563,1
125.58199285668252,17.280054364537122,56.44374513464965,951.6111126469107,6.354288199584429,1.7486797823333982,76.51452574618656,75,2.0193676615820855,0
94.35752401342612,22.873981824440058,56.81234200744797,839.7395842620247,5.059173465560496,3.0571641930497218,79.76918974465217,75,6.358919659536221,1
101.84551303197037,21.990636855495303,65.3833320452861,875.4662295006302,6.374290913573376,2.415269790677694,86.49898665213969,95,8.94843510301085,1
115.42109952567876,16.921757467413126,65.1006192557132,912.5955631447798,5.17902091422952,2.4223488565424236,77.27377715349047,85,9.089673937070033,1
120.06092888159122,21.144276852603024,54.53997624964067,862.0536577154295,4.235292270412037,2.8808860578728694,82.1392583555129,75,9.519011140683858,1
120.61503576636397,22.991796702976618,51.196122070484456,934.632339151677,6.277619013231722,2.3208767130732437,79.59507942774884,80,0.5061507153139466,0
112.08366230593143,23.54567012767668,49.689335177394476,943.2291664952572,5.212326140667899,1.6916183962108537,84.72559450236167,90,5.860450552931474,1
110.24062525811462,19.800653074071633,53.071494220273756,932.1774037539282,5.961838832427397,1.6448414593233054,81.87792874478686,85,3.673025006133109,1
105.92526949201184,18.925761661462044,51.5277331654112,961.5080762734549,3.931671828879429,2.385961103501694,84.15104694019861,95,11.41995058926462,1
107.78361076166638,23.68182146624379,59.42901927486586,845.7245271772156,6.038756289614503,1.1762582880899293,77.24682542422705,70,10.352607748895792,1
94.48814283671467,16.36951849105734,58.362478539881636,955.9697222455319,6.0688892755441985,1.9688881475961737,74.92987552920832,75,0.09349929438891043,0
91.81801116577692,21.315737872763016,59.734409529160125,858.2612729927882,5.289767144356535,1.1315502489774207,81.83564159526681,95,13.857219373403359,1
99.96625542589048,15.889920117906712,65.07426969148935,843.5438428414269,4.1930779141902175,2.0395374033558027,77.5613599048037,90,13.820711216884785,1
98.29815377475072,23.19612881677881,69.90295297120142,931.9269680511829,4.953991171287388,2.3416281002847814,80.15161935924986,80,0.18952419906232976,1
95.46771950672725,19.225863453166514,55.99730714726046,972.9524137319388,5.611291147238244,2.111766213841453,81.58637470132045,70,16.551963859029218,1
106.96387447456715,23.805749706942407,63.795710171165226,929.2808091825606,5.234570019936534,2.375243743588239,86.20953765327363,70,23.15648236181947,1
109.5530520857051,21.474238269066582,52.18671852932628,901.2482414263527,5.601082738107764,2.785930776663966,83.93285321695,75,11.910470955933325,1
100.88406886291847,16.33033930981421,64.48005586866412,918.6092295660904,6.012245907652905,1.9425846250951966,76.59495163613015,90,14.894498182077614,1
114.77530081055262,24.27388319623173,63.49207325740676,908.1856150840368,4.351553346628078,3.1230603133115524,74.27488881121222,80,7.156388985984723,1
88.58310885866494,24.65373579928319,63.06732775954393,832.4429462318764,3.8449243790398606,2.085067982468062,88.53690552377223,80,10.671131904715292,1
98.06340540720282,22.646859477797648,55.75255872953219,825.4427913033051,4.962461198627758,2.3796660250761437,72.08670164012828,80,9.891622949839647,1
92.83177679397195,17.71523640489134,49.65313468807289,895.2704472315927,4.670256841130132,1.755574914173973,77.73748576154475,80,2.8281427980690665,1
81.3346338292694,19.081958136927774,43.84377249707619,904.7914101461582,5.7858464131561504,2.647725591852273,83.22622410161058,75,10.968298802147444,1
99.17319314157301,20.43628165221728,54.67970233983121,900.6799427020641,3.925501610341192,2.4166840794170517,88.19380623475016,95,7.164414489736679,1
98.78252491616716,17.8888688020057,67.26410033799347,940.5660968189948,6.02038187417768,2.588580521027199,79.05169237437903,95,16.787692237495758,1
115.13449743242131,25.077039717389614,52.521240789087415,887.0713970301396,6.353612109546766,2.0218017687095817,80.13671497135446,95,15.645563188047932,1
106.30811684554777,20.43297941517811,61.28101268368044,933.7787509142913,5.000304964262289,1.4978329742466843,75.62486289201287,75,0.8331505226838278,0
89.75813175670795,11.88995585867793,61.75161120415145,891.3247939604131,5.060736125581305,2.1841589758501625,80.63308056067602,90,10.407688265915532,1
118.54092566334188,21.018067438268663,52.73051023258262,1009.401537722188,4.232453498769847,1.3211920746705936,74.2492301034956,85,12.647964584122818,1
112.21033695525352,18.95552780954806,65.53075870015616,904.8428236035868,4.457339101025934,1.865525678551219,76.24857523390673,75,1.664766978542313,1
105.82097703468615,19.775220331644658,31.73071404415597,1040.4433566915407,4.591663319354316,2.0764321746529,83.81945277069241,80,4.77431596336551,1
97.73515901150168,18.8941419026429,45.2179977700946,921.1206954654518,6.442940067837931,2.950889717004307,77.83211591569037,95,18.071456930852246,1
90.40560763276521,22.42113924982006,47.67494162913232,887.1793697647071,4.928129214189226,2.1274194447767765,84.58624461026535,95,10.96184777866805,1
96.27793223928947,23.359063335660142,48.44227981706088,846.0331214244195,3.6778270433599918,2.0558149876332155,79.23246436675444,90,11.963928481383954,1
110.88748619704185,20.84915948677596,57.69010360948717,813.4266855565384,5.255354342112003,1.974787030385883,73.15579953564593,80,8.555250580442593,1
118.84586305934609,18.982066438585523,57.32030242443121,840.5134629362306,5.826290124622276,1.463163638093993,85.8418263785565,75,14.455768504742005,1
115.43243528272188,19.87598838557249,58.15192457740007,847.2236214501606,4.974588630678405,2.034330336005203,73.42336957474056,95,22.71224255290467,1
95.11150578213726,20.058798849732884,59.768651953059894,923.6892012247306,6.469213439726989,2.041153070454709,76.99106245569692,90,14.454375049225646,1
88.80382566710989,17.59270988040549,47.399163446834805,868.4300777363887,5.777508667265898,1.6125566018185131,79.00150459030928,80,1.2481192621133985,0
101.40886246911204,21.736785945713706,45.25459146554145,911.2156231532698,3.9508712701121462,1.525301754228654,85.02914310329604,95,10.49563883863575,1
82.31560634437149,21.380126971581397,58.1705574560629,976.9187017426012,4.448567187603598,1.8073717268929066,77.36757588654878,85,8.979322486413203,1
103.23167714184781,24.62132371933002,49.958143410828484,894.7314989019088,5.2262262814246085,2.025973191429077,75.36641418764958,70,7.666305982356546,1
98.52397413701331,23.766049340865425,42.436199637056234,1024.7494019080082,3.3338107619733925,1.8169783274474167,80.81336535780198,70,15.447664796859979,1
95.33963498131757,17.942975247229608,62.77075427633185,829.4513411796481,5.336356737470615,1.5796498201393914,78.9301713838669,95,16.915609069613783,1
84.05296932733205,22.460895123526893,66.16081525201838,890.9649870975044,3.2384175727453517,2.1157089008017222,77.6630470048042,80,2.921191243994752,1
105.13600106569717,17.147139850716584,67.45728711758927,867.6412245833412,6.0234334555645095,2.2155467296676914,81.08242678243923,95,14.650077071116602,1
94.67299160338088,22.08779630282255,56.49606177179776,956.1903963634205,5.907273684791709,2.048519083688894,73.98201892303435,70,5.688598461477637,1
88.30083164289712,18.450157403719675,60.00745676778322,765.6125021780327,5.504781360915071,1.7748069144492267,71.3907972951716,95,24.851792320872004,1
71.2773778671835,16.930240329873246,65.95894578689528,813.4130826493313,4.324121635647689,2.2379364084929034,90.69365053634128,95,4.532999435430231,1
99.72485094949364,20.840136028092214,49.868673679812524,893.5591906529422,5.170202824613539,1.9237850841092075,80.52093046680788,85,5.269493568461314,1
117.72251596669744,11.976298615537578,63.88542147243274,993.0826632605696,4.486622512485351,1.5243665170619403,80.87090440981135,95,14.872732200198586,1
116.6125921454787,14.747073276784317,57.20316987314567,913.5505100422384,3.969184722549934,2.4144977420005596,76.09005309661461,85,10.482290474571046,1
95.42903743413729,19.467524348677152,62.309693218740726,818.907152744146,4.6612569882285895,2.141403207706596,84.48849421747005,80,5.6106177718375605,1
93.97787939638219,20.247325299904528,56.48874416700748,828.1700044385861,5.698265536492095,1.9522838777217044,77.33257369927077,85,9.020501530269685,1
104.68774256075024,18.892043689525433,65.37005367798402,1000.3793821706971,5.043814192831761,1.3715791180661099,66.06926156109733,70,5.615340627003807,1
90.01614560811709,15.261691103847204,56.788190100332294,862.7319120722256,6.450709924134423,1.7020558883459154,77.16483329745684,80,3.5439583781789534,1
103.01791899819466,17.546324473584484,43.12816752426066,843.4221976530141,5.765780539480275,2.807426284953171,78.59293461037775,95,17.270595146970784,1
107.6608027838469,21.173627981712183,66.61541305851777,988.6423536378517,5.6586908139056185,1.3966631752477212,79.14958197832743,70,13.070831397610618,1
112.26933223884308,21.74534531188509,47.41975407222311,960.6658203352195,3.391073450554396,1.899460288143323,79.00494168627709,85,7.053009780850479,1
98.99845923520047,19.951330647212178,65.02446568195131,976.4435785960078,4.714841469844721,1.993465695058552,76.77542691511862,85,9.67596833515457,1
97.96326249823034,23.470501343110968,54.27805694847742,842.997487184051,3.9356275895658004,2.128190715764622,76.29239470148316,90,15.230672553907599,1
91.2201741324344,21.192191070377703,64.40808788158165,808.4936615391383,4.8169971203760955,1.4011316256694344,78.51010666603985,75,4.680142221386461,1
91.7311964596014,17.757633038125363,64.07814891893412,907.9899893617624,4.306723876076843,2.06967050256184,71.77261956482043,95,24.449874142294284,1
97.73521108098473,19.158493839765146,58.44114379452297,920.1075679844198,4.622395046942061,1.325557815011328,70.21201853094729,75,6.3839752920702795,1
103.67365506816178,15.791401528376436,59.06828254101704,921.8761082222899,6.061162732373851,2.0389715184782045,80.4902774495982,80,0.6128468119977448,0
109.13584626233249,19.67558302882575,58.38102893754053,988.6910361383401,5.475249929005834,1.739040832396167,80.57367437132496,70,15.105249101892792,1
91.96821049319655,23.336301857664015,38.889401949751374,795.9739745995051,6.007114428981635,1.653652293232876,84.39700290026998,75,12.529337200359974,1
114.92688568959522,22.055870254132902,55.946641751185616,951.581703077866,3.3993168909840143,2.333926863467035,78.72217344814614,80,1.597283189817329,0
97.2887639895743,24.206027977757365,46.07148659142484,834.2024973511609,5.057974696615664,1.905757502654447,74.03186393446235,85,12.903689488867823,1
99.78632705651565,19.09134426860302,56.369497149965305,951.3441192516505,5.966704981396601,2.189484321963029,70.30176592401017,75,6.264312101319774,1
92.52788320852177,24.03829938354277,45.856459628934275,871.5025977287173,6.506295914887156,2.202730764551127,75.54901962021567,70,7.927170886022392,1
75.75759739727059,19.42008732065609,45.5203844701914,851.1616922465693,3.4519116103075067,2.507981395582041,82.1125987202876,90,8.763779199680451,1
108.8404539636105,24.41475524770968,67.83947601403122,863.4058375830479,4.64851636383883,1.51669690335159,87.20724451704461,90,3.103061647728206,1
107.36843897092433,19.93442975767363,63.55557910499352,813.2633879534062,6.0342266740047625,2.3676062650079026,80.27042706385757,75,7.027236085143423,1
97.18672442881787,22.12169412141283,54.966859320446765,902.4257363900081,4.807721687188555,2.0065846489752186,73.93205054831944,90,17.853277168533957,1
100.66990717224871,24.425337092929567,56.47814920199219,853.6395965603725,4.089582325830277,1.8487501678521625,75.60039698747465,80,5.499503765656684,1
105.159392177041,19.419717114256382,53.01667179405593,947.1778938540167,3.450000821503992,1.540299792323887,75.75647037967842,95,20.25634696875956,1
84.37454143113457,20.655166962632524,59.55901100783618,938.4033648619751,4.051298465336833,2.2426363446171447,77.97005699217594,70,11.385795703108487,1
94.70947322653706,23.866590275618908,49.591565067609565,1001.2894231741675,3.3110983314362707,1.6311101914664459,85.60447712497435,85,0.7111495587933552,1
107.94264679621827,19.600990508209808,62.94992210294366,921.9796490124646,5.058460456834026,2.2071226347908572,85.99454725078391,70,22.849353215405586,1
87.4571057683075,16.037323152481516,52.975305271887116,931.2406660248045,5.89631018577866,2.7711323091868527,79.13872052612557,85,6.895622910440509,1
102.9355793216663,26.42902116375473,51.64122403335017,984.0059887096688,3.739025241091396,2.3919908161437315,80.915350550568,90,10.09405494381334,1
86.43418195376594,18.59070660698859,55.173704147878745,862.3402382383982,5.257729741211053,2.5565737300602596,76.01221053563268,80,4.9847368304591555,1
104.66429982433526,20.47626815281263,50.27082536059512,810.704507230618,5.8452710294458665,1.7123980891099873,71.45045777823147,85,15.940637907962978,1
99.64358517702516,23.46802000835338,57.629458795971864,912.0056435477036,4.997291673151651,2.305093218452798,88.94169176731373,90,1.1758980363180804,0
83.8486818409449,18.174518288806393,50.7010992854928,814.6419918471357,3.3893057050827546,1.5423140179454438,68.3875647470323,85,19.544041474079645,1
111.64739354457171,16.97639626033361,58.74818882255069,1047.2363203755233,5.386211554662503,1.9066068389701545,70.82079841167725,75,5.57226878443034,1
92.65408423201951,20.7612118903245,64.7280523112918,987.3298975247366,4.94535305523553,2.696508822487648,88.98202927579823,70,27.11718467971175,1
91.89747562985619,14.620770806262831,49.24542650553461,1029.8385799980947,4.843495351399144,1.7568631174294063,80.08307702335223,95,15.702024185945017,1
102.00569197230944,19.136281769396238,53.95539634163863,903.7468185997877,4.453162754239536,2.4445424736692374,74.37042546455979,95,21.715341616252857,1
111.48637349428715,20.735115992946216,58.69064570428338,933.0344156220958,5.086787426274041,2.406258693199886,83.41351815544655,80,4.2668976943081915,1
89.84178181021603,19.190144309524506,51.51314116014875,872.4314740828413,5.50981790844696,2.429896500088335,83.86526653022989,90,6.81637052196679,1
100.61679849847971,15.369647170442757,58.71456448661332,952.9754883352051,7.390648134335849,1.4931992095514908,73.33657177426127,80,8.329285282173409,1
104.28816500330574,24.782533868612035,59.44319088521392,827.0674072769366,5.112332068387205,2.210080386406272,77.33577311765212,70,10.479675882360178,1
106.93105607263143,20.310614461847525,63.66609421035443,747.4144086315133,6.511141160012674,1.9373605736332546,84.38122931852861,95,11.177653348917252,1
101.76441555277225,24.293456353285222,50.1520796313207,852.557362830686,5.357755083426877,2.435398743011645,75.91547126814754,85,10.687680861002892,1
96.32972160916678,19.219891249458666,47.4577980781562,812.671591462961,4.900471672352246,1.3379998401092619,81.41081869306916,85,4.222566243448047,1
91.7240977935128,17.35996405492771,52.53938088349005,988.6756041695721,5.148547527711292,2.147115155626241,87.12406093183137,80,8.905076164789207,1
100.86143883046375,20.80754276076548,47.257981283623195,1008.940647304819,3.7782636303074906,2.0905500811360267,68.03757584229442,85,19.95579312671245,1
89.27860988014393,19.35263862101534,59.51598563237998,815.8242556552134,5.305860270752038,1.2039533051004259,78.2937584033562,85,7.889695996051538,1
70.78649516505392,16.466715626025927,45.70598959858871,977.5029364512744,3.0079349351786275,1.6458318575620092,81.30817999283745,85,4.34331765548535,1
104.36559804157667,24.409352776362486,73.6641313460215,957.0830990100462,4.137333642111468,1.2679391147532595,71.03975307028296,75,5.280329239622726,1
109.03934841086195,18.13318933131801,65.36742289259,805.8133989168674,5.109843093133811,1.7094578792308373,77.35194304873765,90,14.053396612513719,1
76.37067564458161,14.479200845613295,55.10060615680251,876.5839481441029,6.193982273178844,2.219686833866059,85.22249322070907,90,5.3083408658788125,1
89.90269295290062,23.984498161871997,61.939155943983806,865.1901766725288,6.430624396998394,2.078146230259443,76.47842425628055,95,19.496395519704688,1
106.19154261005198,18.487105952562132,41.905585085513664,944.879723917632,4.763453420359065,2.0677600322374197,72.5783678205712,70,3.6833826008160027,1
120.574954697117,18.17652832215313,75.18698665119646,826.2732389456992,5.15571731953044,1.584100756427447,85.65415911581131,85,0.7695989597780126,1
100.20793707675408,14.703837238910078,50.27828310239608,894.0676424604311,5.984362469582027,2.4481801966042127,82.22250846765216,80,2.7781355845652023,1
92.71997058770866,25.22282445979097,54.036020688805124,858.843929763023,3.670506427807081,1.992472128655464,79.65571854247689,85,6.287389950027188,1
98.1710355889516,16.13155823837094,40.152533702492505,928.4004710031086,5.404747505315504,2.0134815249030034,79.50804086445989,70,13.582915520656979,1
113.74876419148185,20.17534844211695,58.89029843792716,886.9924780987243,4.172107132634191,2.3761598275784523,85.14141235552471,85,0.16636747708789096,0
93.54035820875465,22.737860967621323,46.14924674338313,867.8852577635763,4.828174955323282,1.6034617009229846,81.47264162504615,75,8.630188833394868,1
92.00807993349747,21.26515079900929,55.81324609252823,887.2022054620753,4.540976749505685,2.091419107948769,83.22806073134271,70,18.89722961620387,1
95.17256477817968,19.821037064023425,50.64580453660369,1022.1625699704067,5.435358127048147,2.169384996640568,76.53716802596458,90,14.958702193372694,1
90.46671391741287,14.89500242513775,46.37804852055725,874.9860218328366,5.55030367400909,1.7817727398824608,70.41322495596627,90,21.763083382259698,1
101.22670315994796,17.570825492698148,48.56510798589906,837.5396869029728,5.891078677397397,2.2609493523039106,83.10956850104228,75,10.812758001389701,1
116.2467845846956,20.563401014127567,56.80630427268417,935.006014149358,5.348198828464448,2.190849268251827,85.5046396083309,90,4.9948448796323275,1
103.23079273116029,17.638477790039012,44.748072217049405,891.3885198346226,5.171653769968897,1.9595293150890298,78.87719016163759,95,16.971378777223595,1
97.47646497873713,20.610078379996303,49.009506631811384,815.0859641480116,6.854023800438601,1.947139643946055,84.43878291896756,75,12.585043891956749,1
97.08188731084456,22.045230226445426,60.306187050115824,1033.889780112148,3.4756409298028226,2.209419063148522,78.32393603411542,90,12.973404406538421,1
84.36809191303342,22.887508657400303,75.8198389989945,878.8512632648011,6.69560986012924,2.315388416005276,79.54650419340764,90,11.614995340658176,1
108.83109777147159,16.32146192656195,58.82071055642404,877.327832762319,4.710178091131604,2.025159966962656,88.76214394193636,95,6.566164271645938,1
99.22162802987198,26.58993816493686,47.6619068625817,909.5901211144859,5.570891586368305,2.448075784162739,78.54239973146785,85,7.597176786508408,1
98.19520086409375,22.30243803366239,52.06308663942151,1003.8070061525303,4.674340319406399,2.263410384972233,78.24715303723303,70,11.78164719604719,1
131.93107567844862,19.994857538992807,55.25271204922063,799.2152804088603,4.297458370448374,1.284614420109274,70.65010238396343,90,21.499886240040635,1
102.98752908365687,23.26860974922992,52.204600394914344,916.5591509652323,5.484577192794228,1.438041320983143,83.45036579990496,70,19.21480828557851,1
92.48208949904816,27.09622331599992,62.224465333895466,1025.2363297076176,6.042128308614442,2.4728940876086645,76.45079317272847,70,9.215418818183524,1
95.73642403794457,15.683839696829391,56.739787864113794,907.7237208443789,5.473007954967405,1.901290747411641,80.73612505506347,90,10.293194383262813,1
111.48445709196754,19.32421207252594,62.26281907927896,825.8799612417912,4.457884213317118,2.0656703291189897,78.42480456283641,70,12.035435089766306,1
101.13270410537764,12.864705020380015,52.48444967761897,862.8961888223608,8.611350062815669,2.455716207063658,77.77103642254029,95,18.135751134168114,1
85.61722021682634,20.577954597944075,65.60400175777005,912.4129517854075,6.198573670866252,1.9974355130512635,79.41135255069179,75,5.881803400922384,1
109.19228934575203,21.09618272577542,53.668115325747635,979.8482349383917,5.933342304207253,2.0149070438357395,79.79573830220296,95,16.00448599768109,1
93.31855914461006,19.882513653671722,47.23048104689607,879.6398493350364,4.647035769257796,1.6525083068833086,85.88039529817613,80,7.350494122720157,1
118.73297776217545,18.03639928700507,72.41856304833777,949.5991078459459,4.374834211710961,2.147997802891008,87.6010592834629,75,16.801412377950538,1
110.80048065714648,13.851456451435023,40.40017802431107,813.8778703771867,4.720160924157061,2.2346048875867295,83.25357551220795,90,7.496027208657839,1
95.52678104341248,21.120601050235305,49.09009019756058,813.3768978242967,6.0814065443924825,1.7688472651988576,86.35777956735429,75,15.143706089805715,1
112.81016361735112,24.366303451745974,49.98377718535684,871.031958678903,4.009395662924172,1.6311914486776533,84.27073735373358,95,11.293960680280442,1
100.67855510527403,18.226944632799704,75.0664501844525,986.2817233123957,3.931796168545683,3.0505157020780915,82.4730705096791,80,3.09133813709888,1
108.52773675122219,21.320179787069435,69.45487107317209,904.1324783708261,5.539547533361018,1.9628366120606868,87.27571467646722,75,16.367619568622956,1
104.84732817294474,15.295567059739849,66.95142514913758,917.3886717339972,5.31919644464212,1.7265230641562834,73.45762684537338,70,4.9394669219619765,1
91.53643345009127,21.37163919107754,52.35473070098934,916.6847757344116,4.229686462109104,2.282634578116905,76.57768899375382,90,14.913678895829083,1
93.56450167682539,18.81985310676603,74.4094240307342,966.5524789552038,3.9087964215847752,1.9796823859088433,75.89549236571953,70,8.422131951027906,1
110.29960817581161,17.712746148191258,57.94681603072777,863.3867584477288,6.437896993368432,1.5656934706951589,78.4930604168027,70,12.132943452575294,1
96.65224667893459,17.718909076351608,62.81810696242498,941.2971065092939,5.357004425299562,2.193221428660578,83.42950179042147,90,7.300553566198367,1
95.96351536758003,18.81916525390097,56.437563048849654,850.1470401686922,3.636464136271967,1.6587516123696726,74.42448273906626,90,17.306130289926376,1
90.44877420650647,21.147299947077606,54.60426742941399,1018.9963593552457,3.7063744639177063,2.6305832008622536,82.51399598405553,85,2.9247106069934983,1
104.23599065593461,16.063510396413445,52.985770608588965,851.9765337421986,4.63848802754953,2.197801851900961,77.0646954079788,80,3.669130740026496,1
120.62524919243145,18.808654005296443,53.3228800526467,847.0566418152828,5.732841806997633,1.8892478301895663,78.26467973406528,70,11.806685334378974,1
89.32467085745728,19.875584666002556,59.86793318942463,932.9801888092829,5.59500880210828,2.0437388072088454,81.00207831716928,95,14.734654402979707,1
100.24219456672758,16.70288232640442,57.93759839020311,904.7873058859394,6.131678537001218,2.3613152484392774,88.4062406953075,70,26.294629564725003,1
114.12220555415429,25.38999560502505,54.74822903837053,919.6111443756561,3.5096501925392025,2.0743845014243196,76.43826473872936,90,15.068594734745158,1
99.20358608754285,17.439513559815975,67.07619194159084,913.6388277295391,5.2238466897796565,2.8488437828934194,79.59953303253282,90,11.556074408296869,1
104.52371796249734,17.99168925909953,31.265975450074155,834.5764680715537,6.425910332321361,2.45434700655821,74.60887387201473,75,0.5215015039803651,0
89.3760647185312,17.065076150532505,59.079097983369564,996.801535744769,6.332801730476099,2.1950429470244486,76.3902614182764,70,9.128944883251993,1
104.28307097207649,25.395440261414354,60.74190965327184,953.6125323533465,5.358909981412686,1.6252056505966064,74.56329282537763,70,6.518989750539471,1
98.1285573499545,21.658715685798445,64.17570294604135,981.536997076027,7.348018508653876,1.9412447584392036,81.22392543983285,90,9.751193955741273,1
109.85729995679863,17.190223981269074,54.48102847157311,868.3001466533746,5.60928511641586,2.191549988020981,82.1265438474439,95,13.551006476374845,1
111.87386051564751,23.318694676579906,56.66336053907166,924.9914126829103,6.042746632841343,1.6708554336967447,83.43524673361914,95,12.173424490927223,1
125.89563642018614,20.602096082866634,62.88758706651777,911.8421077340814,5.044447918775507,2.51737074998518,76.23175144546829,70,8.902502064954701,1
105.79633173213576,20.771760263334507,66.92933123424145,967.6801575720905,4.219024707155713,1.6103370632887837,82.53971539272513,80,3.17464424090641,1
103.25796316582166,18.966568373742643,52.59571211856986,969.6148879097772,4.124790799221254,1.745109720781639,80.56550039124009,85,5.21705836324695,1
101.94384301577335,17.75175203912908,57.135806265020484,911.583048177487,5.18161521479442,1.7750803260420474,79.71123751374336,90,11.431958318062938,1
96.46833707189312,21.013298297163804,68.42859171479006,808.9229320894049,4.788497993149793,2.2975297842532534,73.79288586246145,90,18.00790459726506,1
103.38483843461691,18.36473831001323,38.00778339296919,1006.7797132252614,3.231414330086519,1.6780254531316907,80.76626749659057,70,15.380382137986532,1
97.0459858986097,25.450266888725313,49.47989920148332,933.3592460214084,3.974206415074259,1.280009371832378,80.92478309955582,95,14.816017789941238,1
101.68460976269614,16.192126684270686,66.7266878288237,863.4937775165315,4.681596425945907,2.4352155343046853,80.50864222271117,85,5.283950326222149,1
113.17597535607959,24.608470318564837,63.74030266886642,924.3925282960017,5.72727937593716,1.8222454859577752,82.00025378638605,85,3.5291131924869954,1
89.9345743472036,19.666043453606598,59.17956168741355,809.3343870928486,4.983926113837925,1.5725969471392252,83.47297829534715,95,12.13370705752932,1
111.39878561129045,20.89725720206332,51.41122501512704,963.3211840482627,4.927935789499486,1.698056578718984,74.50988345521141,90,17.211240605320658,1
113.17115067339866,22.499473299888304,47.945452008116646,811.7272953432508,4.013087372996684,2.6867050996737403,78.91651956785824,90,12.314978257935284,1
98.81931473008922,18.109252114986692,50.27027504606101,886.749930477775,5.023166080062099,1.7371825210908356,82.57883800782122,90,8.245735546865312,1
78.78145100991405,22.59274515409591,67.38406576654954,914.6672669763329,6.319101027445988,1.9506527578492394,78.65802589562499,80,1.6774676304687652,1
93.92178012905568,11.87736843385647,49.97245848675723,962.3303827189256,5.155575112758557,1.8212326550855937,84.79711778530923,70,21.138739693298895,1
112.96994546561109,17.840031400334183,55.811383713917266,906.3926805860624,3.4926864185181383,1.5069349826264975,80.45089248346282,80,0.563615604328529,0
99.77131937701118,17.227811577976805,48.970338841106035,938.0977724167531,3.748477205695469,1.7029125751012146,70.22538679438225,90,21.971792450686394,1
90.0069776770509,16.239481962884714,61.742192240792214,898.3099854930269,5.588788877223153,1.479556637197402,84.19714459598848,85,0.9445357694253222,0
94.95225078771783,19.355135485763146,50.69018975722847,898.0688429433432,4.775684524777381,2.382352510272286,79.41448386572335,70,13.449262665319079,1
108.40620026504553,21.157249904545086,54.21924887876469,905.1286350208978,4.925419769896486,2.0403516258454384,71.15144583437356,70,1.644922620533659,0
105.4673356820138,22.107979995497917,41.532942935657395,888.6565247488576,4.387265824985243,2.9930711048697285,78.73855069856602,95,17.117315054141034,1
97.61067900830305,20.722630271601222,42.093054110360484,798.8057854151139,5.503412212199913,1.7164357100037644,73.65817810692694,90,18.15757988119229,1
96.33175588185313,18.00291960531936,55.06138554657205,853.9005903782023,4.699082286754651,1.6564559015417522,83.76565642797077,90,6.927048413365814,1
96.08241850956178,21.1070493134755,44.3987427584179,914.6864904667019,4.813386778271395,2.6135039073421313,79.82079509926918,90,11.310227667478692,1
90.77589815501497,20.372857084552553,71.84069311467601,885.0527397906768,4.148776608336874,2.423190812827254,75.38127317599117,90,16.243029804454256,1
116.15375689469442,22.808168503808048,38.507815103102004,890.6514550690856,5.92169129814277,2.1539060087084088,84.0542402848143,90,6.606399683539668,1
96.7767953078866,22.33081010879455,48.598597610687165,880.5987798336771,4.778867208383579,1.5545233939646914,82.29262832998124,90,8.563746300020842,1
112.17158520825497,20.091429241761887,55.1336069381404,848.184096436091,5.60788033311976,2.6979985070911736,78.82117631487321,70,12.601680449818875,1
115.21316051922452,17.308240981516228,52.07893649763373,870.4140323414224,3.806408435965982,1.9711587360918608,73.7720128023182,80,7.784983997102249,1
109.9831089814796,18.04114953250376,46.16683634668865,881.5900953366843,6.733883138378609,1.8277299486019856,75.78763103231704,85,10.838081138450544,1
95.68379687281951,18.3506319210859,47.33657728403786,900.308588432511,6.277374038513223,2.457183894767312,75.7127104514698,90,15.874766165033552,1
104.03730090336609,19.054200998251233,47.074767380006094,923.6027006681827,3.0902023303410733,1.991081951498508,83.73248601632194,85,1.491192921974185,0
99.75804393609084,20.80415128276926,52.7062264414395,889.1669825468556,4.198062524936285,1.5337319657472468,71.59551357177887,95,24.63630150339067,1
90.96298139269872,22.145523170384177,70.6154327161394,838.2206846584548,5.477634391009885,2.0161210397994327,79.76382591718459,70,13.948322738835127,1
103.24359281721603,19.846643920953866,55.623498372465676,816.115077604873,3.680271343850996,1.6874604793716945,78.74857804613957,85,7.3546140633652115,1
88.20960208840198,20.048374363701416,64.4632039151002,1055.8462324425134,4.868405917836674,0.7962635429267304,85.17769508887709,70,21.682421555538696,1
111.87679388461564,20.429918915000012,59.055810766625136,832.2110981841262,5.426631785976797,1.6473159231399472,81.1636827883766,75,8.218243717835474,1
95.35382702701607,18.45228406060298,63.910899183857765,868.882499924137,4.815274088020517,1.7889057716528596,82.67605142571834,80,3.345064282147927,1
102.0115965587284,17.223823227071133,32.60028557925132,931.0200181508361,5.538838703537096,1.5377419562827808,77.37319998134991,75,3.1642666417998835,1
102.83287871546142,14.73368630806787,52.564335830814166,921.6516365739409,4.306670095398118,2.230098612845615,73.8450090624737,70,5.492870089248133,1
97.41095026295923,17.914551925769384,65.4570833852057,931.2519415536943,2.755818457831878,1.6890208970684872,78.37262012061754,95,17.502505136192063,1
105.86693801475275,21.41943635980336,50.42611341800533,873.4369758280694,5.98211531216506,2.1913704803337826,83.88581192963215,75,11.84774923950954,1
95.25096343377476,17.891265685881297,69.09978531895689,914.3134842383728,5.97581465360253,1.506672105452674,83.87445315575884,70,19.820647365369776,1
108.71297297457244,19.286578887722182,66.8711212301421,903.6806198544518,7.503636642288333,2.3636875684330154,77.84706214442151,75,3.7960828592286853,1
86.54020319753252,21.399293862236952,51.246954270980304,881.2721179475228,2.7928134820656854,1.4894069893334032,75.69628097675721,70,8.137544252510299,1
101.26379579546412,21.562068489268007,50.974691847629146,914.7245845062804,5.750832109346815,1.0633878362435707,74.71660437546407,80,6.6042445306699085,1
119.38928999058285,16.76140144350188,46.89115326116425,963.3219328050424,3.0313178619166132,2.4949050340652907,79.31686698636719,95,16.50856106698191,1
89.99668675394425,22.991178069360924,49.96324614508962,898.6679865938803,6.756493281675319,1.6576424785075314,80.68275585859666,80,0.8534448232458303,1
93.22255029475149,23.382050268066457,45.139287486648676,899.0671707813854,5.4878668336960095,2.702771623279763,87.3659575648788,80,9.207446956098497,1
105.13907849658915,16.61045042834432,58.43048944346405,964.089662092559,4.048071152323747,2.225836760483228,80.61665378809437,70,15.16664826870624,1
101.79581781939598,17.528489391076537,43.35162805322853,957.6816215891288,5.780222474601436,2.3161053273525014,83.06882996903569,85,2.271964742310953,0
103.50630099273559,23.573272049438575,59.82986412952177,995.036186457809,4.4469549922830645,2.418189000186429,76.0976600604789,75,1.4635467473052017,1
104.89187130147664,19.559439436234097,60.02462957520199,794.6261859312253,5.300416099551269,2.0450717384996278,80.20850502464562,75,6.944673366194157,1
106.3472146856177,13.340666157644447,41.71036475852862,954.3071509901633,5.205960716209084,2.0496221671354156,80.70039227768433,75,7.600523036912439,1
111.09699841956223,15.800955485801941,67.39854885062671,936.0948027241308,6.7441681361472945,2.5125360096777234,79.2973473607781,95,16.529108041286207,1
104.09818656928512,19.251891124482555,59.108874355321774,846.8608561348041,6.8149259100865125,2.0445433982792394,79.89090601565037,75,6.521208020867164,1
97.58742345381458,16.510872049146194,60.997584171558955,915.0952750799307,4.402734626726494,1.708729261281356,80.63109233810053,80,0.788865422625662,0
106.72573701202731,18.759728688090675,48.93067838765782,963.06730486548,6.058105617996036,2.2343034240648896,82.40518406547157,85,3.0527246288569723,1
118.99881934895215,20.097188641050735,59.979032947784944,850.250464650876,5.354840155570297,1.1545426342460192,85.8455902170688,75,14.460786956091736,1
98.67366253617426,24.386763812104185,64.01114759777653,926.5537457413684,3.587317932993088,2.5278235206240853,68.67226104180145,85,19.209104656704177,1
90.25470695329359,19.128638251316634,54.211132807962585,952.2812205438611,4.30377161962782,2.5361756543860365,85.56868757069344,70,22.240982243847775,1
111.07080669286972,23.217625398718276,71.01537967398689,835.7388262481107,7.336146099599624,2.4792666672492314,71.44595941841011,70,2.065656312014446,1
98.79618836046401,24.28628048611031,55.3525170793035,891.4628584532911,5.357854401104655,2.463908784951078,81.54381410518376,95,14.16440620506973,1
78.27330453985964,24.30292900805623,64.1262864036198,918.0581025985447,5.999779579517522,1.9663298698635507,91.77814484544237,75,22.37085979392316,1
108.47421677150422,20.854263780156703,57.34407045806924,852.2321096674227,4.787955687633009,1.957327046202791,79.7872985578711,90,11.347446046809893,1
94.64671814046078,14.110132556483077,59.68417226285494,847.2508080543872,4.460058085280658,1.5081439640916574,80.90009569707321,95,14.842004529396618,1
99.0946671769584,21.382474596211598,41.629341858921826,891.8973238882336,5.027264507634475,2.699216500684419,78.44870143039766,80,1.9391232120029225,0
103.31980330569014,23.14519966344062,57.96842990572291,948.0983830142216,4.733895944753783,1.805992730789489,83.33631173632469,95,12.277566593342433,1
101.90499679779066,19.75679868369375,49.12019918994187,938.6240400715266,3.5067470689684015,2.1359541239007522,81.81104276319871,75,9.081390350931619,1
107.09451817139039,25.233751610225745,48.2288135537785,848.3152362488195,3.996674542545968,2.101618113181911,76.61976377610465,80,4.22529527986919,1
95.64513629430157,22.579500684402372,68.95282547572782,939.1300731069412,5.707884514412231,1.4638323273583373,79.42823472407589,75,5.904312965434523,1
105.13105798176083,21.70482013145835,53.28983801550121,849.8436134300094,4.619309310897589,1.3021299903507177,74.40781748111394,80,6.990228148607577,1
97.40453322416083,23.259142133617512,46.973585352196025,803.3898121203939,5.025704882027907,2.0022346483469393,79.40529289383842,90,11.771896784623976,1
107.38810480887503,21.000109553782636,52.126946975129,877.9713857371661,5.23492305049721,1.8184975529553964,77.90313906541631,90,13.440956593981875,1
106.15367484013053,12.52156850181394,44.59639816862469,967.3781622951442,5.31305004881872,1.9642252563026659,80.68270475795359,95,15.07083709689096,1
90.64561297955404,18.502583145588904,66.47107574557016,939.3576331284825,6.146579061315371,2.426166252081293,76.4504305142903,70,9.214900734700434,1
110.85982116175032,23.59150408174356,49.43455404666788,899.9056915576083,3.901304184931468,2.0899776602148092,78.927841549569,95,16.918061526769478,1
94.64036554885952,17.577225979705112,59.23439947154935,874.9976709845365,5.570252723543625,2.3034090163058925,80.04386387594072,75,6.725151834587622,1
108.08057798281145,19.329582484289183,65.8488537136826,876.6142718330141,5.755027793519647,2.178131264870231,80.39208848978328,90,10.675457233574138,1
103.6728731340134,16.865491058290786,50.99877855028217,906.5270943516477,5.985851779001505,1.8734663227040673,81.37141857852922,90,9.587312690523094,1
118.38183676795123,25.351767785605308,59.25617945818229,835.8937508492503,3.5870824005851274,1.5992787331227745,79.12916167359506,95,16.706145606742037,1
97.76534017628148,25.044477372254047,46.75931156076456,879.1135592879222,5.254819218346999,2.1058871472453875,76.06653170534152,75,1.4220422737886906,0
96.50683203881802,17.348393314577812,74.56615655290948,887.0658323184139,6.716075946398517,2.0335570477384364,80.41036636324789,95,15.357509091318011,1
99.80580394112268,20.441894001167253,62.49104107693298,818.9355324929102,4.900879480843376,2.366062535001899,79.10571087202119,95,16.730830661030325,1
96.96820217165725,17.958517856707857,53.45914848991355,849.6931049461455,5.4834947019642915,1.939639972111003,85.12322821053606,95,10.396601883646257,1
107.9994190194205,21.844833917094135,48.81733015288829,924.6304074891829,5.780395594585185,1.881063381953791,85.7537075045518,75,14.33827667273573,1
83.83689391563412,21.529049231726987,54.088027577282986,900.5707103964596,3.97453015560174,1.90820024648736,73.13959782281489,70,4.485139746878417,1
89.46317580853646,22.435116714839797,52.28013022118785,881.474292528397,6.833824728999975,1.6325093459978217,83.08577274208875,90,7.6824747310124994,1
89.32197078420806,20.995755343123662,70.62355643199605,845.3143537477222,5.499500796968904,2.5787639779281832,84.08872080544954,80,5.110901006811925,1
109.50307591973576,28.806218619165403,45.19572222228078,994.610989535353,5.519502814193427,2.4558515018463045,73.2708435206793,75,2.3055419724275907,1
117.10613372581925,16.916228704967782,56.078411386321626,849.7212471192408,3.337972621989465,1.5147880684167812,82.89736409456357,75,10.529818792751428,1
98.95550781462528,14.868189936690458,54.85329546693032,915.0955684357042,5.7945447982133125,2.3215792567890197,84.4797745888315,75,12.639699451775337,1
98.31178276809989,18.820729397895615,54.060717597241045,870.7278547155723,5.506410341379137,1.2619979744270537,75.25176681060705,95,20.787613883571524,1
100.70052163113182,15.296035203319198,54.13106676049326,902.1767575583001,6.624191327722064,2.394115693244409,78.81829188439481,95,17.033376963794936,1
111.6187830260819,15.522613189982023,54.071433519036134,927.4565845164224,4.6887347856956465,1.7214598195569297,80.93159967910111,75,7.908799572134815,1
90.72646865809426,16.9960560374061,61.984528530656796,817.7846046475269,4.012341670401558,2.1439602230713004,82.85229030049639,90,7.94189966611512,1
102.38368982734785,17.233433283705118,59.87187557193948,899.6030253507907,4.317761005225667,1.2281961241833312,75.05780294776199,80,6.177746315297519,1
109.7519762978243,17.13614569414982,58.35129289098229,971.4437189387908,4.495021764992702,1.5205183073288198,85.78503348907806,70,22.550047841540085,1
105.01094169939844,21.554656851336233,30.72808510283785,1005.6901136095202,3.881153481868626,2.1874811868997637,69.85325934967199,85,17.81969488273884,1
101.89581616598744,18.481432816743993,57.39835899330531,892.1991616046921,6.290160023765993,1.719636726646888,86.61872774462749,90,3.7569691726361203,1
110.01046092567141,19.46145627538256,41.754885118639336,902.5008724330145,6.327697862931666,1.6640148518511206,82.7513373389496,90,8.054069623389337,1
72.96767707000762,22.682698323502805,60.1705613050866,1032.679981716092,4.804208298859945,2.558344678980839,76.89114244428598,85,9.539832418487087,1
106.77875319530908,17.701032425655722,66.79597894056411,968.0954568959519,4.607240077915806,2.88438368450915,84.3220292135354,85,0.7976126899583512,1
93.45924316872576,19.206362303885832,47.590087099291594,862.9629258446869,3.184518086680688,2.374805574727793,74.76100478198936,75,0.3186602906808578,0
81.69367103143543,21.097279958278747,52.90575422125835,862.8609929468327,5.6959612553036045,1.5632477713059745,80.57468027196937,80,0.718350339961713,0
105.11202599524981,14.175296598139337,50.20515435957603,957.3929677072362,6.653440108825843,2.7054077331270796,81.19252436904297,90,9.786084034396698,1
113.73658545162958,12.845283473148253,64.88345420605441,839.3377721972562,4.362805282740443,1.375427096140647,81.18067406979507,90,9.799251033561028,1
98.62551485372308,21.038351986393167,55.76022308217659,965.2636050803312,4.883215474223602,1.8782034183698697,75.80141221442327,70,8.28773173489038,1
109.52874547202939,21.476042841700696,68.82663504453066,920.0579978250605,5.4342914613157305,2.021911106794949,77.51961413821212,85,8.800453955044565,1
116.12278257988646,26.19266040455723,58.3100336235791,931.0632458416244,6.7244183606099055,2.7696151375354994,80.63372433075408,85,5.136794904995203,1
113.14914453584048,20.47428462760043,56.93960144508655,884.5959717911968,5.199776221835094,2.3650636550206903,76.3662812851671,90,15.148576349814327,1
116.39964529371393,22.459219151774285,55.545654260822694,862.2105117452154,5.1954299160265185,1.814496922080192,81.35726397138303,85,4.285571798372901,1
107.42127491071892,19.41358206924208,61.543936794058695,987.7195698520992,5.179318501159803,1.6220174916881,76.9293701588671,75,2.572493545156135,1
100.75433638901593,20.89168166475526,41.09851041403725,885.1957631667915,3.574967493096327,2.4008770615213018,85.00000013038621,70,21.42857161483745,1
83.98034188102831,25.001770525248602,55.68275164416408,875.3438954055683,3.553209346170135,1.7866564171118577,87.81342475285467,90,2.4295280523836973,0
97.53937511870052,13.628021545623094,54.43962845017628,895.1917759272114,4.192004830885128,2.08669603514599,78.5126791267137,95,17.355074603459254,1
91.56753404683809,21.24084877271504,60.80335061726213,911.5813279630765,6.012890574037373,1.4520894042963537,84.60129380485053,70,20.85899114978647,1
121.70942717497813,26.4067601902321,53.498387153007705,838.1504923968331,4.664642929454007,2.22770314208968,78.938477292117,95,16.906866008297893,1
98.24114187567663,20.846102657628027,46.69012452669864,866.1077103475853,4.470395951197707,2.1954780582989915,75.31784401629328,75,0.42379202172437164,0
101.23204806784486,24.951718889698544,55.058805399357595,862.9180755656365,4.452825395856232,1.5033519753367313,77.87141129722418,70,11.244873281748834,1
105.51485376040468,18.112363551411672,46.33727576905325,950.7168182764109,4.8623431215273225,2.412649245148656,80.42784870378107,95,15.339106627598879,1
100.43602446372454,19.90385751750886,39.59790229930012,846.8422459200067,6.70210793410164,2.2218983232971126,71.06521167786464,85,16.393868614276897,1
116.95051040430754,20.100574107165762,60.81697985188394,794.6539285345168,4.848802614302879,2.2960097011120393,83.12828380722748,90,7.635240214191693,1
93.77350638265548,13.347226761923688,59.632492581557365,781.9743262256308,4.213702594625142,1.8485285228999477,80.43010424468181,70,14.900148920974022,1
101.94607455237242,16.4954665164494,58.7367275519486,811.777191919457,5.025245629081633,2.071582564514577,85.00271978734577,80,6.253399734182211,1
92.57529414301952,16.709374761848043,65.42342737556649,981.6922921708867,6.755083605761537,2.02535154754613,83.0406877688568,90,7.732569145714669,1
86.79977488779294,22.466198234097583,49.679744877568595,900.9723959690431,4.497175281064385,1.940731838098308,80.59974158581944,70,15.142487979742064,1
93.88230909094715,22.616459317052165,43.55108685782996,930.0749452084322,3.818994991569055,2.068201311266338,78.22082532325268,90,13.087971863052575,1
99.62963202951588,20.9721093281196,54.439761785535644,932.1892636272797,4.499008730269583,2.502577189518553,87.61430860851493,95,7.7744119910369145,1
95.7069777548274,22.472308690567118,52.21999760235272,903.3710351035393,5.128763736348433,2.4299802554815706,90.84936343418016,70,29.78480490597166,1
93.07579020126144,19.507551761834677,48.26163426583945,895.5131222009215,5.68824095082534,1.5272557290124573,78.30425297470094,70,11.863218535287062,1
85.93682536328166,23.605795008618628,54.36120677209763,962.6715857890885,6.006883578682245,2.394160726762776,85.21146736851276,85,0.24878513942677302,0
99.16894427371305,20.026365327896215,50.107158830363325,908.7597548587584,3.954282726037672,2.4764573490992143,76.46625170517349,70,9.237502435962131,1
84.95279625968998,20.17359214228027,40.31195773314535,983.9458487558048,4.0491546655409305,1.9395289306590535,77.0615702315547,80,3.673037210556629,1
107.60055963689602,19.203222100212766,51.47058647364992,937.249796717392,4.67673774061251,2.2033788415191107,78.0687752425075,85,8.154382067638236,1
100.82439752934503,22.053351432909285,45.90899866636914,862.9322235911383,5.684493024696896,2.197600666921207,83.42341343803174,80,4.27926679753968,1
85.42448500535069,18.73640355016126,56.85318457288738,870.1719585678038,3.7399921023477445,1.6600133533302794,74.62543352830471,95,21.446912075468724,1
96.90790922950137,22.929294131594204,49.75172193407476,856.3521116127432,4.392673089582303,1.8472174849886687,87.74982113502118,80,9.687276418776474,1
92.47843594409417,16.60355257785198,63.893051793128414,973.052881317043,4.407256270588052,2.3003240955406428,84.68936128686515,75,12.919148382486867,1
103.19174510419181,16.70325123581542,67.83092853814293,875.6969428232668,5.941748855364371,1.8016711052674195,83.3075760271444,80,4.1344700339305085,1
113.40450446023145,22.062280265379513,60.43505098409525,852.0916321920221,5.528260760664438,2.390199823704923,78.53092666998656,70,12.187038099980795,1
81.24827530354256,19.734367356250964,42.59179054413344,919.1866824676092,5.90371836104992,2.5219889763399044,84.14743794928371,90,6.502846723018097,1
101.15026079147417,18.638325751540616,67.04156799103231,894.1699736176498,6.338677974233054,2.457468736792188,65.41318569348468,85,23.043310948841555,1
98.3986720443336,22.67017319742638,67.60576360299012,917.6741107545098,4.694349904910919,2.791921841267783,82.2045068174625,85,3.288815508867645,1
106.71340076450466,18.178215757741746,55.15032409046353,1013.3888342336306,3.812593845146318,1.963707087083555,80.80061033831373,85,4.940458425513257,1
102.1319662823769,19.39939623709889,65.58340928268426,954.7842483557316,3.81903638215298,2.0708804295876253,70.56892217391052,90,21.590086473432756,1
92.48030668261181,24.19768385021348,50.58659889562657,901.6206332581144,3.1618924349411603,2.128265219105056,82.03126491366085,80,2.5390811420760606,1
96.80946064333382,24.617427037431952,40.07003252120329,815.4945969476395,4.541233170333808,1.9758408300037047,82.95445862938037,95,12.679517232231191,1
92.03974143196511,24.71719463081098,48.91772449102725,870.0022501674819,4.615777385168261,2.216871589640658,70.73133627582911,75,5.691551632227856,1
110.76007138598598,19.153622669198267,68.83440692835805,942.6627661527182,5.787553406805047,1.3155183883952044,74.06614291173959,70,5.808775588199414,1
100.21311648671943,23.69210871495341,43.07136061110822,829.737537620291,5.016914217176604,2.0819621554770076,90.32194575925476,95,4.924267621837094,1
119.01190685753008,17.153141516693967,54.99617025545196,1028.4582177798213,4.509671555657394,1.4490253400468416,79.06823226948767,85,6.978550271190981,1
99.39339186185379,17.279291375833818,55.273151146721695,900.8649937581329,4.884001273839414,1.6149506889569687,84.87813029749194,70,21.25447185355991,1
92.91593233089537,12.948632442126916,50.896206048257504,902.930903592569,3.9610265162852363,2.2931559244119653,85.63400962144837,80,7.042512026810463,1
84.86285607387173,25.01860460569559,51.45182720130308,860.0012884225214,6.0254065707512865,1.920353504620392,81.96968406997634,95,13.716122031603852,1
81.96860323744055,17.408060452771764,55.57799307388962,929.8042654065431,4.2140844371904915,2.2790457898863226,85.08620675594639,75,13.44827567459519,1
84.1586405699451,19.62040226075882,50.50270126452218,830.5198916086661,3.860068728064104,1.911689358559548,69.4355582091764,85,18.311107989204228,1
102.67126651011483,17.269026974215148,43.62353202265655,1029.8935553460874,5.81788196670747,2.442562526556462,78.84735294159671,80,1.4408088230041116,1
105.08725023229934,22.08549574499042,56.72025554354765,979.0410782791207,5.574164208363851,1.9043677177514786,64.59700636413037,95,32.003151195652244,1
84.18809297967867,18.87309901784798,63.58693265955978,959.0577867118227,3.2763146214409886,1.2180326041747507,71.26953167716376,75,4.97395776378166,1
108.95038314076116,16.085549328701152,61.95658014922737,816.5742596526114,5.855001634710223,2.0901570328045085,77.26992751507527,95,18.663234194657612,1
95.1693894831656,21.32498769255818,48.52211626088151,912.3247962274651,4.258407360905943,1.1324560617189796,76.67307780501909,85,9.796379052918718,1
101.4679301198555,15.698809925569314,44.99017667697859,972.5451838808402,4.62589547243608,1.4189116389870369,80.2070514457124,80,0.2588143071404936,0
116.12220628255425,17.487782824053525,52.72649694276177,935.5863239614644,5.187020107693938,1.646821388400572,79.89674744198506,70,14.138210631407222,1
108.96839315865532,13.679332656121758,67.54233207836532,839.8734537219735,5.586624882616822,1.596916208891925,80.66871214990616,95,15.085566157993519,1
97.31469352094167,15.72812566340718,60.16478463167636,860.9943746814807,5.445479174687526,1.7819796782334858,80.8735482431534,90,10.140501952051785,1
91.08807774584713,20.535587509161434,60.63171741435387,872.8838317196405,4.950181669093998,1.5831728705875576,81.66461362301486,85,3.923983972923696,1
78.48184598670696,14.106391885691226,62.11885561428396,863.7937299306835,4.575356671084089,1.4376189345657309,75.2047766129402,75,0.27303548392025806,0
92.8084668075758,15.556562826134853,58.366132500148694,991.7267301426184,5.412220693565447,2.6167342979363095,76.376038403181,75,1.8347178709079988,1
97.88869761172306,19.992893251601576,55.96486838090863,784.7392116706046,4.881612162655772,1.7287421814432418,79.81560970352625,90,11.315989218304168,1
90.12820472848816,18.369179311720842,60.29845517318374,939.3551483795302,6.805354459125924,1.1076929387410408,79.89328524663539,90,11.229683059294015,1
98.68743032907695,25.976109907877927,50.630671166255844,822.4617975042929,5.586409009969902,1.855632650796297,74.59036317351851,80,6.762046033101861,1
100.76851882958768,25.501689638073127,43.684295909069434,842.3249107529359,4.076584375009645,1.5501075767889785,85.40779690506525,90,5.102447883260829,1
97.75144018191921,17.39623261174654,60.783975476994584,779.415997987877,4.5224000486263485,1.6460129490828748,83.62400338775413,85,1.6188195438186714,0
93.4999741917654,21.671412855210445,64.9019048459938,867.056734130468,5.048192177259829,2.284136992540994,75.70141657318436,95,20.314298344016464,1
101.68654671966728,22.247847670638354,46.05414448515175,990.6438990923529,6.299431215070455,1.820736952485913,78.95816993541658,90,12.268700071759358,1
104.41940649569409,18.20756342592679,61.575371859327205,915.8894545478867,6.411105009112135,1.538961359512846,90.04769825398557,85,5.938468534100673,1
89.09600922557154,15.513375390505388,68.44612570710552,828.0983071800542,4.6038652796344355,2.178501403982898,80.8028851891714,70,15.432693127387722,1
114.10932379746271,19.963104652075828,54.982030385943034,961.0288604627588,4.066365783410557,2.459976332243634,81.97842977600033,90,8.912855804444082,1
99.01411867715738,19.48146297555767,48.45598252206603,973.8782558141212,3.9385023587938126,2.214748865055938,76.95532224434436,70,9.936174634777656,1
100.18849622944848,18.692706509088143,55.98414938821404,906.2427888623452,5.25242875721578,1.0185777713398299,78.4344394573583,95,17.437432150149164,1
107.08214423256557,21.326950604493454,50.59572825439439,1022.0849494891554,7.303784309217493,1.5540041990411944,87.55662992891702,75,16.742173238556024,1
102.33216131263502,17.747811178983202,50.066159120348786,949.2938474774769,5.539094104255103,2.018979412254482,80.56647213646268,95,15.193187224776128,1
109.53136633913245,16.544007357262572,58.46547253817234,940.9591504375553,3.406087473315993,1.902280237894394,79.64535890563559,90,11.505156771516011,1
102.87124165201824,20.327248911049494,42.17016419976084,851.7972775700226,4.273995896753998,1.8690899384243214,80.03820542968234,75,6.717607239576448,1
93.87562625359563,21.157910277706627,43.44856862006218,937.6439091372805,4.376085798155087,1.6068973228636665,92.72691394207592,95,2.392722166235869,0
103.61503525206102,16.47006516829984,55.15432704299154,913.0074766562695,4.177997479885092,1.4377663667690241,80.19903751573942,70,14.570053593913457,1
88.56273792679339,22.784271832973243,54.82153168870055,931.1897401602616,4.6121061750657795,2.8031126871252083,75.849616503932,75,1.1328220052426634,0
101.08559705776523,14.688556586671766,57.74843661631949,858.9248628515202,5.369394861019942,2.010844381255565,76.7232454919238,70,9.604636417034007,1
99.6677000935554,18.265659623853068,70.0018031078671,907.6859330615392,5.681981169322647,2.256848715546967,83.90378001194053,80,4.879725014925658,1
97.9188314272746,19.225974391407174,55.83611228860657,850.9883099871025,6.091763490916644,2.0025004694335236,72.85759436676612,95,23.307795403404082,1
98.71462488561069,18.09132886204421,59.785377202678355,771.1720740020381,5.5242025730471775,2.0185394794551956,82.25291490732114,95,13.417984308083009,1
81.18150954502362,18.304818579346424,47.19573651508294,959.898274114703,3.0458497596711593,1.975158640076285,76.38091236175279,70,9.115589088218274,1
94.51275092259039,25.61322344692434,61.143501308132294,809.8566610986289,3.9426954124686864,1.5518216563702272,70.70615221773996,80,11.617309727825056,1
100.92844901141115,17.447347732883305,50.78887307911458,906.4311878869449,4.841905963140809,1.394204216786301,75.09963891543202,75,0.13285188724269878,0
101.598563919974,27.32366516741574,55.57136666064874,919.9801277669424,5.147279855767479,2.154490149497995,80.13766904839329,70,14.48238435484756,1
89.72324859074043,21.311380339193157,54.12921099944671,919.5937809517833,5.861418359876257,2.0751369629084664,86.97583696746408,80,8.719796209330095,1
112.65707840864701,20.276165411935978,63.263793879312246,883.015255584105,5.043184176216773,2.3753123593838827,84.56664705973319,70,20.809495799618833,1
91.338251517855,21.428721060163,44.520187565,916.2726885167984,5.050707253863674,2.2941443306568106,78.53154886914623,85,7.6099425068867825,1
109.69457200526736,27.589783247755857,36.734090923079684,928.2580241871098,5.237797363139059,1.6765951229001317,84.86093534909047,95,10.672699632536348,1
104.27194361871685,17.019220988205657,53.292538423296605,944.097888945119,4.744978261218798,2.453036523568749,78.21610085380473,85,7.981057819053255,1
93.53772690156197,16.63874624319083,58.748250055240995,1004.0064803630557,5.086885139877811,2.306010878061807,72.66744207627055,75,3.1100772316392713,1
117.75310892609511,17.735401410284236,56.21815500646,914.0516490898923,6.12583217901175,2.2763366279429342,80.10543817816338,85,5.758308025690138,1
88.0636316824352,20.096429440893683,64.8576338993113,903.8429307010621,4.916089101215999,2.8997307167915234,72.47033002496607,95,23.715442078983077,1
109.19154173610002,14.82268662556228,58.49898139343735,845.5962620789943,4.969787273215717,2.817583505003275,83.95704153742531,90,6.714398291749654,1
110.00582318042979,20.067017717955824,50.48921334512112,926.1567794339602,4.966414595232811,2.2759655066219544,84.02940044503438,80,5.036750556292979,1
93.29379790923355,25.080641400241017,36.39663876688256,940.0429861884342,6.297773813791169,2.226078882335012,75.6001503023487,95,20.42089441858032,1
113.92465300064329,20.45422217187433,53.101502126438255,888.4618089431024,3.8919466731705574,2.4326620727078723,80.7279875341283,95,15.02317101670705,1
97.49953485401048,19.12194362307417,63.22367201806239,932.6767502510422,6.775846894791195,1.7664184921318515,80.6802461709572,90,10.355282032269773,1
102.88693629279857,18.145518653949118,51.86361773866308,882.4490283870394,3.823618145484487,1.77206829696358,84.35981690883621,85,0.7531565778397549,0
102.6032183877122,22.695535113654692,55.22656210942211,940.2595591253354,4.345779738672241,2.2693685628367652,73.77465873008076,75,1.6337883598923213,0
98.65691258529452,17.522501680285856,58.37088203445367,954.7561388417846,5.744738269715319,1.657409564348971,82.9974376178409,90,7.780624869065665,1
108.10808273159782,25.53918776179774,46.877661006001475,953.9176720038291,6.030316695473671,2.2371077942093023,73.41615374497245,95,22.719838163186896,1
107.93488720552213,25.80007924314307,59.98588717311054,907.070659568478,3.596500983001512,2.062732866614476,83.88594368836435,75,11.847924917819133,1
82.51468026761819,20.770252395985363,68.09697432001364,837.6019109029769,3.907298136752914,1.6575239581631525,85.31348700666572,70,21.876410009522463,1
113.04340242878152,19.965454735770066,53.61749318485275,863.2852168414908,5.2778428094718475,2.0103466041153197,76.65204303180053,95,19.313638913894177,1
83.37508011964326,23.091979424724677,45.967484625341584,935.7094394330837,7.344419387763796,2.5220326368553665,86.09564433270769,90,4.338172963658119,1
110.32546204341658,23.284395506681975,54.46719178382421,1046.9287383444137,6.246262780998681,2.032948180261535,72.12983518490606,70,3.0426216927229377,1
111.26705136827583,17.582024806821753,37.204927131129054,879.5567537080751,4.75190295036819,2.034619059047191,85.49791722605273,90,5.002314193274739,1
89.09033569784802,18.420334600589893,57.69522611181293,927.3502607032884,2.580870861924244,2.1315941115618386,87.1922811908132,80,8.990351488516506,1
95.89185712045415,16.032957695950113,58.61819502118863,866.6368465512359,5.081642734421159,2.1836754091566437,81.72907597075766,75,8.97210129434355,1
88.94295331514064,21.22719481500217,68.4050903507645,841.561977345054,5.3622968036465535,1.8676638135675228,79.0223710948532,70,12.889101564075997,1
97.85078969711265,21.999883650370673,53.448041659467,859.4210481853582,4.617304858917196,2.140104419186819,81.56209910049961,85,4.044589293529873,1
96.91965715814258,15.95022308641618,58.26788270517176,775.0516813978397,4.149276009453405,1.5803718561637066,76.98120815634437,90,14.465324270728482,1
107.7966053226934,18.63440328555152,48.109695180912794,981.2061037744651,5.159165260321388,1.6803715772664447,93.12313339581372,95,1.975649057038185,1
113.10308746119608,15.95823824725595,52.14858303579937,766.1921848251231,4.057738806106039,1.731540356769751,77.06734354782854,70,10.09620506832649,1
113.95683810789956,17.303600569268486,42.79851650670241,884.1703061759621,6.872448660808724,2.187905075853643,86.5870058482866,90,3.7922157241260064,1
94.37831973421697,21.653051180678897,53.441683029734115,829.3123262789967,6.516744797533817,2.064093131022511,76.29386291287929,90,15.229041207911898,1
97.90778126255472,17.79955379996516,52.55752677185148,846.9371870782677,5.657912631592761,1.9462561691024187,87.98404139751824,90,2.239954002757511,0
83.1656180777905,19.097522131903105,57.39359812871117,982.5913595843201,5.089710569119316,2.276307995834115,90.06164290877585,70,28.65948986967979,1
91.94129933503811,15.118064816158054,50.01122495733888,912.0640194018836,4.33983591338644,2.1515448330969345,81.92995405509672,70,17.04279150728102,1
109.64851633097457,20.560970629173994,55.66676280780074,842.0762304490979,4.979212816109099,1.8840092880068513,81.43328634283576,90,9.518570730182493,1
116.15582823548232,19.867180040466053,52.33295955513867,864.6289720502093,6.639297135207276,1.5859076628720752,75.2171048760771,85,11.509288381085762,1
87.65651128120078,17.813122249900513,52.348004893603886,854.0711267734748,5.868654058436628,1.6721164795092989,74.62166195215858,95,21.45088215562255,1
94.07535740847106,19.43295710695258,55.64289860770424,897.3872596752672,5.20369227847646,1.4132762138428432,81.48957302582814,75,8.652764034437514,1
99.73594243041073,20.540884641510335,55.32418353853608,910.3735010872615,5.923974334167595,2.05622782006033,87.2909623859056,90,3.0100417934382206,1
102.80161158819607,17.555395553271968,61.08939231241311,1013.7344863937136,5.545610663380828,1.6551444870185312,77.25898755425484,85,9.107073465582536,1
91.90396480078354,15.571212367994661,54.034855726961325,785.0219540401375,5.396277539886872,1.8018708072064518,91.03964608897093,75,21.386194785294567,1
104.2406104446409,25.416723298060447,52.200917207015976,897.9112611145229,5.980563258991535,1.9489637277484544,76.94927030185082,90,14.500810775721314,1
95.26160652929084,18.100181885869183,53.55354043930219,881.0659384479287,5.517027644824758,2.417598076532274,81.14695970374986,75,8.195946271666477,1
99.85547729121721,19.709719690439332,49.28268706527206,956.792911663007,5.858551470103379,2.371516239326728,81.16008233201828,90,9.822130742201916,1
105.462842480037,23.03251920506094,52.12071125146663,921.2890870907036,5.161387049634509,1.9781166114984103,79.49232812382242,70,13.560468748317739,1
100.06422269810938,30.58716556271145,71.24926970458586,935.4217324868968,4.745874176809896,2.5062013957601197,69.78086241836886,90,22.465708424034606,1
95.63614109473431,16.266540650333404,47.698569914433065,920.7051711609049,4.451837121059851,1.1950605962716556,76.90463449784552,90,14.550406113504977,1
98.90390196074169,21.34948164117953,52.77074932896552,844.0805324829877,4.332690394529042,2.750888219906605,80.99819646151437,90,10.002003931650702,1
99.11637040794665,17.87734314411768,51.90009069384248,972.6759297895808,3.3948295575584675,2.276999885721834,79.52007452009893,90,11.644361644334522,1
96.29988970117871,18.383629086269867,53.0226271020448,947.9102942769401,4.088060053188336,2.041121314007972,83.18101329701392,85,2.1399843564542125,0
97.41203937332898,17.83936393697963,52.35008552897284,954.9317875034845,4.0591464704178195,1.6434561276991748,83.78417955995926,80,4.73022444994907,1
115.98647170504717,16.623035096598244,57.233920809767994,975.8430102304299,4.492654804015964,1.8247730535478142,78.79960769410545,85,7.294579183405357,1
105.60919447941238,19.876125914646014,41.31859918886565,925.0605060391176,6.562244210638291,2.2437403582312165,75.18784813842277,85,11.543708072443804,1
97.0451968197084,15.576491938855293,63.297371780256036,988.8595442470496,4.842438044446222,2.2528317534125657,87.74158852691707,70,25.345126467024386,1
106.96954404510736,22.840422699535612,60.06066239713758,922.6583743071984,5.2417668898843095,2.267357348236315,73.22268834742174,90,18.641457391753626,1
96.6618051024399,20.165008808100122,45.05702731149492,886.8564847185235,5.273319644511927,1.7086013062534158,77.02346388283925,85,9.384160137836174,1
111.73124637586642,21.26730491870432,36.84738181638079,899.6037653709981,6.587580912842366,1.628060914793916,75.75020038013099,75,1.0002671735079882,1
103.69642192198094,18.60143416416133,47.18342283086879,898.569373911833,4.424414546154709,2.0780820977410026,83.73228810901054,90,6.964124323321623,1
98.92697855995772,18.898388197364756,53.05866830858302,868.8365206745674,4.777477919741939,2.3079415831085894,86.58510987240295,70,23.693014103432787,1
104.47716925810278,20.862691715501985,75.6423351895262,997.9133309022133,4.893800628225817,2.0012739398019432,79.13153312244528,95,16.703649344794446,1
84.29123847931501,16.507848102782525,59.34605571979419,917.7777219302201,6.136534855774768,2.592593698754067,81.14888380167456,95,14.58012231402678,1
88.73232531090194,18.926028696759992,40.53928280654834,905.6843085499744,6.344105693754455,2.0132549848760446,82.14385910494575,70,17.348370149922495,1
88.06074993600944,17.421159458364638,49.482755960792446,923.296455295586,5.474583819693945,1.9997165424668055,89.02002049294431,75,18.69336065725908,1
101.42943094763707,17.328293568226957,54.57430050981613,1078.7912710042287,6.2329093740618795,2.268223996477068,71.13213278893411,95,25.124070748490407,1
117.32514999485092,13.670485278123076,57.029468434384775,832.0965486840205,5.1776609964689895,2.4876920550368156,83.72110949563465,70,19.601584993763783,1
122.31300146192632,24.01797976844,44.48200911751662,849.2976892970235,4.827396752383177,1.460297896078182,81.88262373969752,95,13.807764484528926,1
106.38051101440757,17.940383740538692,53.92007817618351,817.1657389531803,6.178724086585622,1.5527953167857607,78.14580237377089,90,13.171330695810122,1
105.00844474944456,23.49012816549065,49.25888689911567,886.0440456938709,5.487617675233798,1.8746954249023846,81.63113367860147,80,2.03891709825184,0
81.9894226584726,23.206376964182876,46.169931499181466,914.7311065996416,4.264469334092418,3.2635767138354654,83.7041448791496,80,4.630181098936994,1
94.57326200265979,16.142000880450517,57.07676517359163,872.0806488995354,5.997420938124351,1.8954125749836273,82.91581356241402,85,2.451984044218805,0
92.12216248091761,16.734766292981462,61.19101738754257,867.6163921108938,4.791507368979721,1.9512868227957725,90.7925030295815,70,29.703575756544993,1
93.79152401748884,27.681508878067053,61.72833021569296,908.544291997688,4.669176477275795,2.247340771923167,80.63740793896842,90,10.402880067812864,1
98.3185618141521,25.25277782578143,59.59509080907101,869.8735305102182,5.893004368199712,2.3907715611253897,80.13452591645164,75,6.846034555268848,1
95.27909422302872,19.905444460015687,51.0210437348779,918.6105496309702,4.911167859155087,2.0679140465819024,79.09350607165112,75,5.458008095534827,1
80.20700189624212,20.77211931925205,60.716398091708044,966.8540608045563,5.388958536040289,2.4657389980161026,82.76489418572945,90,8.039006460300616,1
107.47910256117534,18.107460791158434,57.4724355048343,940.6218281880484,5.661939584070799,1.522411526789632,79.83970869257026,90,11.289212563810826,1
89.27256974260193,21.29705814260102,56.0715350636161,952.8608008299121,4.217056920727615,1.69356463010291,80.06604572532383,75,6.754727633765109,1
102.39246864111149,17.848454297832586,50.10645502638562,965.1551046904032,5.384850564682202,2.4649947802318555,80.08914930003128,70,14.413070428616114,1
120.74082669749973,13.902938707104846,51.02499098126778,916.9696896071222,6.349473105261624,2.0043772459133895,79.32695715254954,95,16.497939839421537,1
90.80615408413577,16.035332640466848,55.59109548899643,890.481538437414,4.04353285626039,1.495019757996534,76.95663598923797,85,9.462781189131803,1
74.6971247725367,20.06327824355176,74.518995735884,853.6648157470082,5.449908888831228,1.470984827353117,82.09053269098456,85,3.422902716488753,1
97.13995778119889,16.606798293492236,57.40993984073112,876.5293101818568,4.170532265419713,1.675623677862118,78.57476217491691,85,7.559103323627162,1
111.00959634998571,19.798167605259398,50.11049198199771,868.5788680393863,6.021397683840398,2.0008502168631663,83.06839751410222,90,7.7017805398864265,1
119.58347454220593,16.776016881701413,48.34088444024446,943.9003395972547,6.011905583749771,2.1869518278907156,80.55383814463998,75,7.405117526186642,1
87.70450405547584,17.65293823249402,51.065867098750374,920.8069532756517,4.645677659750901,1.8683760000223442,78.06712561835477,75,4.089500824473021,1
104.96699223236521,22.559495919239577,72.41834758039252,941.805471762858,7.209628652190863,2.1539996756958075,87.82415202517532,75,17.09886936690043,1
95.34689543219946,20.742441642920316,51.805946832432305,830.3797886339909,6.106625309137284,1.825173405322554,79.48843707226511,95,16.327960976563038,1
98.94051645695865,19.97100673605996,62.254964276882276,985.9049690544647,5.7069289851361695,2.489568080646767,83.11411507280903,75,10.818820097078705,1
126.44343347017035,22.636891919211955,51.99257403622915,874.3811777095942,5.650610896106135,3.0207360378289425,76.5000854700395,75,2.0001139600526585,0
84.97029671604847,21.44182578004204,57.08947633023703,833.9990014755202,5.9839269092062235,1.8429549071662303,69.8723033443441,80,12.65962081956987,1
102.53739661494573,24.339689873754104,61.33396219206978,873.6469341106913,4.00435759275584,2.191973124319578,77.16500416161476,95,18.7736798298792,1
104.67693171765433,18.620422213054578,50.424777201520605,1049.0259595552504,5.194607598461024,2.159364329660045,69.31275646800103,90,22.985826146665524,1
110.85786324939347,18.711095064417474,49.87110676677784,876.7369880105059,5.383190385377327,2.05547817050397,78.81568566590376,95,17.036120351680257,1
100.97983153470895,16.096672200825964,68.27095755564264,880.4942117117445,4.59986393669744,2.2613003781365166,87.34323507269526,90,2.9519610303385946,1
103.08050539504102,18.71305784788274,62.876743159166374,888.4737191622195,5.464795269443965,2.1915284755919306,75.47357488961674,80,5.658031387979072,1
96.08351432578209,22.894309682907338,61.32537854952582,891.0827769941127,6.231694300434006,1.8115785718460422,69.46978071202906,85,18.27084622114228,1
102.69126941245108,23.8999621167864,61.29821034498331,853.1114360519248,4.578230912234093,2.5266183090490753,87.50128495506263,70,25.001835650089472,1
96.56807724502589,22.880915504260003,58.67660390648852,908.5927849923678,4.945575699628694,2.0806664989947103,77.62322618337875,95,18.29134085960132,1
106.21571889856051,14.617424400351691,71.14220650540052,964.5356944918998,4.179414704146056,1.8460798320678546,79.92130808915657,90,11.198546567603813,1
96.30389663956366,23.249435637982202,55.35126641501726,918.8573589287224,3.2130109901892077,2.977281009538961,83.94139984565538,90,6.731777949271797,1
103.77100393902187,14.484444130183787,59.61809893760736,833.3300820660008,5.778932180520511,1.95351464913776,82.61586382494575,80,3.2698297811821853,1
99.70737186315021,22.69435197236704,43.392696571247896,879.3392457039774,4.9742662051607525,2.1019775365694997,83.75256209805934,90,6.941597668822952,1
111.26050250772168,18.896646420286835,48.400314507270075,866.9083559939022,5.047579417152788,2.0701761378321346,84.50214494772712,90,6.108727835858758,1
99.48606276411513,22.107599941801567,45.393448001319676,903.176368094088,4.013226381826473,1.9480421556195169,71.26942683705273,85,16.153615485820314,1
82.26967531793119,16.002654956316302,65.1925086681292,979.827100293739,4.814496470963809,2.179465882017606,72.9282612992999,80,8.839673375875119,1
112.61921500713991,23.51350289811844,34.579678783834,891.0670322387471,6.096593789182124,1.66200003636335,85.85584831314421,95,9.625422828269254,1
90.94267699137382,15.605075761685333,51.78151981797822,894.7107078677766,5.0008213367794605,2.238617354609223,76.09130428454156,90,15.454106350509372,1
93.4623366135118,17.99463526744047,31.050347178715015,1006.6586891291657,5.029183758055413,1.296658388643028,76.6367707751822,75,2.182361033576266,1
94.04338705956508,17.005716116692895,48.34969683614488,952.5723595002996,5.207528277863423,1.4807720994971483,73.68578738917842,80,7.892765763526981,1
113.74438093170818,14.737145441532503,51.07240840214507,934.4448769263921,3.763617871593544,2.7302898188674063,77.97526055326259,85,8.26439934910284,1
78.64325786021304,20.283582702765404,66.07896875035235,1017.4878969181066,5.624920464102357,1.4975279893112854,78.25341968157764,95,17.627979282549852,1
131.37748533659993,25.418267353510885,58.17302351377166,929.3886752876408,3.7448018850841693,1.2160164591852556,75.31269656157421,70,7.589566516534591,1
110.56056809066052,28.000715666960026,48.33486781336827,780.8083714813487,4.060384418720973,1.5074335323735248,74.73458627562128,90,16.961570804865243,1
102.23238914129159,20.291467361258743,63.52770975785461,949.9599454728217,3.9507852309928353,2.6960229076786937,81.59331546087853,75,8.791087281171372,1
99.45105999383713,23.35004382520257,55.14265803623806,804.479492572881,4.824775033369455,1.283255303890914,75.96165366555785,75,1.2822048874104628,0
102.85554074857657,20.69628391378561,55.300534869658016,927.1203221149468,4.647547296462143,1.6176743269633798,76.96843871510869,70,9.95491245015527,1
105.21122428379338,21.496649584304638,45.378627937824064,797.1753855522456,4.998774961691746,1.4167230062732052,69.0686082661296,80,13.664239667337998,1
106.45215585950058,18.973554046618283,47.07989028877489,871.9886753760048,4.094743840223557,1.8903483211639966,89.69100121265512,85,5.518824956064852,1
105.55604466003449,20.585230776267807,48.39922160043581,878.1729282234078,6.005495320306379,1.8255916407277053,84.7091201473735,90,5.878755391807226,1
100.8958068125525,21.612436113819285,55.37169018523352,853.7928535660948,5.834027568726331,1.8076973973091865,77.52596973336529,90,13.860033629594126,1
98.02661579692673,18.264620813371007,55.6230858158454,879.068880168528,4.82618648710828,2.7424535197620545,75.50459532171139,95,20.52147860872485,1
98.48726716346488,19.767517100321037,67.35274130819236,961.9537032216332,4.521633283412062,1.5203698729449806,80.05444398616562,90,11.050617793149307,1
98.0509171964732,19.824709643007534,58.08044134350268,857.1628252704268,4.420642506654801,1.9591248881131555,79.91733205201173,75,6.55644273601564,1
111.33770096867065,22.479209951991574,33.339474450623136,932.7084527706324,4.689855004989321,2.1354404985282938,73.62016715242676,80,7.9747910594665505,1
105.93556722280861,16.80190348511696,57.101135902973525,842.0610216235619,3.5997547712488234,1.6079162951711425,67.2473188553882,70,3.932401635159713,1
70.5961136533572,19.845373374177047,43.39986915065974,888.6300254164722,4.0403926877881595,2.194635992498641,77.36962046241666,80,3.2879744219791713,1
106.55900776529761,25.736016407158093,47.27223260310771,919.4303559796471,5.8601203919849665,1.840075802178677,72.18312734550243,85,15.078673711173614,1
101.94736194718774,23.49218045775781,48.50264422618936,840.2082950028864,5.301812486075868,2.1497236264759425,80.85689973361771,85,4.874235607508578,1
99.81291243554102,24.047537146666116,49.693293411901585,821.2967740253587,6.634274485976531,1.9568002993897389,80.89040783330337,70,15.557725476147674,1
96.11481546911114,20.073295520534103,43.99880486367758,929.5126890347333,4.7008048498306785,1.1797875097734782,75.13393650829046,75,0.17858201105394755,0
111.24112719986013,20.96299269105807,56.6278560276183,967.3848239604383,4.638486772893133,2.5224394851062963,77.32707866172274,95,18.603075092923437,1
109.47526462122858,23.006708500108775,43.71358171927233,895.2560988307577,4.592101075456352,2.8281833261416285,88.81520845989041,70,26.878869228414874,1
92.27122332176391,24.680766588592792,57.853340857998774,872.5612256065978,4.680835516781832,1.9292983272260746,83.87564263135481,95,11.709849861731781,1
104.07052287124534,14.14519126135134,72.89576861649303,909.3405232613032,4.3400459868534025,1.6408191792533584,77.73873614645548,85,8.542663357111199,1
90.28343265458714,16.05367607885046,44.36512752852749,903.3287951259229,5.2709882146872,2.602405088470275,91.45979663467989,75,21.94639551290652,1
86.2038183521107,23.928332304207945,52.72391756528622,914.5741524426751,5.0291040671484115,2.7561531611469885,74.01531294014178,80,7.480858824822771,1
93.73282775410034,19.169331932693588,34.81234109990024,748.3052939811771,4.4900854981617275,1.932481835364001,75.93652637591723,85,10.662910145979735,1
108.62393472382759,17.98483763222577,52.59251765623893,835.8537425300422,6.251148913018902,1.9125277539117942,79.44742914646037,75,5.929905528613821,1
109.53125045376086,16.237517039013188,60.14173722105187,849.2861936737887,6.896582922486307,1.9680355609314004,72.34496467311843,75,3.540047102508766,1
105.13085420097293,18.33494989536767,60.76511385085814,909.0520577106937,6.1665772055734,1.330180444301878,88.95154582313923,90,1.1649490854008586,0
107.25095786847997,15.792892149728525,55.61890984227277,911.1526730173359,5.558124013083395,1.8835496485227088,80.9157601935464,80,1.1447002419330055,0
105.16178287114958,26.27328281819743,62.11410739807181,938.1708293210422,5.761769726263774,2.685976755019698,76.05025571550102,75,1.400340954001365,0
93.58518404777048,19.93269184405828,75.36843628754234,915.4549049526262,6.856415517826335,1.932524535691776,82.23893475702381,70,17.48419251003402,1
104.31922544673941,19.82614837471185,68.6984374995008,821.9558957767599,5.760319315759424,1.583986188851118,80.73027924148946,95,15.020758693168995,1
108.00409525227683,21.764230025503494,50.81983256472291,986.8202770551036,4.414814147400715,2.198674247721792,78.47674457937077,80,1.9040692757865332,1
107.54291329813574,22.88703550779971,43.39116810826609,976.315098205342,5.392272526650548,1.733120480602355,73.9574241658926,80,7.553219792634244,1
111.88913371474644,22.837664469663917,51.75078866740957,824.5081625983845,5.626244266063318,1.9734191505328291,72.81894037235446,85,14.33065838546534,1
107.08303847201064,23.220865831722715,47.42413787506121,919.962317662451,4.00528272596408,1.4924604877810883,90.93400498721613,80,13.667506234020161,1
103.51448207541583,18.10746334762743,58.61078038291706,864.274536885419,4.715069181356822,1.5853503355253071,73.23632557445002,80,8.454593031937474,1
110.70150238316427,19.106399585129417,45.55045168456402,908.331839352033,6.100391824055466,2.295063701945437,88.48982759675688,90,1.6779693369367976,0
99.7347874075094,22.307094966326826,54.417420539277266,963.1986167785122,3.1765072649504136,2.0463467117604353,75.77620426192023,80,5.2797446725997155,1
91.18125348772281,18.41783281508114,61.70411243629049,1027.8062559792575,3.7495714549594057,1.6895770452628736,83.95016283770161,95,11.631407539261462,1
98.36933036056236,19.984680103918325,54.194433017462586,945.0766623085566,4.823592946371672,2.047814052121961,82.3271654504039,95,13.339825841680108,1
92.55097355193551,21.19629129327444,47.429489418017624,917.6960841066082,5.353679595505705,1.7571413165090963,83.32709350148208,95,12.287269998439914,1
93.24821725025619,22.35555524693113,64.39851246068554,879.6107299015022,3.642367555051093,1.6864959322519322,83.66007136120095,75,11.546761814934598,1
98.55481329284483,14.666957112889396,39.96815244196938,910.9280922606706,4.873210748334059,2.4656137588993223,71.94217188831244,70,2.7745312690177775,1
92.07580079000039,22.144236949666833,52.3776395529803,981.5863135996988,6.153768539088567,2.313151021275509,76.61827003762912,95,19.349189434074614,1
96.9203847036096,19.298827826444825,54.666719812949324,897.3174745944249,5.068651457074283,1.991490860147562,73.15976020391143,90,18.71137755120952,1
81.06385333046214,22.122373132593143,55.12726926719705,846.833240919141,5.9390889436311305,2.0577349348998815,80.94650530423799,90,10.05943855084668,1
102.13293707372938,22.330795077064487,56.44396844862465,802.8186080690024,4.407885878664997,1.9966407930662626,73.38327833937888,90,18.463024067356805,1
100.01205475362224,24.823745183357474,59.88351855847594,930.782872044615,4.190083143210819,2.1948037036694155,70.09476411463389,90,22.1169287615179,1
91.82911368931809,24.06036094286361,54.716740487637196,914.8372875376643,5.848873830285047,1.6801993366177224,78.81261331728213,85,7.27927845025632,1
106.59245668432405,24.039714987830887,52.05553374285056,861.2455096042622,5.36926553465619,2.3450018933474572,68.95460473756278,90,23.38377251381914,1
109.37570137626558,24.331010957498716,51.73928524272244,961.5608475424378,3.814403992225541,2.141426335156325,81.29369097360478,85,4.360363560464962,1
83.92440135631026,20.874136954447838,50.10787358369316,874.6933881367422,4.199159083837211,1.8947774648441793,73.71185238311129,85,13.280173666927892,1
92.37275221433785,20.09655526111052,61.30034659461492,891.9213544905123,6.5645812410574145,1.8048887873965833,75.79710125959886,80,5.253623425501424,1
92.30857650212702,22.618451249535003,49.827772164187884,899.0001520021234,4.075444780530684,2.3364523767067236,68.59792013421149,70,2.0029712368407258,0
90.60096898891135,22.19624285429907,61.77416887206596,878.9428354717147,5.934328746725997,1.9398054735399575,88.25051106904273,80,10.313138836303413,1
108.29474841931749,19.072801289785218,55.15199265807897,914.1519039449743,4.521813302766301,1.720442761668065,72.68542556510961,85,14.487734629282812,1
98.06173861227197,21.214470226424805,50.829961545150965,969.0909087559801,4.996824143232868,1.8461720932102705,78.17999382726053,80,2.2750077159243354,0
97.35485158689389,19.894710599646217,59.94725772595308,831.4510861128946,5.294592620943372,2.307681859555664,71.04130703769377,75,5.278257283074974,1
79.96137635593246,17.438201274619832,49.180368602215054,929.3112083084405,2.8990187895004014,1.3557787195015838,75.82166095809613,90,15.753710046559855,1
106.35418030209226,23.87138222412905,60.1054723258257,910.3295201763865,3.537282664572701,1.857836437767811,88.75910890512105,90,1.37876788319883,0
87.60741605146528,20.165597727590267,56.70180896953428,909.2258297726823,5.086333018787163,2.4282330678703055,81.48738367632674,85,4.132489792556773,1
100.59932630266329,26.146124773096552,50.229402487264636,952.3106741924454,4.2756924362161195,1.9327132911586968,76.38184501844711,80,4.522693726941114,1
102.77376937958192,15.123523189400501,59.229078522676474,902.9578455130295,5.9965812952746225,2.1091266929111363,79.82913260172268,75,6.438843468963569,1
113.6065859583865,18.329663681469903,59.37271780550911,928.8137557143422,3.393879119131875,2.434707585814878,77.19720471656694,75,2.929606288755925,1
86.91179600880888,20.097916510072615,64.26015684647966,942.9518777742688,5.565255056257987,2.356931861358868,79.53789710086207,95,16.275897788566244,1
69.80487844179174,23.412143292886743,62.72917609927437,869.7380879771636,3.623778779595674,1.8239764907840312,83.7193435951648,75,11.625791460219736,1
101.83849544753694,21.198408117806554,58.93019216581026,917.951007648828,4.647895005855571,1.9478425791184655,78.3445100504648,85,7.829988175923759,1
118.00511181510853,20.931418262542255,45.979272390329896,884.9527435673621,3.935622235762036,2.3619055606916053,81.09995736962553,95,14.631623821446812,1
112.38946352939438,16.61820862233756,74.58869590539246,892.0390932168062,6.902429880471198,2.3757877949135593,81.18247748824128,80,1.4780968603015943,1
102.09659415274626,16.529175808311585,43.77107031142552,880.6763162113001,3.6605078370299644,1.9647799498740235,78.36927176351128,75,4.492362351348372,1
95.08363814367952,20.967513980869715,62.59410539425847,928.2648242458132,4.877940304630976,1.9785817390830294,76.32037005164972,75,1.7604934021996237,0
108.0712259663731,15.907682018544925,58.45027053509039,904.8986825410952,3.273163851979848,2.1070734778135405,77.3740832169777,80,3.2823959787778816,1
90.26453800295532,18.404366749132013,45.60686102015109,923.6726420590005,6.59957012207059,2.5467602760069172,83.49592625767538,80,4.369907822094223,1
104.7635776935622,21.50275198725757,54.00559248897201,898.9489582262551,5.401282416177205,2.4270264482631827,83.91208352487725,90,6.764351639025282,1
105.05470159166627,17.05302718316967,54.36997691004288,803.7527392517806,5.136973089598668,2.2773546815196073,74.31102834365764,70,6.158611919510914,1
110.6020990749888,24.81606788708542,65.44466172648418,901.8821049659825,6.474312939291726,1.5685322895744434,78.69505332805996,70,12.421504754371366,1
127.59660038911078,23.67180903271367,49.29351279775831,903.8122773094091,5.147422441422612,1.8900666373806971,76.23539065448833,75,1.6471875393177695,0
103.92415967178766,15.285740004985099,52.904439948605166,914.5557562292076,5.219571356141077,1.911085330524039,83.9997621485807,80,4.999702685725875,1
94.91036374292501,17.202886270454037,36.31144315982989,864.3762483788555,5.131725288065152,2.567394013041389,77.6439848011005,90,13.728905776554997,1
99.74425687808005,13.14266826651515,68.87810234498862,828.2718170000693,5.563634325443119,1.9044542435281449,91.00461908785684,85,7.064257750419809,1
82.30924095110882,17.6522259123556,46.43625405583943,937.4763986936567,4.507558616078738,2.5013771292310456,81.08948694948526,70,15.842124213550376,1
93.05286868910942,22.2991654297172,57.6152869139134,883.5836066079498,4.785712692636667,1.7717205317875662,85.9099822711161,95,9.568439714614623,1
95.90717561886896,18.75831517317543,54.18873736222509,910.2746428610998,5.810334628457446,1.8036464169356965,74.92694586598317,70,7.038494094261673,1
94.75911602065408,21.382391730847903,54.21599226573328,883.1123952067022,5.277372951557882,2.192581642325256,80.05861074542933,80,0.07326343178666761,0
101.52354872033722,15.432997045154767,61.478895878967,899.6362904535844,4.885756085897874,2.6272586822287027,83.08086549185111,85,2.257805303704572,0
91.775800676178,22.393925763745717,68.37009968242907,873.0428791238515,3.5994776089692877,1.9152891482928491,74.833498790891,70,6.904998272701428,1
111.21030667324472,18.33467231621495,57.01194935953593,841.9149846507703,6.498050284536595,0.9748928552555206,80.10171355905288,90,10.998096045496798,1
100.00207064918197,20.036509046848714,60.24062414104421,928.4238996461195,4.33854589004923,1.374326639064445,85.25929516100268,70,21.79899308714669,1
99.90699678861374,19.72137649582084,57.63113229381633,863.8127947064328,5.987237238419257,2.1191846224657827,78.36274996038257,80,2.0465625495217843,0
96.72105283487082,16.18535443732315,63.14025139144501,909.8370888536887,5.175753651688085,1.4100815892872927,75.74123747713688,80,5.323453153578903,1
101.55190683858979,16.540747004780652,51.29666896410939,924.6276133141247,3.70654947727013,1.653774869441435,89.01479727736259,95,6.300213392249905,1
108.25098264667635,22.903383407010278,63.60312443533131,864.7912370638151,6.252275477530615,2.004936780255303,74.1412734917685,95,21.95655421919105,1
91.328697842891,21.196976472505085,63.88399892517907,827.7668619376209,5.25454064639954,1.0202531017014156,80.77945314190794,85,4.965349244814193,1
93.41883510924744,23.15014712466028,63.66029606946328,1045.5651368311833,6.335345356737043,1.8481096842698181,76.45861830831596,70,9.226597583308518,1
96.96273971223336,20.973974706507555,49.718817061308194,868.3336874432745,4.817591299264081,1.5340765768558924,75.31582880571224,85,11.393142581515008,1
86.54129076526785,20.428971904427648,53.65329892610247,937.4050295160695,5.704051229967054,1.4003281128396998,83.7082854135163,70,19.583264876451846,1
91.80742140278502,14.821968143999701,56.91573591024348,1016.3678129742075,3.2374728886549864,1.6791262243127758,78.97232044168732,75,5.2964272555830885,1
95.23779126455341,19.18889990971649,44.03326364136795,947.3944648112335,4.499784136406243,1.5723164299722274,82.02943232709849,70,17.184903324426415,1
108.74389180712727,19.917847038788768,67.75936166468811,881.9734314703469,3.7270066677687286,2.187792087196921,68.72427139437403,80,14.094660757032464,1
102.62561329001926,25.85932159481772,54.901787731982594,895.9730167478933,4.6252161499616085,2.4786107146731533,82.51559890981031,80,3.1444986372628847,1
101.93589911367545,22.060869896296033,57.27142310083777,850.0435668156691,5.471811739506145,1.854229259355575,76.39702044091833,75,1.8626939212244338,0
108.50897962167973,24.608183545128586,50.38396448218238,952.9017856174645,4.395419912345854,1.7615496883812656,70.60574024420866,70,0.8653432060123731,0
98.62628211600604,21.792613117684184,44.38497952506382,933.9762424835213,5.863842093638782,1.8343179995368404,89.42369777393588,70,27.748139677051263,1
103.9046484992889,17.866090319151564,50.16776091620183,869.1344509042954,4.143387356449988,1.556725156824615,83.00506763247314,80,3.756334540591429,1
98.96778247067503,20.351372648449555,56.753633501068705,837.4695115740933,5.885236613649979,1.4845032417521287,81.13638706339799,75,8.181849417863987,1
102.65362349399628,20.7086709387927,60.387430502029545,820.7259757401785,6.309757165874036,1.341778218842665,86.24709424869933,80,7.808867810874158,1
94.17241342388418,17.182533290687957,56.29433232482176,959.190840228252,6.013526135090986,1.4681916166727305,81.23784640694268,75,8.31712854259024,1
75.61182841723571,18.846837870221236,57.77379212993561,907.2223877373336,4.6558109481702274,2.6527964028450515,76.00692994928197,80,4.99133756339754,1
98.65720837813696,19.382699018968484,52.30378900254898,912.8990721799651,2.874546402055857,1.7238315858546167,79.12516194758811,90,12.083153391568766,1
114.2274813609994,24.816859497695354,58.96998852996342,850.6230824482585,5.582166996737348,0.8233486112944948,76.60816893403974,70,9.440241334342485,1
109.26215402241593,13.757778423827066,66.86266293108726,812.1898138017357,4.874765285284696,1.7651772246075972,77.49823553587645,85,8.825605251910062,1
109.6539748459117,23.61745526214813,60.63831553951189,957.7568144826979,4.021607059872647,1.3638341852956712,73.71148167070379,90,18.098353699218013,1
112.36130721806218,17.189614295121853,61.47633510602352,902.5223422198338,4.44372093512959,2.0237939759988652,75.1498971209984,80,6.062628598751996,1
100.88657590961438,15.883762438191157,57.35213119445305,954.4340796034572,6.434425316444802,1.980658537905198,84.47292766334338,75,12.63057021779118,1
101.97315707405596,23.539826390115394,42.97475944320318,876.8440124090662,3.8626597993898457,2.022354255076822,81.66037719401623,85,3.9289680070397237,1
93.8234810456565,22.19569420770314,46.642667754950054,885.7909294177884,5.468309175621211,1.9837095685019261,77.48493473734246,75,3.3132463164566084,1
96.8392714397295,23.763556107143568,58.639006405310745,942.7978905972379,5.217958175637404,1.8509158781521002,74.85984067768432,95,21.200167707700718,1
106.15771149771142,22.40210584263673,54.912487584319315,943.9408847790314,4.642612335336768,1.4176415513840055,77.97301510596033,75,3.964020141280438,1
112.03884437168816,26.179535005212205,58.518743091782625,947.8539373611573,5.644532687313046,1.9701383712114304,71.58075098516466,95,24.65184106824773,1
98.60553724319,21.676171510833456,68.41138734275259,882.2879248138382,6.632245258898866,2.4075698356542774,80.63315299712177,95,15.122996845134981,1
95.49810735148588,19.530567871630524,60.80828799383467,936.8728342590521,4.704028496113802,2.7254692335180817,84.72735740996282,70,21.0390820142326,1
100.00527958856597,21.02877913196403,65.07108964594258,966.5459679286031,4.756819051922899,1.9048034690775975,91.83486330029511,80,14.793579125368888,1
106.01206748929116,23.73040738503789,55.75745111576584,893.713679299108,5.6220649049902,1.948156021886526,74.48370638717941,70,6.405294838827729,1
85.56145183866458,17.66187402421965,48.542274580124484,869.1906981735568,5.918242821435001,2.2001708716355575,84.51901222975305,95,11.03261870552311,1
77.03819046862762,18.044334252405857,54.53707072628527,980.5648561990059,4.872292792851365,2.597296623788842,76.46394277151062,75,1.9519236953474888,1
94.49463150508416,19.073119956206277,48.5619854902469,860.7332559869216,4.694626263906351,1.805481355798181,74.35771854974493,70,6.225312213921329,1
87.79287574085842,13.686251603704003,67.46635965417958,937.7685898268686,2.7823534792802396,2.277060526780135,74.35550935572012,90,17.382767382533203,1
94.9185980235269,20.41423522525264,61.32312861228376,896.4946613688084,4.221991087633446,1.6708722937902445,80.70367863213484,95,15.048759334594909,1
98.52219681182528,14.341613888146924,59.16409997302624,789.5060630109264,3.8606883279324498,2.1319395961062013,75.34603188153365,75,0.46137584204486376,0
95.46751590976987,20.159177938797857,64.88754561782483,967.7156440487148,5.684624996311891,2.388241670647348,76.96577114353258,75,2.621028191376771,1
114.52467534470745,22.59586926840575,38.8395486838142,734.5287822271579,4.756097051399158,1.4836557573808813,77.79799334631369,90,13.557785170762568,1
103.2674476460232,18.569370618068493,59.705103610741276,780.9523159945435,4.716978394461072,1.789942111192713,76.30016080050545,75,1.7335477340072694,0
103.00474359610828,25.031347610560612,44.51483372556501,931.6398047688403,4.990943736377019,2.3819132386780004,75.93707723650427,85,10.662262074700864,1
106.22207144043402,15.618497301744537,54.94195441227471,931.624271920687,4.1298235298746,2.246464492205918,67.85420118740763,85,20.17152801481456,1
88.61166882219231,23.5737820448955,52.50633926026229,861.7452085273478,6.553247186688754,2.414378456125942,80.43476645055935,80,0.5434580631991892,1
110.39111787420269,22.025411169220764,60.29389289677558,908.8693254181946,6.298193911696611,2.3393758585816267,80.33835744779226,80,0.4229468097403277,0
99.2423571346454,14.851900255067934,56.825498311687646,748.1141972533197,6.618106783047688,1.8635585888333177,76.01327575132244,70,8.590393930460626,1
106.70480617241212,28.132382897121598,65.7609373888943,942.418527868236,5.6834172312388915,2.8796760593578763,81.80192135194186,70,16.859887645631225,1
89.28142766959844,19.8087641434881,50.18482271253909,914.9835292232158,4.970521884978063,2.0547639963013578,86.98453766032843,90,3.350513710746191,1
84.46241233983936,17.367547933533103,60.67291511706627,897.2614287999722,6.614729303006885,0.7777164203423197,80.11789916417142,90,10.980112039809534,1
108.17889658025028,15.778738415647949,56.29778573519066,901.2504889282663,4.3190331640870205,1.8870614510490802,86.65128889578114,95,8.78811695180933,1
103.76409526097517,19.339945917020977,41.91767783942758,929.5952505715819,4.128791020966988,1.8123314972002686,91.1906596021356,75,21.587546136180798,1
90.9794844564249,19.617779382830122,47.651068331815736,898.2659085901283,4.398488485230141,2.318099666946911,92.65262344560136,80,15.815779307001703,1
91.30336918725305,20.307936585618993,53.80097573182265,787.5566698361268,5.522871266914298,1.8195258739207478,74.05881956745,95,22.04334782373684,1
111.25434784414769,19.10661153132812,63.89833959913382,1031.7799340713514,4.237894806612327,2.439587998327655,74.08468496790665,80,7.394143790116684,1
88.10588107132672,21.899675930345282,58.709784460456916,972.0480491657071,4.844627011782001,2.223239748962683,77.77785001637145,80,2.777687479535693,1
116.42672953255963,18.837110502010262,45.659993408954286,822.9033202827103,3.3981447061152235,1.5999638154119757,80.6435760062992,80,0.8044700078739985,0
90.99379265352131,14.195107648278587,53.87747017562272,879.2917661714046,5.481097665428244,1.94385066575543,87.93325999921791,70,25.618942856025583,1
106.38391925608383,19.551915513051075,71.14245159034425,885.8379485906376,3.4828966328168907,1.6897866222898397,83.13620610545478,85,2.1926986994649704,1
96.71381524251015,12.897567039880165,55.889786678726864,964.7309739905378,4.067838945134638,2.073903458741468,73.9835643516375,95,22.12256384038158,1
106.03187431082343,21.06131189267417,52.38139539942084,770.443863880814,6.217167134896644,1.6874036531059515,76.94171295762835,90,14.509207824857384,1
94.55885997885808,17.062099309152092,58.933917126049764,870.0595041342126,6.18031831698611,2.029774092203625,79.78999896017243,90,11.344445599808415,1
98.37207093927705,20.4900810647474,61.10714463665576,794.3618133997497,5.374313089546498,1.8910776996038354,72.55420010927253,80,9.30724986340934,1
100.40919175395722,23.942224944573812,51.35065322015953,882.8942690502997,5.27566358173523,1.9391106981280704,80.06834228770457,80,0.08542785963070898,0
89.97812544218527,17.153753914196,59.0205981949715,871.6499464149057,4.469040352845741,2.82037615191924,74.05782204470377,70,5.796888635291099,1
107.40824345420125,23.183768775536354,52.36888402663352,904.7816440429627,4.227096336257799,1.8558059093171182,71.74639433221314,70,2.4948490460187753,0
94.86786433528415,18.69983129994154,60.75462081463551,863.707536059449,4.63775830224262,1.2262267649531238,75.26507360265192,90,16.372140441497862,1
97.71400084659982,25.259584406196755,56.35754526377027,854.9385965165685,3.4863458255376822,2.406330457893739,82.05510527446168,80,2.5688815930771014,1
90.05650625391488,18.90454216040536,58.855742616423136,937.1794015057889,5.252448554953664,2.403182360720803,82.0205785549326,80,2.5257231936657476,1
74.3766634120469,17.478521043479926,48.926531630659966,927.2803644565548,5.04883112480841,1.2084239304812696,80.4832695834372,95,15.280768859539783,1
98.08972237399831,22.061715351185864,48.429708927417124,933.0839005666945,4.066578733289734,1.7196401515167732,84.95806830270439,90,5.602146330328455,1
124.12615421612915,18.692630811129092,62.56397843727516,889.3859945705494,6.568681918841357,2.1743242227386093,84.42791617106717,70,20.61130881581024,1
107.84604287898024,17.475651457612976,54.36482894891605,865.6956850664886,5.606913710287048,2.2096813044868266,81.02190671035139,95,14.713782410156433,1
99.80739620265605,18.566480447888626,57.28027793679489,892.8688510787538,5.691841804008856,1.9981104946189123,80.33190925012852,90,10.742323055412758,1
97.37109170791733,19.866180403450997,52.548836583307846,930.0697242041072,4.512660073960834,2.0071301515733113,80.64773352610048,70,15.211047894429258,1
100.22465892812046,24.026540393734564,62.18981419210915,769.393217941689,4.9986699219736765,1.6245648507667263,79.2617741003146,70,13.231105857592281,1
105.4711911517521,14.197736763621268,50.137520159762744,923.6467158222515,5.627372670187422,1.040060514617725,69.12828636686162,95,27.233382771724614,1
88.19187184691155,20.069241976851263,53.91519008079294,918.5482912400879,5.152782367100236,2.8198029272734146,85.6774242240991,95,9.813237658843054,1
111.14321694668872,21.87471078396213,61.287942501625054,903.7290543651436,6.601900784769872,1.6125330889173144,81.98761415946838,70,17.125163084954828,1
107.15381315441245,20.580345724975388,64.38374159331413,891.0411946876995,4.796212430583249,2.070602276025793,73.91836277086469,80,7.602046536419138,1
107.18185725707934,23.9295955083006,50.80992567178653,746.0328368440552,4.495439467763889,1.9364608017362654,87.13908309636219,90,3.178796559597572,1
104.38475738809727,19.776964010724427,70.67747185564707,873.6088042139756,5.634252876471426,2.3588790209094186,77.05010065893615,70,10.071572369908779,1
100.1961665769399,19.446345673442167,57.50593354954893,1007.3663226646424,3.7353527277134884,2.045958885392863,79.46115498670689,85,6.516288250933074,1
106.72861235966819,21.77698864104003,46.656573905530095,900.7740777340983,5.9242969323081125,2.0613763812368,85.11787797784126,70,21.59696853977323,1
105.91814133741379,20.29794144485405,57.95241638871975,881.5626096795169,3.6992881994080173,0.9462727007964282,81.10069679194794,70,15.858138274211342,1
96.45959289058976,18.828773785158585,51.93600628413234,901.0143717354067,5.63858466605855,1.6666643709830986,86.6768792095795,95,8.761179779390003,1
94.263982271031,21.548432118759138,58.47254789746542,921.2863721176805,4.351726445827337,2.297853218639599,78.23949250478606,70,11.770703578265795,1
101.01856295261987,18.042415120350064,54.657150018717296,939.5292146813679,5.476584146983393,2.2618672900287717,88.45586605640167,75,17.9411547418689,1
115.49020151495188,18.16646854394202,55.59418952152116,886.2671902105235,5.907342946061018,1.6193388705531153,76.11098550083739,95,19.883173157013275,1
87.60892924346099,18.41601793470316,47.70725298731083,925.495176143621,5.153421195503919,1.3687885669115512,86.58811164654809,85,1.868366642997748,0
85.3247473424756,24.05920748049922,62.92048984573088,1000.5990481656816,3.8003790483593196,2.050631722689172,68.67445390550301,80,14.156932618121232,1
101.64760841236517,10.33695093204286,45.750981062791745,960.375047965963,4.103224755492848,0.8372903804816739,74.49903974332925,95,21.57995816491658,1
100.50887701856018,21.18679650428883,46.12988083676004,1040.4180129514186,4.271340858966218,1.5405302990648948,81.4898306924466,90,9.455743675059331,1
101.73341664370409,20.102815442600665,57.93888279317989,860.593778498897,3.104993106402226,2.7040644300621244,77.99777286928446,90,13.335807923017265,1
102.439531979085,14.95738862228564,67.82275397742376,1000.5713704501209,6.127477858731929,2.5780269315495072,79.62625690048718,95,16.18288747317139,1
97.76797745365195,20.929180337408006,52.179255223484745,852.5595816046443,5.110107585756329,2.194899743506058,80.20825460080356,90,10.879717110218271,1
114.89863438602082,21.427255975494596,60.60777858163173,921.2139688044279,3.864481954811005,2.1229345257925027,74.04548695936472,95,22.05738214803713,1
83.99096021523485,21.7689176940722,63.58672141490836,943.948591754286,6.455674857458357,1.2199316861902403,74.42035192563716,80,6.974560092953546,1
91.71502975219754,12.044515810865153,61.51747549835255,869.3533684857316,4.298671899861837,1.7037331053403535,81.1606102440421,70,15.943728920060149,1
98.96745239850952,24.099168235563315,52.51033368661055,905.2778566484566,5.250572489074871,1.8819325608136896,76.6683352408911,85,9.801958540128123,1
83.56811188845833,17.786789885945478,46.271626262447406,954.6276661471104,4.174729454803798,1.7122345001995245,86.70516929480584,90,3.660923005771287,1
98.24145595567929,22.059703240259527,37.33961947462916,857.3837461012855,2.981739846670972,1.8599026660368543,79.04026422283607,75,5.387018963781429,1
116.61470165728018,22.22322134204686,52.897276004300856,1000.1630075728589,3.6355594411487395,2.519689769738518,83.59375621553416,75,11.45834162071221,1
100.20886488295962,17.369908743142123,64.4246989484974,816.9242025163591,4.551509569133569,1.783270775491471,82.21425834653553,85,3.277343121722906,1
102.30700905718683,21.98137985705465,46.00667212190453,1016.3814865637031,5.898296871206048,1.8636243277772937,76.99419471413657,90,14.45089476207048,1
87.3983523482742,18.843520277262925,60.601678780150124,960.0795680879755,5.346533146819246,2.2958125146735004,70.09835606523814,70,0.1405086646259081,0
93.83638591960522,13.785868461985526,47.398779759585025,894.6164654203333,5.140205126171245,1.4322097125588786,85.92470683810524,90,4.528103513216403,1
96.24803619676064,23.50322577658334,55.848580611094704,875.8399073257962,2.989972377255118,1.6639181684644613,75.10545461651428,70,7.293506595020399,1
96.82284903243766,17.67486511095128,60.66233291324014,869.5783042325386,6.270086147680095,1.704910964897263,77.98120972260628,90,13.354211419326356,1
112.81643795003768,17.436519611785837,49.724036505292574,891.8522615845791,5.223679696495556,2.022236858620699,79.24578779216714,75,5.661050389556181,1
105.57691060725125,18.790802395889834,56.36387744557531,897.0902483070704,4.88058233010784,1.8620151730025338,79.7449421594816,80,0.3188223006480051,0
88.88542043062968,20.816710175982163,51.67926930619737,975.3135747980749,6.1324231099888955,1.8746636362611464,84.80979331269509,95,10.726533355057798,1
102.46504778432005,19.828188767533693,60.64118927150541,1018.119246023075,6.247496723568274,1.734058405159002,80.02912028961639,85,5.848093776921898,1
104.98221748496785,21.64420077412151,56.8825373478771,911.9627952392404,6.154590247609191,1.571667895914098,79.36322954870334,70,13.376042212433351,1
111.40149038521267,15.981531900414025,55.452061395434136,849.2622907206357,4.752913503296712,2.243657169684231,85.09227978272507,80,6.36534972840634,1
115.80540686568374,17.772840888707798,67.46679968113583,867.2564375618283,3.9965234392158044,1.8648783524150983,83.00326185943392,70,18.576088370619885,1
89.84905808172131,19.6520087830354,60.29844913894642,889.014552923323,5.988922917142073,2.2476075920589493,76.32214777009672,85,10.20923791753327,1
91.89142488789662,25.693661877976115,49.47718507098969,838.1926736821935,3.634945556929583,1.555349067807541,74.26422311260583,80,7.169721109242707,1
87.42422141085383,19.658562384758724,54.31308879361791,829.2635158735573,6.947256738664282,1.733903136900143,75.88150112400041,80,5.14812359499949,1
97.65980140893019,23.255666790984893,54.39280971936272,1025.8276327423816,5.027999545194563,1.9115267888612937,79.75390124905893,95,16.0485250009906,1
104.66358374446334,20.115665506352954,55.64255658100169,918.1568115567752,3.939115744300416,1.9488531852735158,73.7697311241479,95,22.347651448265374,1
109.87334516589102,18.549024087687293,75.19607421285995,850.0120119791792,3.7681314458433897,2.301747490372884,80.45376523581234,85,5.348511487279599,1
99.24048976357477,19.25982672765668,57.966815141687974,948.9962142214628,3.7223951759439404,1.8277962841630566,79.35400845104829,85,6.642342998766722,1
96.80152476745155,19.494740863913357,38.71277943916179,829.2992325115893,5.140362906720843,2.29869689712435,67.28740483844719,70,3.875135945075446,1
101.5175799224874,21.810937216882216,50.65760822626428,834.2392771277368,4.9936076799402125,2.149977603423878,72.96912406866353,80,8.788594914170584,1
91.64857098369977,24.123833802729663,39.54102330003353,851.8174559361453,3.764077826490807,1.9572589559668203,65.57124878157923,85,22.857354374612672,1
120.89538721694774,21.079042543058964,52.36161394363328,999.270796851902,4.643544213444098,1.619480481401392,78.28048469477845,95,17.59948979497005,1
83.92338972881942,23.561233036225268,39.10151816218857,884.8271960532976,3.632064613908658,2.302750106185328,85.37006822673,70,21.9572403239,1
101.84740578895725,17.105630787110943,48.027276231452575,753.4975807858508,5.589301805944173,1.6294650130745398,70.54671022285999,90,21.61476641904446,1
120.23606219229639,18.75610847355791,42.83422776292704,972.6039559905356,4.945406733887286,1.9914878479370886,73.38856590103318,95,22.748877998912448,1
100.06799844559998,17.827092397377,58.07328142373982,881.6171181502585,4.621597494082552,1.9784238228255682,79.1813106636341,85,6.845516866312831,1
98.09960964998506,20.94333377262456,55.00431490103103,789.0355196472957,3.711889269932473,1.9171619429530868,74.68123485573287,95,21.388173836070663,1
96.42554577189573,18.92312484446176,57.42369845998985,880.9989907221955,4.699844399777235,1.8442721108058742,74.65663616466604,95,21.41406719508838,1
98.19608318237592,22.189318811102588,54.16358889145179,931.2602337962942,4.585272118653673,1.6711693220153314,82.7079705308658,80,3.384963163582242,1
113.7284847467653,17.206994865102676,43.84561799836466,924.2429499919782,5.317726701209597,1.3532254250519686,77.5255227771354,90,13.860530247627342,1
77.88138088670493,20.129092919963846,59.10817095403788,1007.9048987498892,5.16701797811696,2.5615218931361405,72.5663755630101,85,14.627793455282237,1
115.33433701296326,22.06057373303677,70.37779648215562,848.8339282458041,5.7920601020793425,1.8033106142971003,69.5614205497145,75,7.251439267047336,1
85.76042847549854,13.804091674878169,58.273700628852374,902.8032072158983,4.515423456494938,1.9487551619530121,91.04203885031866,80,13.802548562898325,1
97.33347670765585,26.36489392199061,51.59260320545947,858.0258432852947,3.139588497803506,1.9463090464264237,85.64154527281336,95,9.851004975985937,1
95.70755579701338,19.150544345360373,43.57546259115644,807.4684263487666,5.9910928765980405,2.4382417348914993,77.74183326968992,80,2.8227084128876,1
105.88553269770719,13.92488025897148,47.735464233920275,953.1316423383573,4.063967486951819,2.773277688607056,80.43929005831968,70,14.913271511885265,1
84.01875648116253,20.474281695730358,58.62431725257647,927.7961741488513,3.8930829469847446,2.0639389678354747,77.55734468951506,75,3.409792919353417,1
104.62172666081943,20.100330403919454,63.584944214394994,917.0207069819312,4.956883454886248,1.937198932617233,82.55228365395625,85,2.879666289463233,1
120.24309623286852,19.754316861282522,57.086929397775805,925.6074115955187,5.302270512954517,1.550617197136235,75.7289281614106,75,0.9719042152141242,0
86.3682599540719,22.97357333878,61.39909831764786,858.8716288386948,4.469163594285317,1.422564620234894,77.28413391761589,95,18.648280086720114,1
101.89706167610396,22.242334914281166,60.66142595221794,839.6582947609083,4.4613073185318735,1.2904100281423596,82.27700420097248,85,3.203524469444136,1
93.3801782220339,20.893628573071535,59.05227513108734,902.2588423301617,4.608973682234445,1.6816620161906128,87.26929552223204,70,24.670422174617205,1
104.25887206193036,21.350466901839944,49.73221123790995,969.6726841446969,6.416540350993143,1.163658081074754,83.70707547331052,95,11.887288975462605,1
100.19147777415752,19.68692465168574,56.39138809580122,996.4846281272128,4.997321912441867,2.431531981496045,86.16956938795464,95,9.295190117942486,1
93.58513090955691,25.326472547720144,48.2129775689429,947.725962408446,4.032037160538204,2.16923849759737,78.43791331244411,90,12.84676298617321,1
104.87872284871074,15.5624119449267,55.13943162366481,901.7504656060858,4.042216643097032,1.899343794126088,76.88494796311528,75,2.513263950820374,1
118.04348109786743,20.41895502264769,57.6469082485353,916.1870357639962,4.7491158204176305,2.443753592304316,70.30809430459038,80,12.11488211926202,1
98.09096208272702,20.19507389356634,68.43027045909484,900.6956315595223,5.237857934028007,1.57153756903869,80.36099178670642,85,5.457656721521857,1
107.19757942148182,22.439841218193777,44.52214420505894,838.4433996180343,5.4839801619661905,1.672007577854178,81.8952351567822,75,9.193646875709609,1
87.06727042128836,17.4684383677253,58.85206104793044,901.4788426926326,5.124158603847215,1.226482687879302,78.49997302136397,85,7.6470905631012105,1
90.43563623181991,14.768982192810391,66.84989273298876,819.9103909446904,4.158126649082911,2.309741478008085,76.11649336950133,75,1.48865782600177,1
104.72406277880377,20.47046904829458,61.07078212671037,892.5553664338177,4.5760587004392175,1.6758634854762906,86.21701719921566,80,7.771271499019576,1
114.84116028535965,20.843691476655813,61.66356354260033,998.1663066357792,5.733907881864624,2.0062782453103294,83.15902138598327,85,2.1658571929608637,1
103.5561334878566,24.468798228342948,59.7015592149425,949.3715533670011,3.8539080395469045,2.401030560229871,86.56412725259506,85,1.8401497089353611,0
96.86941969476845,16.18891386102474,65.38667591820334,844.6128489458082,4.534246606922538,2.5483403021997684,75.23210452491898,90,16.408772750090023,1
99.99291405423354,23.46408130015016,46.30017465510106,895.654255821463,5.597462857881353,1.9883414594037718,76.45882936725988,70,9.226899096085544,1
87.49592266030282,27.102243092081366,43.91258667223803,849.9374212947157,5.875281426635176,2.1536949745085425,86.01588621625798,75,14.687848288343977,1
106.04515326355367,18.86670533743257,54.94932687627795,896.2491739093674,4.807084628908617,1.6384599015825358,79.76326460122104,80,0.29591924847370166,0
108.82333062323409,16.12717334152033,37.71070317142632,962.4664689914738,4.588793189429184,2.6733493372030135,77.15447944160722,90,14.27280062043642,1
95.4790966716692,18.779076900879886,64.84516643342408,939.1804762985943,3.6778820585562597,1.9335397758802535,77.5024248811858,90,13.88619457646022,1
95.29957852240499,20.042014902114143,64.76572156396352,1049.0486448447202,5.525639922727095,2.032113980747248,79.94459736932848,70,14.206567670469253,1
102.65878229652049,21.691363625020745,51.533195559323794,971.5486441504543,6.318779685146789,1.8372587710947095,85.01475907917705,80,6.268448848971317,1
95.63280263959405,18.22581581048586,52.03383522671592,912.2400228646615,7.565154058599692,2.4796995993655027,79.19743573954206,95,16.634278168903098,1
99.33867385374178,24.665595602442025,54.42122019879463,940.6289984479976,5.386446183518046,2.079837569233276,83.95266415088889,75,11.936885534518524,1
120.99721789166516,16.656403054975815,55.41616520351696,887.8534095489998,4.949120348356019,2.30437383096545,82.33688888423023,85,3.1330719009056067,1
97.52974299254004,14.7823845434816,56.01739135355428,832.3497451748102,4.080189386849093,2.1415832559915526,75.60830479909514,70,8.011863998707339,1
96.41659847978778,23.320131272861953,59.46585685502642,978.3465946972512,3.1211430862568506,1.911836246713598,75.60435316006438,85,11.053702164630144,1
93.5245819436484,13.176136906381402,53.61898917593218,960.5394886158989,5.176959249739833,2.3717874245198365,77.74866704034261,90,13.6125921773971,1
107.44191971499937,19.387610693381852,62.54554642782235,885.5367471243621,7.3503391201543025,2.1381264778301525,73.31581172668865,85,13.746103850954528,1
98.18775826781896,29.353043387624144,58.567582217002425,916.4361442158803,6.270812229656913,1.6156083756611066,77.42930572100303,75,3.23907429467071,1
93.50626961678574,19.963869341120205,50.14429243301892,974.4563512430884,6.116564269113798,1.604315446476248,87.56716708365693,95,7.824034648782183,1
113.21304032273012,16.637697047911253,65.68090134243278,950.7810855723612,5.245602817057915,2.0595306916126535,79.84304832086315,75,6.457397761150863,1
114.19603004513637,19.82780760863962,44.13394411102011,812.2139249250181,5.359523160280322,2.362983160955051,76.16773666956273,95,19.823435084670813,1
93.99576434261294,19.8475976341414,54.26267351342819,914.6172012893894,2.5762526817220226,2.6557682194025616,89.57872325910239,85,5.386733246002811,1
81.33460048639384,20.48194982105935,62.73533920860374,889.9421084706981,5.762510580763997,1.2891146169676788,75.34691340136898,85,11.35657246897767,1
110.07513689836922,21.98678894647886,49.21541516070285,966.7800419483208,4.420659430424184,2.0102639396394886,75.19058516597306,70,7.415121665675802,1
93.15370174239996,16.88266649489678,57.47644517413721,961.8625643269597,4.298272653404113,2.1958590648699987,86.1474284090335,95,9.31849641154369,1
107.90625599162769,25.06264416571038,59.346716775992384,979.1164696906827,4.676743046951392,2.118267653997905,83.3065902980016,75,11.075453730668793,1
80.29896182288164,20.735342853117853,48.115809056150084,832.9263396767875,4.642995510548985,2.4037308420134837,79.34970573736807,85,6.647405014861095,1
108.92597338299309,22.18038213920541,54.42017824324772,852.9533079566256,4.282364408028338,2.262213590596601,84.15954449994581,80,5.199430624932262,1
87.8882807071922,18.115551800733073,53.747969358326316,966.8449461681263,5.013872072175976,1.605799926567864,81.50300000614584,70,16.432857151636917,1
107.30764119066525,23.8591464109866,50.58609718534166,864.5012510794533,4.441722403791947,1.5940833245237076,74.06903792130588,70,5.812911316151253,1
100.14273067836434,19.228842773560807,73.4133988164062,808.7140211451416,5.1003229557561465,2.12498194246069,68.01207646492847,70,2.8398907643879006,1
90.46060580603356,20.832657540480596,48.89514917243619,931.9557892568439,3.5128221854499673,2.39620216976901,77.16327424146355,70,10.233248916376507,1
95.9296368707322,17.200681768438674,63.03944235254306,867.1668935840416,4.785942229367983,2.0573670211810784,85.4246241794914,95,10.07934296895642,1
106.86318456956701,17.00920512079362,51.85759186495086,1007.387446218504,3.9037044103137486,1.3688267721726888,77.85764955826693,95,18.044579412350604,1
101.05894453115235,22.064615919358648,46.306910488917744,917.7710732393078,4.358550681502134,1.5811314338734908,82.30048599174621,85,3.175898833239748,1
105.84412980472484,18.66917950937784,55.82251394524055,909.6155571984999,5.1433988430335305,2.2766063423461325,80.92242724222534,90,10.086191953082956,1
119.76440584515485,17.438530737486868,60.19274707510001,877.8453665030546,3.3960023852450423,1.860541963633147,71.53249852692801,80,10.584376841339989,1
84.35758388288949,18.070449973918908,62.36407660052543,995.4501200356183,4.177592622727863,2.047182921281315,77.96802153146842,90,13.368864965035085,1
116.17212574968624,22.096859215152264,67.49812088524055,921.5132675933893,5.568964384836334,2.426167215660703,81.79439665223289,90,9.117337053074566,1
101.04355937523214,18.112886416389166,78.56197031948079,875.4900289106276,3.586822158134199,1.5191163809520178,76.06426872247816,85,10.512625032378633,1
91.01215951676872,19.647035205193507,57.00411363004478,852.3549776036732,6.777867140278808,1.8343029376392184,78.18730921486024,70,11.696156021228909,1
86.6968637426101,20.045083250861293,49.6952626093969,895.591616726147,6.204407956130646,1.7908508746504226,81.95873546048556,70,17.083907800693652,1
98.10879609222967,14.247953341969103,58.62299461435913,841.3411897707117,4.5054729155477204,2.1421610146111467,80.36314999571489,85,5.455117652100127,1
109.2165011192446,15.586620783879447,52.87029639674807,961.7326465007367,4.212790312214937,2.309155271308797,85.23454870462358,85,0.2759396524983264,0
98.72450879622465,21.00883366774269,62.40772903881784,791.4994767585459,5.201939903335482,1.4078930172404873,81.9183545658174,95,13.770153088613268,1
115.11154930247348,17.78891191654191,44.622685629074226,891.6291583000158,3.5525377429728406,1.9977854563334922,75.22075000798992,75,0.2943333439865607,0
85.48824309948441,23.170174733841254,73.94667633920349,936.6080127052761,2.997857275167567,2.3477316416184846,77.61226643035232,70,10.874666329074746,1
99.87911052153946,22.900421312751632,61.848384758204105,920.5271652065794,4.540664875947433,1.2580854194156659,80.10148142113138,80,0.1268517764142274,0
87.47606555586881,22.157505999066313,41.527967857630685,856.9630216190599,4.865951233497809,1.9742430234241573,86.69207538257021,75,15.589433843426944,1
103.63631882624968,25.459315361937794,49.32776878148022,939.6155224023929,5.094427224353531,1.5136862236867088,77.63237184858848,90,13.741809057123916,1
108.868873900973,19.75073201677045,61.52864835291151,846.8376366968455,4.385259383882116,1.7433732385801868,71.33715598800985,95,24.908256854726467,1
95.79238206318946,21.946645777711517,64.41075244937164,898.6569206101914,6.273946729474948,0.9979861642073912,82.20283451745594,95,13.470700507941116,1
73.95786143372865,18.246797070211908,44.8220989821443,939.1104943188213,3.5048603415161166,2.5570936475020107,76.22200875828001,70,8.888583940400018,1
101.98948146796495,27.35710973860617,60.70420680346359,927.7747667695868,3.861737865041901,1.8576683490385948,73.57349340212515,85,13.442948938676292,1
104.3673855173351,25.950900957308058,39.42128101870461,859.4976593148319,5.486635956144811,1.6771232543856343,80.0940150641292,85,5.771746983377417,1
104.04294754961697,20.035641303553376,54.28531307623163,971.8496709938618,3.838352614362859,2.13130681818286,84.86433820904152,85,0.1596021070099763,0
112.35782191822155,21.159758689715577,63.89637473682565,905.201674289132,3.7996795478026835,1.5830759069251001,77.1305973016949,70,10.186567573849866,1
89.28946320350951,24.077892798094418,50.58787415917616,944.5797246563491,5.123354792207164,1.5451021884474823,82.48286943591314,95,13.175926909565112,1
106.8021610545045,19.558581485557678,42.94462160689589,991.7460604003949,3.9464773796839685,2.604131667925491,83.40956831521217,80,4.261960394015212,1
111.92507512477975,18.030127787600886,56.16971837102047,967.0512329264764,4.8669155720793125,2.7234652113307196,83.95898246833315,85,1.2247265078433565,0
82.21412415993483,22.621969253020648,50.162249066916175,967.2077643798626,4.300143440342243,1.7631745310870073,76.33863845190699,95,19.643538471676855,1
103.19651825918977,20.23531773825101,60.036466928526686,911.5607957909683,4.13833629662726,2.426941883966472,74.39458971033308,70,6.2779853004758275,1
94.95820168992329,20.54898334893578,47.917388542255516,947.6361072546306,2.8976946086550597,2.1424161775952344,75.07623447520703,90,16.58196169421441,1
99.18477326898355,17.497185970796103,48.8189048827752,912.815794473859,5.139563152821338,1.4344674833158602,83.95487336061235,75,11.939831147483137,1
103.47676483538336,14.84698355490981,38.83198143299005,827.4405319332952,3.752810007887071,1.628747242460086,83.33696577335405,70,19.052808247648645,1
95.12771435886448,20.7084272296373,56.35955768841186,918.1646275503025,4.83175779646948,2.620439919678774,75.21424699649833,70,7.448924280711903,1
93.24291920838388,22.7148861244826,53.71276049378721,915.381659024308,4.487895101651435,1.4292819868703293,90.66322013171818,95,4.565031440296656,1
100.34152417488025,19.322579752771876,45.492922634079434,935.0237616913091,4.7934919413001165,2.9123997352299438,74.61818016706417,85,12.21390568580686,1
89.12754061137197,24.3092885586766,56.550389710136734,892.3201814871962,4.850324625986739,1.7714551296352883,84.99732042350364,75,13.329760564671517,1
89.14174871114814,17.888251023753366,63.21656240515311,854.312666594169,5.193628250918263,2.6323259625172932,87.59832719602606,75,16.797769594701418,1
106.79373282956503,16.83588663510224,53.2754564526484,939.3903649905136,4.272240698508557,1.8777744821428652,80.54878802996681,85,5.236719964744924,1
88.51205964841344,19.798309078411606,57.14533559857579,821.2036627648652,6.242696479273368,2.3199614366004604,76.15138078209584,80,4.810774022380198,1
106.66312500909211,19.752222273946128,57.18648999668132,987.5291481513882,3.152599939144423,2.558013256048276,76.26060986275827,70,8.943728375368961,1
104.6259129285395,22.309906194005666,45.36536138256832,886.1149163277005,4.773408881472771,2.555981527072404,78.68954899818563,85,7.424060002134554,1
82.74193271209403,17.675111527808046,71.45268656566077,914.7316903233701,5.836230976410867,1.7662537876828117,85.40435389034016,95,10.100680115431409,1
93.22435347664344,24.104282710444693,51.23320135902173,933.5134891968943,5.476772553002604,1.6570447600403493,74.00062093650077,80,7.499223829374042,1
111.94109403047372,25.90075088752476,60.248929614882165,935.4412826906514,4.025164423471403,1.967515196099546,70.80616983793612,85,16.698623720075148,1
90.18834468860318,19.882567919094974,61.153722217832396,815.4609420028959,4.191754507011976,1.4798081515864088,81.81027495284651,90,9.099694496837209,1
95.35595737690612,23.749131260552957,53.88323898307399,949.4451948326558,3.9932074406733964,2.0957056702442234,82.9080637562954,80,3.6350796953692566,1
104.62060893251896,16.83050878812422,59.854360200477075,918.1892297025764,5.599227630664389,1.671681339088994,89.83984723399634,95,5.431739753688065,1
107.83390509282596,23.225664623545747,56.966553774531114,861.8843169264835,4.2600762714844915,2.4330839094171663,73.08840512366635,80,8.639493595417065,1
97.48461113955504,23.14182922567839,43.658881942180756,855.0199829432452,5.25512308812345,1.7719550335127447,79.3259669401888,75,5.767955920251742,1
94.02489805308359,22.590311840569637,52.3418183899993,879.9568150765892,5.264301414075955,1.3030964122079918,85.80918716060239,70,22.584553086574847,1
114.22369861698508,19.953310733389117,50.0995927811675,822.0754988033705,7.368393468235372,2.5603659104677186,80.60431083801366,85,5.171399014101576,1
117.3889966379758,11.137253176273907,51.306039669230984,1003.3360434592215,5.313251259801703,2.073347201332745,79.02280405469239,95,16.818100995060643,1
109.78858050781795,18.07481856904361,44.5679745773069,989.1690795086007,4.188855985249536,2.0116539561680296,83.9495274846477,95,11.632076331949786,1
100.85318142565023,18.122251946946193,64.01146973396824,927.1020120585564,3.5398497379336007,2.437757913978484,77.003055178967,85,9.40817037768588,1
91.91734278359074,17.06523518581857,67.8159412369073,886.5960950194745,4.724147285362254,2.348630600919263,84.25705420977074,70,20.36722029967249,1
91.69555593443435,20.366729013641198,62.82402380798727,888.1735207237563,4.880914157572682,1.6952585823958297,73.73218403904862,95,22.387174695738295,1
105.22514105265758,18.743109663436297,65.16423379317715,945.4839423704381,2.7893004726094444,1.8200873575895358,72.40284148358552,95,23.786482648857348,1
104.18398220888683,17.526163970704935,52.24292130393475,1005.469613970117,4.286145839706987,1.5548178999762647,78.63205990543835,70,12.33151415062622,1
114.01598592946429,16.82359955525654,49.90994532011171,865.7761956241955,5.297352542827553,1.414219177950074,67.18355106551716,95,29.280472562613514,1
106.5045009253614,17.853461043544314,48.771303625506306,832.9448374426006,4.467644329733825,2.231437013966156,80.42349818356452,95,15.343686122563666,1
84.96919698240181,23.364497635549785,60.15251938365778,992.8584464157162,5.968623785705837,2.156873724016673,71.33719328647645,95,24.908217593182684,1
110.51947617722918,18.016924836117518,56.8165044251532,792.7716847449329,3.44164355527948,2.3043316846090067,81.41210260283188,75,8.549470137109173,1
90.01939372685587,18.455183880700183,54.3822263072126,839.4881515048412,5.676882820153216,2.512642176598377,80.92729719058472,70,15.610424557978178,1
96.16028728047648,18.62990715493026,65.36118835356274,885.1885264493488,5.913889741525953,2.309789917970269,79.66018806917592,90,11.488679923137871,1
102.50200206251695,21.01698054142826,58.239530830522746,806.3739919316981,5.956496475841536,2.3453837905221033,82.18204333769046,75,9.576057783587279,1
119.95667489783965,21.3687484655856,48.29073889983532,966.7289437683959,3.4341436153456213,1.168815496731145,81.02098734307043,80,1.2762341788380382,0
131.0991855600536,10.866030382270512,49.55272936691444,951.414316230306,5.314552795857384,1.8772059032300024,78.53499698334365,70,12.192852833348065,1
106.06723059136183,23.064905641482824,60.45594639403316,865.512406367081,4.331245881478485,2.385830597867995,89.15503490238567,80,11.443793627982082,1
98.16803381279612,24.30910410273126,63.33386282123678,976.7768471506648,3.593857558017099,1.5327165055179133,81.96655346776221,75,9.28873795701628,1
105.3450564848055,16.849440387914992,59.413441858047754,986.9575457042296,4.586132275026292,2.0366685531351054,83.85954043655438,95,11.726799540469072,1
108.87655425873837,17.083105265795496,70.17510998297665,893.2097611025962,4.095022008099191,2.2077857762454025,85.36539871986297,90,5.149556977930037,1
96.79332374442808,18.649239836665185,68.08005732585136,872.9599093459195,5.920750468163869,2.1771413975353946,83.34074689521044,90,7.39917011643284,1
117.95211355912322,17.731987941630187,58.528286678806104,1035.5761216645487,5.513063343013569,2.14751852318332,90.31416459462403,70,29.020235135177185,1
102.30070759191402,20.67178062183982,48.29135472414798,943.2697093250493,3.8475555318911323,2.2395650876182303,80.83003442410597,90,10.18885063988225,1
104.97743089091394,14.160424140923407,44.52009990614586,915.3794791781312,4.275778686169071,2.0722975579712877,79.9651932708197,95,15.826112346505584,1
106.65924252054461,16.64621717588978,51.90094603988228,981.8127567983768,4.619302574383377,1.4148287170435947,76.75213956096692,85,9.703365222391854,1
104.21586610614456,24.617591600524722,61.02570757132926,918.1158381001812,4.927594852682103,2.2027822141613975,78.7186303172001,95,17.13828387663148,1
108.38940500469613,17.215340097955945,69.6131766344955,869.6627648448487,6.00637827480378,2.1138986242214974,76.34387715474419,75,1.791836206325589,1
93.82746813453076,23.730284834308776,58.3395762752864,904.8095856292532,5.690782326480633,1.4201006196578185,83.3860595650077,95,12.225200457886633,1
94.4169824605397,21.06601458677041,64.34978235384989,962.3192572391841,5.05139196897484,2.5518940844346285,75.4384187634068,90,16.179534707325775,1
88.99845767028305,14.572196856235225,53.03754011049758,780.4688660190471,4.739351150105078,2.213535079899216,80.36896084949063,75,7.158614465987512,1
104.39501230620226,21.905987585648617,59.9821530018204,882.7181556336467,3.226645965392528,1.4478606716090165,82.79773467151188,75,10.396979562015835,1
107.78936503512114,19.64699809342144,61.58685463581738,982.9834439148963,6.291997626126056,1.6731099344111398,80.7516194329761,95,14.998295333709368,1
104.57772866151886,18.63359883125078,39.163245793179776,869.287895934389,4.552903402134342,1.774379183301528,75.52042562215037,95,20.504815134578557,1
116.74492433347537,20.73487127951601,51.69248958098792,992.7665136258846,6.554840240426257,1.7740946244797406,83.49472457002992,85,1.7709122705530396,1
99.94403981170953,21.423900456700377,62.59760307422296,984.8846291615888,5.196109292131835,2.117220075527377,79.57330145732027,95,16.238630044926033,1
106.68741655592513,22.12277546592386,57.195746685092516,896.0682530706629,7.025284208621445,1.6094592995766952,65.63643891776775,95,30.909011665507634,1
89.08299123860685,23.534758542644006,45.42787961479254,865.8876417066599,5.606321533366316,2.451254698848774,75.08324154708306,70,7.261773638690089,1
96.12900297525599,21.22440773833507,35.559020994181154,882.7584675510219,3.5679803687791214,2.4183213805471966,87.00566118201367,75,16.00754824268489,1
106.95537757565778,15.873097733640915,52.073754037583946,1059.876869520086,4.385584519738788,2.247726923839836,87.42160920757343,85,2.848952008909912,1
108.49102110743144,18.579063627046427,54.42731445684897,1012.4654668159947,4.830865039328035,2.0176967101575403,82.63055605032599,90,8.188271055193342,1
97.06033052335818,28.829145005805863,47.92861640137323,907.5234583084043,4.126217112891676,2.374979006060615,83.92034488479165,80,4.900431105989558,1
99.28400748141934,22.173473181145184,56.14467949622396,863.5107869027754,4.622939182817956,1.8896209108783963,76.10853009371067,70,8.726471562443813,1
84.82126253319191,27.10786190243449,59.05109397786316,907.0224621348758,3.6330608414178904,1.7102044554467164,78.6992779063047,95,17.158654835468738,1
96.42970799193391,24.186302246597556,60.365497365809865,914.6296155970059,5.005721281099122,2.4760438582478965,86.17683300229818,80,7.721041252872726,1
108.90383163519786,20.725406214667245,36.152648600541426,825.3984757434388,5.23741194901094,2.1270171028076037,82.12957621281038,85,3.376969161399556,1
105.75205016106567,20.90422120934335,44.485719217535035,904.8024761529156,3.9958905927938813,1.7263769437674434,80.32474191943525,75,7.09965589258034,1
105.00665721381209,19.890259880369463,52.56301881316212,979.3442594887038,6.940254293481911,1.8329030531833683,79.0659572855349,85,6.981226722900109,1
100.49773687180961,14.786586152460501,59.57738504829971,792.0385991270116,5.063513261280459,1.705428806493893,85.87236000617354,70,22.674800008819336,1
100.07063158628176,20.054141757404672,58.913872108400284,949.5950379082349,4.183259133877088,2.808869943531442,85.61016076775073,70,22.300229668215323,1
93.39678860526553,23.63202365762659,58.774959583013406,982.4878782032868,3.3704607000347826,2.00163937498021,83.2483587538438,90,7.501823606840219,1
106.98828420202534,18.201080015536387,51.932656464248545,866.3665592943379,5.059942889397169,2.0631085245014673,80.33137533041281,85,5.492499611279046,1
104.20972944389389,21.235858997185428,52.37893250152031,1001.6505454914634,4.739511467186648,2.2884876191447763,78.21621757116606,70,11.737453673094365,1
104.92018847992799,22.554773137679593,49.17336585262608,858.5797762530992,5.783040907286443,1.5138556069571976,83.46506859842357,85,1.805801648913446,0
94.7396515733242,17.270958682062574,61.145553024846784,926.4649597116243,4.856629735028032,2.438618906514489,74.4904507751276,90,17.232832472080446,1
78.46657080128756,18.646091406969006,47.636089698083374,881.5936389201822,3.806281217731273,1.7568615476848588,75.5271507620673,90,16.08094359770301,1
110.97152711753695,16.946265528568524,61.80029116151656,881.5802185702438,6.670718296177581,2.7320065144460597,72.7445431960753,85,14.418184475205532,1
95.21162543991596,17.533503179931778,56.662825905101165,862.9620558145173,5.435624879507186,1.8749365079941627,86.17614888996563,95,9.288264326351966,1
91.37224235956879,16.137184149040817,54.63964417235877,941.9145288517212,4.7458912884016415,2.4150560059052744,76.39666687935328,70,9.138095541933252,1
106.93478911913994,17.29865461586592,49.74631680178827,950.928327463887,5.1646385314497385,1.001280753152365,82.02003893375813,75,9.360051911677507,1
96.07987360080871,24.258367042393516,44.15566511068699,896.1346680253687,5.474041956561658,1.5299467695656117,79.37221239645237,95,16.450302740576454,1
110.59936384046622,17.253568912729122,49.81877794897564,818.4019071796636,3.5711433861065647,1.8825571364009495,94.48769495060968,75,25.98359326747957,1
106.17005949576698,20.37937765718207,52.359945051000906,924.1902099980634,5.15769421996281,1.1876868007500436,82.20952727017918,95,13.463655505074549,1
106.83569323200477,18.49139373898713,36.04780550734999,925.3208615646416,4.549876526706108,2.240353779536562,70.68929620377328,90,21.45633755136302,1
86.34044288799466,23.536597811110816,53.42115875732269,886.9970993168143,5.507299985629752,2.1251832501744996,85.87717878298292,70,22.68168397568989,1
112.11943985386401,23.93348688981085,62.394858944208046,1012.0338772308485,4.259818075393722,1.603668940056049,78.06424518197159,90,13.26194979780935,1
102.61250531233856,22.59220994641684,59.53774324347098,806.1642441059607,4.395298144902918,1.9936165480542005,78.99536099025472,90,12.227376677494751,1
96.30722860753797,20.918403659308265,51.03035299406794,766.962977384786,6.662871098564057,2.32259089196925,76.63743868494979,90,14.847290350055795,1
101.43388467342251,19.306821389477303,55.37549038732182,856.1499060181397,6.2309120908821365,1.1587801932520103,80.9780625931923,90,10.024374896452994,1
82.2376476710168,16.42437588742625,50.550683444624,942.625472045487,1.7044388200326916,1.4906043935061373,80.9125656883741,85,4.808746248971645,1
104.08652811480671,25.83058664336659,56.19008586668557,836.6493217539695,6.156761982464312,1.8659646803106622,76.77261411175685,85,9.679277515580175,1
89.70628491817928,17.72098094674234,67.32086258995226,841.1417448884355,4.926347973742243,2.0094894506529903,77.45927739756786,70,10.656110567954086,1
86.47329714156466,21.990939041098525,62.74799042099901,957.0612801706893,4.291817937100989,1.9765554313593825,80.50643066544158,95,15.256388773219385,1
84.7764081378211,23.178696717870192,59.16635444554202,927.7528753678649,3.9928252642923496,2.355717914174284,68.2863425674497,70,2.4480820465004376,0
111.12688374989925,18.334158509284013,51.056920700930256,922.623654577704,4.050882371720012,2.1908844982621587,72.79251264748149,80,9.00935919064814,1
93.70736606307212,23.114037581947887,60.99950714355871,946.8857351679317,4.320064055241585,2.278653936228424,88.3499604804901,75,17.79994730732013,1
115.337277099165,22.292639610016565,41.504984389015576,874.4884228036269,3.8728674163181562,1.444049706878254,81.63910472160121,85,3.9539944451750424,1
94.64198536947703,25.183891506145297,52.98117214407288,877.2609555565085,3.6454003389273577,2.057929541919752,77.3754550662961,70,10.536364380422997,1
82.92642042407053,18.591960600719865,59.6696913585916,948.5867563536855,3.9596198491560894,1.8771429963048225,71.51958584231582,95,24.716225429141243,1
88.8347556005134,16.142407948160855,60.92336971238201,819.3067931531281,5.323393855065687,2.584828752667507,79.71841917526761,90,11.423978694147097,1
112.35811620006939,18.483530733666466,60.359075921725925,771.4368092160872,5.050090148570797,2.06975825495116,84.92596045890554,85,0.08710534246407566,0
98.44101822063332,20.626560627602995,57.35864551367756,874.0029495823287,5.555856451551856,1.7323784261135884,93.1960305232497,75,24.261374030999605,1
94.51712703509399,20.17463818125517,53.43420016732894,955.8523973439414,4.933630160789946,2.341000510382016,89.46028212497849,85,5.247390735268813,1
101.60018225852788,18.819686311176348,59.30380775861191,915.3335819392082,3.6933206693552085,2.225319118345859,75.56530989935732,95,20.457568526992297,1
105.01782736167544,14.272407623068272,47.3771116753096,951.4374902473809,5.494440923493606,1.6713593309438082,77.52100234307855,75,3.361336457438066,1
111.1739881590246,21.41144898838732,48.242581893654,779.02234137461,3.995310721125085,1.86060411889233,72.64250384881665,80,9.196870188979194,1
114.48499229892926,25.9170334372466,55.49387741168238,918.9298084994095,5.646614301988934,1.8674214161566554,75.79172466688024,70,8.27389238125749,1
96.40231354210914,21.39275371436901,56.38558114166998,939.2318702785427,3.8340799970430393,2.490984436911815,78.93578418437625,95,16.90970085855132,1
86.73952313917961,21.82740655716054,40.39507857148283,818.9521546433589,4.312523373596474,2.081296749551377,78.16431501686928,75,4.219086689159042,1
95.86534838876725,21.717335918465306,58.641171047596146,951.7234554327927,4.6386083594320855,2.2907129914240687,90.27283653289716,80,12.841045666121447,1
102.60280506582886,21.1911400096472,61.18182702335515,893.3088662096525,5.674404801056949,1.8026913115479668,73.42321528761892,95,22.71240496040114,1
90.3624107378939,22.794997900604283,54.38171810026964,1084.2802020963602,5.175997252127395,2.1339201164557764,79.77452775406051,95,16.026812890462615,1
90.42849085104957,21.186121043556998,73.99573026627193,769.3658358661959,5.020001322150924,2.521344361171863,69.68270118851677,85,18.020351542921443,1
103.43787881549885,19.061968491040172,49.53651914947851,982.1468620604851,6.885668785055305,1.8555692938997408,81.65445390243868,70,16.64921986062668,1
99.5134764842955,17.612033269973736,52.11130269290504,876.3505142084356,3.1630168387748547,2.0460619215351104,73.29147329662025,75,2.2780356045063286,0
100.32796995411587,19.253079034157974,51.83946475098232,802.9708971335974,3.961622357299449,1.454677497504957,85.51313154191396,95,9.98617732430109,1
92.41504665299931,20.942388489352,54.39049910967186,868.3826913861005,3.9188115219610085,1.6937767640359889,78.54487053492355,95,17.321188910606793,1
97.69599285794233,19.05175111663108,52.37020149626967,916.6487544802479,3.2293476900777254,1.8662228432008707,72.99007865858553,75,2.679895121885958,1
90.75766855731696,20.94301604939429,43.74551564316103,962.2480001739026,4.280480487113973,1.5756642764193116,69.48649123221021,95,26.85632501872609,1
108.90198411124787,21.317450401101254,50.6276136301082,1003.3178572879306,5.687769163796706,2.528789471008739,75.10681255695164,70,7.295446509930911,1
110.35249334723753,22.499538293810545,54.219034433807394,985.3135853222606,4.408352601484248,1.6647971919033948,81.1969044537142,95,14.529574259248216,1
81.53812137761906,23.84838490651694,64.82857665649598,842.0770787577303,4.66699702801369,2.3147194368468984,82.10756823578231,85,3.4028608990796356,1
90.7048913980759,20.23402225543657,72.6179461869833,967.8098815359671,3.2774451721197178,2.0747344950125908,77.50781009413363,85,8.81434106572514,1
85.03470744909922,16.07667030455702,65.68379118280524,923.4770974272524,4.203474424839653,2.012340779404185,84.62898521716484,90,5.967794203150179,1
93.49976065593101,18.96468770954243,48.79696776261915,860.7238187442607,4.538301284412416,2.594465457986063,74.32128553552465,95,21.76706785734247,1
99.16562030209639,20.1321877022198,49.43352311499068,887.2853643913511,5.642400422547114,1.0957598812289682,65.36470078745715,85,23.10035201475629,1
85.5035478030147,14.492693731468728,53.72537137992519,857.4094404333166,3.325083602081779,1.921518041270758,81.4127682537125,70,16.303954648160715,1
90.78140186874687,24.165993560307445,69.2764711108287,902.2255405161874,4.5449912542788615,1.567847865373823,86.45047906341692,80,8.063098829271151,1
89.96042627918501,20.4271337375314,53.676607582544854,856.2205270623527,6.0868180300688906,1.2154318363467849,86.49666836828871,70,23.566669097555298,1
102.07267329398944,21.144058503740855,44.37994007570055,838.3203556069536,4.554916714376736,1.5221073064969233,73.50095379692333,75,1.9987282707688983,0
100.6934433703625,24.096579387578796,50.99058290437572,928.7471476669663,2.884438585881321,2.0068950140012283,77.2765340633922,95,18.656279933271364,1
92.78262446662747,18.10957150957296,61.056448014555336,937.7238328955782,6.2791757773481915,1.7098611483174218,83.61910007870253,90,7.089888801441633,1
101.76820872139398,21.72212579265209,60.51952221516869,888.7441799945033,5.734896942538333,2.3586454359300593,76.86446946020615,90,14.595033933104276,1
94.53319915412735,19.670407630694193,53.39826666806675,982.0590782361584,5.869397175078791,1.9144616608234677,80.52692430304246,80,0.6586553788030791,1
97.28344889673947,19.44773939895224,60.46731738848025,884.3741648102932,3.2562163532546062,1.8701046581116227,76.41780052094859,95,19.560209977948855,1
116.73452090298537,17.683422836586864,36.81462237962535,881.8335272924677,6.512455725847214,1.8718876197975631,74.55305621269314,75,0.5959250497424856,1
113.40461051790348,24.99680964105958,55.83063388026158,939.6293389407418,4.226723914888802,1.9606022375481844,75.51813174296622,85,11.155139125922094,1
87.00418763072402,18.873499879773288,61.88548337094904,892.0544649033998,4.490561055779769,1.8326085860228989,84.77862596475616,85,0.260440041463342,0
108.29732417879174,22.098392740687107,48.33709379876372,905.0878637415686,4.2972228340079965,1.6594985209743347,80.06891382315438,85,5.8012778551125,1
108.11396554491593,14.37497783758419,48.3092917080297,748.7736917628561,5.9469371819552075,2.3956739535904146,86.35940819202779,70,23.370583131468265,1
88.51736711247382,23.53996558906936,40.0684147778922,901.0024430842785,4.820201647494704,1.7503619798444217,82.6021034747721,85,2.8210547355622433,1
108.1877764375486,23.156633467871174,67.71916475848555,790.3682437517244,5.4817410325876255,1.8465893534615256,88.03232615740471,75,17.376434876539616,1
115.37931918412554,20.29230233089191,49.23876818382747,826.7429657400678,5.075901022884368,2.171762032036124,84.09034096479368,90,6.566287816895907,1
88.77455193755586,19.319172601586228,56.92834622289689,819.8806476746697,4.904957996307079,2.1274964984629015,83.79670415123353,70,19.70957735890504,1
90.82497178985736,21.2000000168407,59.83133633186699,837.4450107879704,4.053215936253804,1.6426247750615801,79.39756050682159,85,6.591105286092246,1
110.17661466843502,26.866371982640867,67.09654359313163,867.0687684220649,6.812140587307765,2.3019927776442985,95.04603288248325,75,26.728043843310996,1
102.71495310825648,14.710289903289544,53.76881780811492,870.8104430672709,3.536606371494771,2.2150681359353617,80.56349109947267,80,0.7043638743408387,0
105.51476275239523,22.346082162722382,50.684561649772654,939.8565122554276,5.412253974034685,2.071189933674902,70.1328831543706,75,6.489489127505863,1
103.40589216400497,17.265148093538293,56.38454118856443,913.3432688480818,5.376656592107279,1.8274732597674033,81.34016769806983,90,9.622035891033518,1
103.90695920928144,19.940244811100808,65.2726422123383,785.9355342709208,6.154356286152425,1.8373077237914366,75.08853878381285,75,0.11805171175046779,1
86.73527871688917,19.25635964276401,53.63861974879373,904.9976782528084,6.388090032379278,1.9192811587993563,85.08510760800807,75,13.446810144010765,1
110.47317706621449,18.715045226606733,47.361047347327386,919.0953147950056,4.862611400583225,1.5072672235488935,83.62908379090469,70,19.47011970129241,1
111.69589992427774,19.968604612841812,42.6739375334771,880.2860090248225,5.5303943059247525,1.9842926205612175,79.04243175033675,90,12.175075832959172,1
97.70609255931973,16.59748656416663,45.229620923158194,896.3468413855978,6.764873710452509,2.3568408161787997,75.5605349327842,85,11.10525302025389,1
99.56523050186138,23.0875413083839,61.91513197925332,911.4186075238234,4.934823233077748,2.3505484759336093,80.73212863360402,90,10.297634851551088,1
84.68892497444277,14.617569466404198,52.43500418954551,945.8759758581348,3.9335665249348235,1.8476592914894188,76.79383096071473,80,4.007711299106589,1
105.14254756017834,21.619293538485024,50.13983272063432,805.5072007522359,4.615531887300579,2.4256333090902147,83.93901996391918,95,11.643136880085073,1
105.72057441714144,19.020392442396286,49.27226221452846,885.3409776816211,3.6953540013855326,2.762361821811778,82.78007857129023,90,8.02213492078863,1
99.37808983000689,16.48722531857764,55.68036688160146,990.5001658834638,5.371816810994723,1.873516985894869,94.67983296246717,70,35.25690423209596,1
111.24353359870503,20.607150111796084,53.08435924987533,984.9996784978774,6.064456208140635,2.2766058825728672,77.77442730674538,85,8.50067375677014,1
96.6592276902006,15.329146739880565,52.81494285024598,951.0562156665468,4.878958507932461,1.0948760149236831,78.48287185757678,90,12.79680904713691,1
105.646059258936,20.119141465158904,65.79459142248591,932.2094810373405,3.3790399505463595,1.4967413087272035,79.22612163031613,95,16.604082494404075,1
89.80335661307885,15.731369276565337,67.30413025489307,999.2780849041253,6.021650835057677,2.036448411733408,79.44507232864459,85,6.5352090251240185,1
99.76447849125762,21.383816252953494,42.11982661672803,1015.0708800964,3.2237010384342213,1.5973067749926446,85.1353946898074,70,21.621992414010567,1
98.25645742097164,17.226927999108874,57.62074184914366,892.2552007171888,3.454045222076959,2.8156808178889796,78.61827177468933,75,4.824362366252444,1
102.25307922040942,18.647017948912072,48.78510321102886,841.8340534027008,4.821661612505281,2.239151874918621,89.86190858071748,95,5.408517283455281,1
96.30473071166642,20.881848163829485,53.01399108911125,883.7824609425303,5.251785245675499,2.3863326587432523,82.91137554862851,80,3.6392194357856416,1
98.68527404328333,17.682373664473293,57.47422708101355,1085.8017308263231,5.422247498758354,1.9883894375357651,77.57131976005988,90,13.80964471104458,1
108.26047171441506,19.82610800099509,53.298240664552644,805.8386194364883,4.933860447953527,1.598716792054539,76.29377157509664,85,10.242621676356892,1
95.63235762761782,15.45850849626544,56.84367904502106,871.767651628235,6.760043765134857,1.792475887130048,85.20436096704229,90,5.328487814397454,1
83.93422899261321,21.892626810788467,60.38376164825534,815.2385308504421,5.065168341083202,2.1017521918505437,80.14260075943405,70,14.489429656334352,1
117.4958390420542,25.294741416652315,57.356614404322556,907.4858317726431,6.034668101752936,1.7448338646363954,80.04530026878378,75,6.727067025045036,1
113.81454078690487,28.376626603729882,49.825309566659016,827.838538266308,5.786954564094698,2.26847679669088,77.00759886787941,70,10.010855525542013,1
87.07737304894381,20.273504439999318,49.96640314423741,893.474938629983,3.7071262677954704,2.2845659876818556,79.69277159539746,95,16.11287200484478,1
106.89707805245195,22.36461242239156,43.48235762705572,782.9942903988745,4.830269512714478,2.0019925215758354,76.80522574598614,85,9.640910887075135,1
94.97025229448657,14.658122981277533,48.16863761983426,937.057239905079,7.123320513281019,1.2697459651932002,86.80855728112999,90,3.5460474654111196,1
102.6348721533106,24.508202978916763,70.69654689518822,973.3407153880785,4.495649146059742,2.6859139734663837,83.58530076127698,85,1.6643520455564906,1
102.94224129013493,22.328685514172317,48.663971407238044,876.9633826761925,4.3253794756433095,1.914930857324193,79.12615580349613,95,16.70930968053039,1
97.65592199683678,18.5481996651463,45.45296950044944,891.8921995754579,5.1705755814770225,3.0837106593884145,79.05265958473635,95,16.78667412133016,1
92.16234334413603,23.711542400867028,57.559422894758185,890.1955661561212,4.531480070739948,2.261014278540878,80.46087084119608,70,14.94410120170869,1
93.0945894768374,19.236571770063975,54.11708192566512,910.8546405135015,4.206295420497762,1.9160179693071773,79.97229880563934,90,11.141890215956288,1
90.83808084518758,18.62592445095633,53.4352541052062,897.7098247820143,4.516716605702413,2.179128750599202,75.21531910345416,85,11.511389290053925,1
91.68177791769556,21.426004776282475,66.27236773129673,946.0870171458416,6.4320096713686254,1.192285793168555,70.4961293580751,90,21.67096737991656,1
99.32821709950645,16.809936500509043,59.39301340446692,973.9823480070568,4.863381308522428,2.4104569612943867,76.01149666779486,80,4.985629165256427,1
92.84240010889248,23.064874293199843,50.7600565463722,851.155726650469,3.671924967245288,3.0267764950117906,79.35741254667485,70,13.367732209535502,1
106.8205206571262,16.83203056421947,51.60419265926576,881.4402904335421,3.4882534619118357,1.1643066104626485,76.31083401141255,70,9.01547715916079,1
114.87246155335927,16.849835630530443,50.97930788875452,954.0971669354847,7.206804932054469,1.885036396069717,84.09669015197785,80,5.120862689972316,1
94.19946758629958,17.270930634775,61.99791697264206,814.699857116458,4.776665630565898,1.9578647508833895,78.85423432049623,75,5.138979093994976,1
102.39404500535377,22.278500112548368,52.5348189643749,781.7567230892658,5.434578500965418,2.3500914516652256,89.3678678751431,95,5.928560131428311,1
104.99685110302934,18.14967391544088,40.654771980366796,913.5789571739087,4.2286227736603905,2.8423902696662147,77.19252870885425,85,9.185260342524407,1
104.72002270919275,15.956012646898493,54.613442570125244,929.7807846642295,5.320985969271415,2.153152849038226,80.70358399350779,75,7.604778658010389,1
100.75955267916088,18.182960000192605,42.70379199097657,856.6619887227845,6.459329651601532,2.856716729686211,78.55569121915107,90,12.715898645387696,1
107.42682418359722,19.90387288795854,72.47384481403921,865.2809367527727,4.347736816256245,2.068172990753865,82.19889028867411,85,3.295423189795168,1
104.82248952680658,16.45708254900684,47.274656689222155,854.3884606955461,5.4585867799485825,2.1805695275184918,85.32875564498522,85,0.3867713470414374,0
87.62337577672702,16.54495667289697,53.705081877138156,847.9844856393339,3.594253724109612,2.131294226464102,83.04140479463548,95,12.58799495301528,1
108.69156064389273,26.333889002298754,57.0656218776091,941.609749236276,7.022866118366792,2.4881199132020346,69.84601865266971,85,17.828213349800336,1
108.87290837266742,17.41830378855834,52.690734714566155,829.1700907801417,5.268535930244575,1.8310715767559187,82.49930805236434,80,3.1241350654554267,1
92.36713895821418,19.03087289368098,52.67975678827046,884.068628313999,4.587206155647708,2.327314703504604,74.94560928859481,70,7.0651561265640135,1
100.37937835447602,18.898288997602144,58.374618289287014,845.6798299491088,4.702125876713836,1.507681357497429,78.45115410791861,80,1.9360573651017354,0
106.83328992811069,18.735929576688676,67.20972767037023,812.6826614459271,4.489961825485665,1.8861983581394364,83.44664593418669,80,4.308307417733364,1
97.90686180420639,21.864040219907306,61.14007265453838,952.2106904848063,4.541094835876507,1.7453025508244766,74.4011954579248,80,6.998505677593999,1
110.72978047766011,22.844428851416147,66.82811102858834,868.8104866695877,2.55250485765034,2.035184623447177,85.77974003742526,75,14.372986716567008,1
123.6387249461936,19.082136705405222,46.627047135251985,911.3064048252454,4.902034267903245,1.8735681002384872,78.23307050224383,80,2.208661872195208,0
92.14013967365018,16.290565140222952,57.53890106604289,809.5154472119394,4.860121319394287,2.45285347698279,90.85468686459058,70,29.792409806557966,1
86.18955396846225,23.82332068354671,56.241968416466236,855.4836327746115,5.4886615372604775,1.648532761931343,80.34338912896881,85,5.4783657306249305,1
103.03818595604876,19.713976726409953,57.80873033341388,945.3652728417003,4.4768562535584735,1.307473625675595,88.52671371325884,75,18.035618284345123,1
107.21562505126144,25.190965444571507,66.00985576508458,1055.2362873507186,4.228963685858978,1.4570864721153771,85.98839612266755,95,9.485898818244682,1
97.69133626155231,13.263242307304512,53.233686801663566,781.4270361365813,4.992225055547025,2.3976672185205277,76.9444745897275,80,3.819406762840618,1
114.53260663321035,20.58620966384996,51.755973067567304,887.9335322826345,3.387631881909516,1.6121770626735112,73.49154636183239,80,8.135567047709511,1
86.61394200276752,25.755819001628623,59.27184637934931,924.73683588861,5.143423187534585,2.1591377662082833,80.56813680618772,85,5.2139566986026775,1
106.9291862303161,18.940207593685525,40.77437817947322,863.0339908056429,3.138180740478279,1.882084998700768,77.08678440738912,85,9.309665403071627,1
93.94139179241107,19.323519729996093,53.105183607022575,950.9713192196474,6.120818648830796,2.329697621901302,87.89859390043503,95,7.475164315331546,1
117.19377906207296,20.886535074771015,53.926418485716376,847.9960397603812,5.684269955660775,1.907693717953356,78.76570414163689,75,5.020938855515851,1
119.92515353168119,18.323612543345128,47.6371310695446,909.2308596129985,4.073814123575986,3.1057394064468546,78.49798020740613,95,17.370547150098812,1
92.33343412216652,19.063784203841802,63.456472090852614,868.6756857300984,5.661138013338037,2.759246806327402,73.02050769631491,95,23.13630768808957,1
94.5044286409142,18.98655471742579,46.50207746125373,973.1658649772863,5.111514224253881,1.873915927837723,82.09608506539884,70,17.28012152199834,1
108.59587886979801,18.11773779672088,53.91301561308963,859.4181298178637,3.9909897689151403,1.8191461643620055,74.12888859026583,75,1.161481879645559,0
96.12869350210485,23.68656965060168,57.345257802583745,878.887572222809,2.9771238427709106,3.252930460323385,82.21218456440357,85,3.279782865407563,1
99.54588782067762,21.383234096889307,65.82761249180895,956.7413422498294,5.316435683426453,1.5684596154685642,82.90045863249001,70,18.42922661784288,1
100.2538842054241,20.751884696309904,54.91554852095317,838.3176804544282,4.205718152864965,1.9779905808326603,76.25162444012818,80,4.685469449839772,1
80.80326843802344,22.42571302067035,62.489228753025685,904.1250034058144,6.0949695696960795,2.008979567882171,84.78289965508857,95,10.754842468327821,1
99.86162253905762,19.2069325003896,60.60476317821702,790.6479393788039,5.014033733881852,1.9990648408741702,78.6256228035438,80,1.717971495570243,0
93.10272225935826,17.677388544941298,55.98766044935314,834.7239924822555,4.300417303502683,1.3045153117877895,72.6437815204789,90,19.284687199467893,1
95.06877177600228,18.19212708615633,46.28389273381236,922.9278765534482,6.7978387330904715,2.198640963870376,87.72643670156846,85,3.2075725900805407,1
114.43632003468814,20.005349123313827,43.52335311276521,840.558149427826,5.576446492603005,1.6118599634430733,75.38264712962841,90,16.241503189301767,1
87.43493105720744,16.822364874881295,55.85204321135349,867.3256240905725,1.3449134848958941,2.5743956496676286,82.5353527063324,75,10.047136941776538,1
108.13205186747977,18.499216950239973,50.65842500877909,929.5851841228763,4.513608231209133,1.4176139830261512,82.12897237023623,75,9.505296493648302,1
97.21037069668192,18.451650074385697,62.35408873345033,865.2488315311842,3.6159110079875765,2.0237863709501904,81.94592336962172,95,13.741133295135027,1
97.20239831504166,26.37366868948704,60.96685214478862,949.3705243929815,4.200202062279692,1.1135517412192448,81.85930957965068,70,16.941870828072407,1
107.90371896051711,11.67855518019825,53.5231120445036,912.9397672491639,4.855267601081464,1.1382465174637104,75.14906181719999,95,20.895724402947376,1
103.4005129456889,19.4611408357831,45.738296608469845,926.1409867154701,5.354048508587546,1.6642592166829469,88.45674800751361,85,4.066762361780718,1
105.70612997219531,25.177081378444313,59.08588439685819,974.457935924312,5.261365742113574,1.7207159670651888,84.7812457510032,70,21.116065358575998,1
109.68184660532862,20.365533392397364,46.8564044309188,919.189383756844,6.077873076564802,2.586290565195774,82.375283656252,70,17.678976651788563,1
96.68691616816677,22.260252420263278,48.93228861655308,992.3308374281606,5.636598377508667,1.9837632654952406,73.33511882242186,75,2.219841570104184,1
93.8776326549225,20.299478945299303,47.164674094278766,954.6757369822694,5.574746929125506,2.5169627603646214,75.10816062172283,75,0.14421416229710834,0
89.14849473442202,17.99799985635056,53.89199182448037,868.5928542099326,5.201492323133275,1.8480853621293292,83.28728313344583,95,12.329175649004394,1
91.74589470021044,13.274252196473261,64.36153867256449,977.5888845012763,6.2867988527259016,2.2424340731521326,69.98157944151592,85,17.6687300688048,1
129.49094425308726,20.61636706110891,54.95967303821177,915.8319612541767,4.683723456809083,1.7098098732324396,81.69351929970185,75,8.924692399602463,1
112.44679580736786,17.673180186192827,51.454250460578436,876.3192174803697,4.70969673126481,1.6826107723605594,73.3441160130719,85,13.71280469050365,1
86.48925633791978,17.598993781504088,42.795080559638045,916.7031417192529,3.0944266470274697,1.271659944432842,75.65984111245194,90,15.933509875053398,1
86.7754204325643,18.503038232062664,59.416996677838746,966.7396094634157,6.0561640438100355,2.1343015975405097,72.94466196166202,95,23.216145303513663,1
104.81866061718492,25.23458421987048,48.75676315257098,927.3027056545333,4.923074244220845,2.1048333658800598,81.23053207891151,80,1.5381650986393858,0
105.47264797377967,27.21451262676192,55.94014095326477,1009.3435699530838,7.933605706171273,2.3109251549143406,85.58180725917148,95,9.913887095608963,1
105.48883835317365,20.651623812585203,52.166251072666874,965.1918334739294,4.594467308237542,2.0859673148565583,81.74008761906342,90,9.17768042326287,1
97.45044206446302,18.60569832826482,61.7054177567955,931.3896020041298,5.088578129416735,2.810478390877587,82.28916524461124,75,9.718886992814987,1
98.745457399971,16.468320747646366,53.742108863771584,838.4359150355306,5.546504953608414,2.0704110546710037,80.83979448077442,80,1.0497431009680191,0
103.27879524159357,21.405620484638206,54.52858916381559,889.2160491593927,3.898100027011287,2.3967306857352484,83.41346755435319,80,4.266834442941487,1
100.85893006293331,25.348716800195433,58.885977179643675,904.2998483850511,5.3585477138792275,1.8703563668003589,82.33542807125008,95,13.331128346052548,1
77.80699627252464,19.25797883892453,71.85552145810549,941.7978900730648,5.034661432057185,1.6366119862794444,66.4245090300141,95,30.079464178932536,1
97.70200369424806,12.863011877740327,62.10757544286844,938.2399824763315,4.696311810323162,2.2870780680746545,84.53153368830823,70,20.759333840440327,1
91.48593565739687,22.010149015446572,54.291151149211125,910.1724246130972,6.172603958743006,1.9643408048718636,84.0057598098045,80,5.0071997622556275,1
101.75211418908512,22.95619913435015,55.02558392492231,907.2209949226303,4.096251282089344,2.3328172183718485,78.18843584670796,85,8.013604886225927,1
129.8525900260341,15.242463078842457,50.80112431740453,943.2274137045642,5.274902113082222,2.1411746167378722,70.12896636133654,75,6.494711518217949,1
103.67481665474304,20.529452550988857,47.40003437184244,848.4848264622009,6.454664291385046,1.6827946692839375,81.21237012817204,75,8.283160170896053,1
96.86470313827603,21.353678048408298,50.577993703469424,1001.7309491549914,4.293378244043701,2.4297351510708114,81.63330402068249,70,16.619005743832123,1
109.21801501977252,19.780678093973183,48.82280829030446,777.1699868901917,4.703114017307701,1.6515240184861328,77.79758258719578,95,18.107807802951815,1
104.82687887209212,17.62768724274394,60.22694707036708,987.3245689303218,7.345304563471828,2.250130505318202,80.93349862173346,95,14.80684355607004,1
104.20094490451841,23.04781167069067,46.43044113704811,897.2888682944903,5.474391065156057,2.5126444446103413,85.35920128985185,70,21.94171612835979,1
106.06850593215671,18.78986076209395,65.66568449104035,960.1547888562957,4.493802523357382,1.846162064633937,91.98760859147583,75,22.650144788634442,1
120.56543564829542,15.544441511900203,61.01637106895064,921.8304260575568,5.802624760078478,2.462397781468926,80.73451836457933,70,15.335026235113327,1
88.69111564674084,13.851576542990957,55.16401383494135,920.7620646546482,4.4319064484089745,2.159046733621277,81.66956840676622,80,2.0869605084577714,0
104.73632076811454,23.782548559997927,55.002548891720544,933.2552685615913,3.435084075839929,2.3407775113585054,75.88105562407303,80,5.148680469908715,1
90.73618870018461,21.849991929413356,50.541749523083574,948.5432573452667,6.37236394526517,1.6652977235589657,77.49303977011711,85,8.831717917509286,1
105.55512646342248,20.263920641387507,57.16067529078211,880.2701504047656,3.8969407358689856,2.085720092821499,79.3197868481426,95,16.505487528270947,1
90.81313488513905,18.67917608944759,63.704739705668715,962.0879478315742,7.451712624997291,1.4367674759901985,85.88859017695299,70,22.6979859670757,1
95.82633186394915,18.41300475739062,49.37474830195349,834.931762585273,4.510667624537795,2.6845202061241857,84.09478878014029,75,12.126385040187056,1
97.04910085762094,16.772790054675166,42.73286328865016,899.6801656004325,7.133264681561855,1.194400671366197,89.6467667200398,95,5.634982399958098,1
109.7581671934471,18.705633066320345,60.625746038853954,950.1581954563367,3.631328931479942,1.85809927214846,72.54886912169896,95,23.632769345580044,1
109.18454443942414,13.639738354639476,57.594927793950404,959.7010547769534,6.025493586266252,1.627316562320151,73.38132514675513,90,18.465194281383187,1
87.54282623553615,17.791809039594458,46.038409588470564,927.647330895684,5.49972627298465,2.2698801660808954,85.51041467617966,75,14.01388623490622,1
100.5493411099985,19.06718745094672,49.132869032687054,876.3964537226559,5.8377462255551515,2.7695783783719676,87.24430188157244,95,8.163892756239537,1
92.90420145250827,21.829640141571257,48.12716580759887,953.8024667021222,5.968022706676261,2.26196603947501,80.16564060835466,90,10.92706599071704,1
87.41495089324665,19.88022060987991,49.20374184772601,859.8380256528748,4.502254857718828,3.1845134787805405,57.67198068235561,90,35.92002146404932,1
97.8298294957563,22.384769341626676,52.4105379676705,1005.0845444249346,3.6911561579970016,1.448823929376464,76.28235419050627,85,10.256053893522036,1
96.9151721154418,24.04740531534029,52.86762156575402,894.9197461500202,4.949082269660782,1.4795263469885738,81.67746826074695,90,9.247257488058946,1
124.26716486345522,23.174510281472305,49.79365075945232,807.6224583476424,5.223030257585134,1.64275430735384,75.50293506711134,80,5.621331166110828,1
104.32959825360696,21.41152954213567,48.934689444000576,828.3189919190069,4.528155378844495,2.0484978781183623,80.92563078468858,80,1.1570384808607237,0
86.22382499245762,20.035588037542354,53.169725248644944,902.6186182127752,5.277553970159862,1.5892310498867,89.49277724435989,95,5.797076584884331,1
94.35225995829057,17.05763597475932,56.34153227887649,908.3895162795632,5.329625531174741,1.6993348982779897,87.130664097975,85,2.5066636446764705,1
110.21383295429399,22.219832154137947,52.469627709081244,1018.1794010970657,4.089973553456134,2.248193409570915,84.0444612268507,75,12.059281635800934,1
120.88442772869925,25.039242146664588,64.26933618673041,837.6900397431464,5.394971281690466,1.5043312467544727,79.67775360580922,75,6.23700480774562,1
84.14016687762042,21.026318118951256,59.06470171536629,902.3677319582358,4.732787976305354,1.5467215948119593,77.52665971049804,95,18.392989778423118,1
81.20075614860954,25.751777445278368,42.27323314513043,836.4347155750766,4.3000190997966286,1.8405844988039712,83.78875657638737,95,11.801308866960662,1
118.70965175371782,15.423284875816748,59.189822123310826,870.4407088071958,5.787375138223993,1.8782227716642717,80.12697326250114,75,6.835964350001518,1
103.89614177370903,16.537509845661376,59.84435186068466,1001.0383218041603,4.223008788306456,2.404006286888526,80.29852219686185,75,7.064696262482471,1
91.31707268123634,22.565604523244787,51.52212025500647,831.8198266106406,4.543332410095274,1.6397441008087519,72.24392193559487,80,9.695097580506413,1
105.34629086122435,20.792870630459753,43.038419301574756,935.2225454440701,5.072050850186656,1.711888006351641,76.42734808887053,80,4.4658148889118365,1
73.64252260983122,23.941346529715425,55.06453407528909,923.5744415408635,6.374311620654239,2.2326680465116024,83.75930233658407,85,1.4596443099010932,0
100.0337550659716,19.95358507781978,54.938330788142046,898.5497144185075,5.192784077724298,2.320557729513353,74.49466579625707,85,12.359216710285803,1
103.27821172843085,17.396073732415005,46.02683010773444,931.1661973915043,5.528288332474667,2.5714897868506355,81.32853549301228,85,4.319370008220845,1
109.24270139537829,19.35922027338487,43.39024626992052,830.3987770834027,4.702357464003504,2.1876481419459015,82.0625179743207,75,9.416690632427597,1
89.86104047707462,15.401948087228797,54.29957162837248,999.3793504682135,4.921510375623659,2.0521456239847304,82.3544390787701,75,9.805918771693465,1
100.8568716140336,16.614227980708897,53.13538246359342,1015.4907297074112,4.951122766480406,2.230015362698462,82.80132108178844,80,3.5016513522355552,1
90.74575373940412,22.91733199375403,51.661877077420854,902.8262818655588,5.293306236017025,1.893034877644581,83.13863026570033,80,3.9232878321254105,1
102.55383755674318,22.61836224340883,54.33271412202751,1045.3863678368132,4.70403242695174,1.8900929622498086,76.88103453978735,70,9.830049342553359,1
91.04653677636976,21.08901285441823,46.17778900943745,876.0583241070048,6.339999885476209,1.2903558750884985,72.66172718169413,70,3.802467402420189,1
95.91899160839779,14.836767437118592,51.521435097071084,924.0259196313768,4.626833761497858,2.3573663826757336,75.63232293808325,95,20.38702848622816,1
90.04184605209771,18.924789273461336,59.266600244914784,985.9133438264709,3.2927588647946324,2.0845835780206987,83.64960598452456,75,11.532807979366073,1
106.51136241823657,16.325000334019848,52.20023935718969,872.4597323866254,7.742796604370019,2.3108157065473223,73.99576703102153,95,22.10971891471418,1
108.58451116656666,23.529599761363297,41.624220225659585,817.1070564672337,4.672631309056248,0.8736758022090823,74.79694660057747,80,6.503816749278162,1
97.65379430042586,18.248833599312196,51.21846177821143,803.2969760628688,6.313169787091347,1.9811593168425816,74.76927999621164,75,0.3076266717178176,0
100.38237994960028,16.742756867655352,46.438732291945115,1023.6495938341595,6.404790841959759,1.657647397448947,70.7701277262837,95,25.50512870917505,1
85.51408585366455,20.089388495364272,57.137090371693844,868.2585209616733,5.945214312250382,2.600545001928093,74.264978169341,95,21.82633876911473,1
97.00323351993212,18.079536629496165,57.5506992270434,888.8557941948901,4.801972780402598,2.245686766193532,85.00198456661835,90,5.55335048153517,1
99.49795382958256,24.45123173061112,41.72980299931175,833.2341553007367,5.286684819874343,2.093694164324224,76.4161767364222,70,9.16596676631743,1
126.20793091029975,17.795567307397427,61.07210376465751,956.9003567597513,3.7254897906950726,1.8272268122635902,71.25530921722827,85,16.17022445031968,1
88.88032974225837,15.802315222326106,46.10250958977153,853.1064084465249,6.990147773818276,2.158883324052659,77.44178072542708,75,3.2557076339027735,1
114.64177238752437,13.541259452727452,67.47345832385881,870.5242183403207,4.1481940018173304,1.6287257482487583,82.55273607946833,90,8.274737689479633,1
109.96858773465809,19.907640492759754,54.60978988399506,917.9712251649696,4.746099037259125,1.9601098609256937,70.84613617558169,85,16.65160449931566,1
102.80636404490136,18.314209658426222,45.0288520116867,836.1572443652657,5.098986487040251,1.768654645205032,84.76655154883005,95,10.772051001231524,1
117.58620484195133,15.71328618046482,45.86411143445855,889.2850638291465,4.89256024516304,2.9065958619926766,72.7950959232046,90,19.116560085328224,1
103.72105472606863,23.567679383767356,57.78476233429876,984.1325753701962,4.343126717706606,2.587979102476336,78.02258180506657,80,2.4717727436667936,1
103.89159195667929,22.001735442287725,51.86960088081298,925.6952638510118,6.394339052054688,2.4252189935931323,77.95867445002192,80,2.551656937472604,1
99.46879346982455,19.91534636318831,54.226768723054874,907.8325375457015,5.95027928348828,1.403875591138337,77.19279946622237,80,3.5090006672220397,1
112.23568882418627,24.0929787325126,67.90224186157631,912.8918825678319,5.322047204325693,2.3456628449136216,79.67599150759239,95,16.13053525516591,1
110.96469233810883,21.98760810019584,49.406047486167395,876.6518942414061,4.60044694400325,2.075066670056775,83.89280176988349,85,1.3025861530782463,0
93.74322712503788,17.531432295444702,55.479702861565656,1019.7691391852956,6.064275871844471,2.4893840558064584,79.79599209348396,85,6.1223622429600475,1
86.80752805401232,16.8823395080277,66.35875589898443,851.270572167956,4.535531367222434,2.1289580380507758,76.97163169953369,80,3.78546037558289,1
97.97019362604343,22.453944633361584,57.1641078037312,912.6555697178358,6.570391840337816,1.9973129335846787,82.28674342380448,95,13.382375343363703,1
91.99961435602354,21.189100869402054,42.14717811713595,906.9015339805684,5.111220915483428,2.0935137185346235,81.03631864311254,85,4.663154537514663,1
99.36475425384644,20.509243303911987,59.0431120938571,960.5257504279881,6.229781526972715,1.277746683350982,76.65248220036587,80,4.184397249542666,1
112.37438134684139,17.460506591393276,45.69597713773245,966.1904363276184,4.886179673816417,1.6930386911328812,80.21150711042183,75,6.948676147229113,1
95.4269834491321,21.823842701017263,66.25446022986372,898.0788717307757,5.071533182040945,2.149334215481309,76.23828748396205,80,4.702140645047432,1
99.57176618688425,17.733503350598152,48.41705916001618,917.439989586783,6.2254210614586665,2.455755343362633,75.67130635801529,95,20.34599330735233,1
100.58022734808395,19.694040036218965,78.75607606196532,919.7120852348369,7.193925151804445,1.7798027534751526,84.02900607074953,70,20.041437243927902,1
108.48430882205285,24.34083243916094,66.73900790662142,763.6715006657636,6.560366817504882,1.9836772480544265,82.23479403284578,75,9.646392043794378,1
77.53110666015395,18.017497292569562,48.627099442976174,804.6606238513335,5.87713461937785,1.3596030221298439,83.85189817618274,95,11.734844025070796,1
93.93299705234703,15.281032228781417,55.160110440012886,863.6961785566817,5.589283432957597,2.583724325341504,83.17564250575755,80,3.9695531321969386,1
102.11283692279473,16.84235842438967,61.02915425306771,866.3040794173878,4.493051309740374,2.4454966928932484,75.56390370472974,70,7.948433863899627,1
112.00078956426862,22.98289648006287,61.26928379381366,828.043054682152,5.295229741105433,2.2608410474268794,85.00640965033396,80,6.258012062917455,1
95.08097552493795,20.764193412140628,58.53869007980958,944.9749542824178,4.086950816003268,2.162722475052356,78.51196444859039,75,4.682619264787187,1
81.23447293958125,19.61336786393374,65.01727229572887,900.1271052610483,5.3757821336847735,2.621019626058719,84.64608911633609,80,5.807611395420107,1
106.19711445966136,18.47271858406529,54.016248426925046,887.1183271567897,5.440050660693574,1.6779956034741133,79.37441695014351,85,6.6183329998311615,1
93.6463761117437,21.45607972265957,52.066258651391735,824.6306835295568,3.0391548585318082,1.6347353774693365,81.56581543939662,80,1.9572692992457694,0
88.1033334090964,17.452685447029328,52.225088096603116,897.3273081453127,5.038738609191707,2.4246079145025714,81.7161396447351,75,8.954852859646792,1
93.75654610286776,20.916996705927787,61.86698585577702,742.3989146400833,5.414874899089106,2.3977253526832496,84.06600192642195,90,6.593331192864503,1
98.15474642344151,17.806236293561128,57.92144832242117,890.2226213516495,4.916290142860977,1.5226017655643391,71.82726939495565,80,10.215913256305438,1
93.95255335461788,17.307021844174837,57.33026932552205,903.7910201284653,5.358048838856571,1.7874560473692536,72.11801143645286,85,15.155280662996635,1
77.9443394290093,18.087537695524965,61.361873994057454,914.5148990592899,3.658277756643686,2.6756372524309557,83.35855432551088,75,11.144739100681173,1
108.97066196887133,18.873777660548114,38.59158073716916,806.1538941912432,4.224135694439742,2.1646669312863613,81.78181232496682,70,16.83116046423832,1
112.74875041278722,19.85351049219889,57.480550591001204,913.4890042014885,6.0349381631639325,2.314864607207269,76.12178175905689,90,15.420242489936792,1
106.51521991339506,20.706367385333344,56.74855111098972,837.5141238081275,5.000571665645777,1.5363813829882573,81.82154454508371,95,13.872058373596094,1
88.62314329575183,8.934904125714667,68.35046465040564,851.25181006246,5.339878981314908,2.2626578098148715,72.9601989494805,80,8.799751313149375,1
97.98508466052482,17.577048326759705,42.771296141890666,943.0758831493599,4.453478839291421,1.4321833816916478,96.32144755434506,75,28.428596739126743,1
99.93478684770542,18.82529006793188,67.45749305901407,1020.8468234015846,5.019494023276857,1.208071453759726,86.55785693413972,85,1.8327728636937897,1
105.9879438956191,24.51518611582499,55.60327303139733,903.0815255281608,2.6979878198648013,2.290729584072347,83.11151338703937,85,2.221748956424275,0
106.68340488718081,16.759992174853604,58.91191624528036,850.974272481586,5.846011938420767,2.573778067853796,80.37815185338744,75,7.170869137849915,1
92.65826201221505,20.488389854299736,68.40735030087501,911.3202268506,6.80793283895247,1.8984855697003329,76.90635977597351,85,9.521929675325278,1
100.8199555641356,24.485090929207512,59.48609014404458,956.3417494499488,3.934982450785359,1.7813797272582166,73.44906880327063,95,22.68519073339933,1
104.57280404615241,16.06109441015818,58.20294631570049,937.2598539523641,4.0596678124904315,2.6843394624985484,79.43088686255288,90,11.74345904160791,1
114.55822322146767,21.181925677593206,56.938329486418546,1064.5867723478248,5.440879898237482,1.9220866523541569,75.70119682152438,70,8.144566887891967,1
107.04506539824723,17.59318449819644,51.13217492004498,857.07974585432,6.473879290506746,1.9736925105770962,75.99279075673377,85,10.5967167567838,1
107.89056687375519,18.486098773132298,54.77208700391686,915.1338887951579,4.997902682617055,2.6775828905761343,72.91621680112728,85,14.216215528085558,1
100.8382662792936,17.590667498140057,49.27589787101801,992.9350772050922,3.770681979187496,1.858566074788716,81.24831525965553,70,16.069021799507897,1
114.10459145203504,17.80442807475234,54.64346480459614,989.169554221112,4.791382763362127,1.7383889562620536,78.11503247088554,90,13.205519476793848,1
104.09762795959497,28.165736443719478,36.31255442355923,782.9953244085372,3.9700679196882076,2.3262032896548352,82.67535787412935,90,8.138491250967393,1
91.3891208982643,22.533367616214996,58.43231654054039,899.7985427976012,4.331153707131223,1.7152575382483537,82.28549396827394,90,8.571673368584511,1
114.0336997012519,23.305213585358626,54.026101969730995,989.0712459509219,4.6959589008466835,1.9421593847511271,81.14732315039831,95,14.581765104843889,1
106.97903272539028,21.47598046050949,52.310370106665886,1073.4385794239483,4.070675411758373,1.4723365593151203,93.2972012902709,85,9.761413282671654,1
95.56955978871518,15.181229634794125,56.75806467152115,942.2277530250491,4.222094275825435,2.0741588353506053,84.11852756782773,85,1.03702639079091,0
95.20507032600757,21.184873910969923,43.53148861627648,877.9282023782109,5.074534000222243,2.027238994881237,73.6971699467505,90,18.11425561472166,1
102.96575545140762,23.21878884352204,70.43415997297026,839.4478108537566,5.21503581213723,2.3872081098892575,82.29368223960735,85,3.1839032475207656,1
104.63184795267584,17.439801577882665,54.177860308099206,1033.124601451851,3.576019666179033,2.3429026146646925,79.72990628515755,80,0.3376171435530573,1
101.97292265631206,22.89598000148338,53.83324453622248,943.7244951879455,5.396381722509338,2.220607203387833,73.29234714586767,85,13.773709240155688,1
103.11308673442885,22.113008629562238,47.276830318936625,849.115984386875,4.618066136868602,2.157702277112405,72.8918355996168,95,23.27175200040337,1
116.99957374576381,25.55612013444101,55.19157105959409,887.8106180199732,5.720261523552609,1.9706983544990635,82.26601458639784,90,8.593317126224617,1
110.71543152234885,18.746650962459142,66.09567912218624,918.6111910097222,5.78049752068786,2.243822387598321,83.48773767439282,75,11.31698356585709,1
101.90635591265024,16.70716705317282,63.28732967545627,932.628399233287,4.455458819044951,1.555067130532405,74.76871400337737,90,16.923651107358477,1
109.41310580767484,18.91511567188236,61.83550200912445,846.0228805472526,5.614147694037733,1.0604135712582763,84.85083526597322,75,13.134447021297621,1
89.6747609647246,24.30671297949087,59.371191613338176,863.1485749124704,4.16304396030117,2.4647670684851573,81.42457198407642,85,4.206385901086562,1
103.97927049946809,14.514782357474111,52.131659779499124,800.8239262576224,6.32376206283529,2.2696641848991654,85.97929578471259,85,1.1521126878971653,0
118.0930634973311,13.794872853706902,43.39869466370639,962.3857373762869,4.200863799143535,1.949205426288034,85.44810199169622,95,10.054629482425032,1
97.81954104607627,20.26818583679484,53.39168982506692,879.5028919937811,5.352749608625513,2.4298234433783943,79.20781542298504,75,5.610420563980047,1
91.52366071380915,18.67223212167753,53.113028283730586,927.9792989509975,4.81239085535572,1.7074010332213891,88.17799865051047,90,2.0244459438772506,0
93.4791111140694,20.023183679527055,63.390355517369926,985.3355105145796,3.9831054857623993,1.7178029871667397,74.37941954939767,70,6.256313641996668,1
89.10366962657612,22.835935313707594,57.47512353967856,913.1922085424368,5.900915761785309,1.6623449105223331,91.95147252475348,70,31.359246463933548,1
92.15238091872297,18.342291961643443,67.89849222322839,893.2217714430559,4.385868191133209,2.227048790046354,75.60607159757052,90,15.9932537804772,1
96.2949190140997,14.380982507208138,64.57990832030539,911.6352886130361,3.299927835021694,1.3668167691140989,79.7599863416116,85,6.164721951045184,1
85.94432980821358,26.133444671599833,51.348035123967236,903.7916162310137,2.11798663683197,1.6932153572871835,77.16405850693619,75,2.8854113425815817,1
100.15618333949602,17.00831513768367,40.638966427041055,974.7698998726767,4.124955305572029,2.1158860092944543,78.11604506060131,75,4.154726747468412,1
109.02277173786648,16.822888633963707,66.08460187153185,918.6503038523274,6.375908419298973,1.5183395696309556,94.61776831256981,90,5.13085368063312,1
90.9224381985308,23.31116004116779,65.87508178584595,867.3359388252652,6.25773846750366,1.735875837735526,77.68639656294461,90,13.681781596728213,1
115.19283923641768,18.846532636875445,44.07030727278219,962.870943413385,4.281401597652468,1.1153729691541747,84.25554186146461,80,5.319427326830759,1
105.10792088527595,19.809830443895567,67.07392015862001,973.8290613815011,4.62554508529862,2.242322659760615,78.82298544356792,95,17.028436375191667,1
110.30580585624057,21.448370372180953,58.05693736474014,819.7001623907722,4.535086924443977,1.7248659226630885,84.68275214793874,75,12.910336197251656,1
93.42165446147862,23.250749309329986,56.28548398500522,991.9670330860863,3.6665678545504314,1.5602874999435383,77.27920240814504,95,18.65347114932101,1
108.54525227066615,18.999617920454686,67.91826603397863,921.8827063925091,4.051168128376657,1.48199090961657,81.28066046829586,80,1.6008255853698294,1
89.08066099604687,24.5598560177429,65.75748138584493,916.9961970087959,5.981149519400785,1.8327145951179602,83.14349150236372,85,2.1841276442779813,1
108.90247500836509,13.592600453795583,60.21064761596163,960.3974778957909,5.5038878713794,1.3679377652434241,76.39094273331759,75,1.8545903110901159,0
101.71839339793532,22.27936171085923,58.78573652649586,865.9814165397432,5.2730888585298885,2.776951870859467,93.78862962112795,95,1.275126714602155,0
105.53251219984784,17.481417325947028,59.93115432424287,957.2498708514554,3.664853388339141,1.0461021531324057,83.40470521616899,90,7.328105315367786,1
88.24405394375148,24.116813949823975,51.799540528939794,877.3934718157287,5.100703214033977,1.819752340085404,78.87014522741312,90,12.366505302874312,1
91.04930157723395,20.426133436491636,54.55918840214143,811.5029592173797,2.6961550305119784,2.042762771716502,76.51382741574653,85,9.983732452062902,1
105.97228218253385,17.981284003971794,47.78146276324366,840.134623253584,5.842802691260533,1.6898483983453783,80.45861511813492,95,15.306720928279036,1
90.51651995775799,21.988523279064896,52.33568179408865,934.0213099741936,5.258574900737142,2.084852694917246,73.92000994693265,95,22.189463213755104,1
104.63206292099123,22.679565041621757,52.06692897064853,843.2718996003205,3.6547675479001698,1.6801593700215354,88.91147631924972,70,27.016394741785305,1
86.32862193539754,21.925682368575913,49.91755704302668,996.604567391379,6.61642555749004,2.61203778546926,82.1562688620054,80,2.695336077506756,1
108.48174212666669,16.91091128110082,56.0939720211877,971.3570072063786,3.203835340831419,1.5524491943560892,79.56006966294302,90,11.599922596729975,1
87.6747668523149,18.547948629133746,52.40815319439538,980.0063499619779,5.5303061822496025,1.0595104234606723,85.22988927178356,95,10.284327082333093,1
105.52299937679524,19.987781488635694,59.01787776281579,907.4867147806447,5.555171768978662,1.4806000598186713,76.39242610957017,75,1.8565681460935555,0
106.25630933646,19.876221042049817,42.02143509364988,915.4716970376976,3.760329560647519,2.154597909925485,74.22020206784781,95,21.873471507528624,1
93.03228181570425,22.249236426315044,54.0931616471416,828.3772887453433,4.962149309189883,1.9528302481804543,79.34933464135631,75,5.799112855141743,1
105.82026567084726,13.955296302480175,56.05241312141997,959.7470106094494,3.3631721578471367,2.300853163192847,80.63771824734795,75,7.516957663130597,1
102.60442263333556,21.00298116366051,52.514966081304955,922.7900073022251,2.1536256836731864,2.2006978466843865,82.65293103296385,85,2.7612576082778246,1
94.61158143807262,19.13005593669008,53.62085840152615,934.0383375175356,3.9321237730683416,1.7454878601099184,72.61861041783887,70,3.740872025484095,1
89.91445315923792,17.484498150848143,42.31803191416114,1001.298708687173,4.383375057738003,1.804366602481781,77.71841584990383,80,2.8519801876202067,1
80.3737430832742,17.772539666691202,57.85181683735593,863.6422209631494,5.644256180810792,1.8458684897387094,64.58267603415723,75,13.88976528779036,1
103.49650047299694,19.35638700644611,60.180847860536566,892.4315070073609,5.06740808506082,2.753738433398661,74.08825414546955,75,1.2156611393739354,0
84.35197228637945,9.196744686621443,58.948298353630136,919.60025529253,5.093545459386147,2.2763289258749477,83.57630766850203,90,7.137435923886638,1
100.95344199441308,17.89613128762535,63.30981647553746,843.8738756724777,3.985578376716415,2.756674759671402,84.80512904287367,70,21.15018434696239,1
97.36551783917751,17.37255552606112,56.61223684626002,888.7440707233897,4.469988695958613,2.3363117489367258,74.2899773234349,90,17.455580751739003,1
106.79142775438196,21.598349627967874,58.829449445207494,929.5769886280182,4.070073390130839,1.9745666420313794,78.37697725462812,85,7.791791465143392,1
96.97954500510136,17.58341995246844,56.248725907654816,880.4747237176301,3.7750259929701917,1.592255405205734,80.12803077563997,85,5.731728499247094,1
96.70552213652908,19.35465859948853,60.50040575673995,978.5393645837468,4.406300573012743,2.0806078684594977,85.39055069421055,80,6.738188367763183,1
107.31870704288295,24.626829882983905,42.38216291094302,809.3445262909804,5.074512385096334,1.975652331113508,87.64547433258495,85,3.1123227442175923,1
103.35058029084118,22.98305455944627,47.851352256175915,967.3662744140005,4.427361480575796,1.9625410858647145,80.76541127611512,80,0.9567640951438962,0
103.16155957182778,22.706814199830358,67.69519725626473,939.6711284889603,4.676497330575027,1.9163603692403002,78.69691672208884,90,12.558981419901286,1
104.69267589808526,18.500382708767443,35.31651342323036,865.8702847466045,5.69491481091139,1.179014916969511,72.78153195649682,75,2.9579573913375725,1
84.64427876792894,21.629096837868957,53.878576561397246,844.5354859062002,4.499245581309296,2.5043359266138623,80.5403461728053,75,7.3871282304070665,1
107.56788679986983,19.29830659863922,64.37819967686454,775.1830429654528,3.6660333690121085,1.979818604313073,90.37461250745133,70,29.106589296359047,1
106.12468794013603,19.411720367969185,54.25391467566588,852.28949925517,5.5634535216012395,1.4342987535885432,86.4509627496866,85,1.7070149996312893,0
89.83316871423503,21.229056031239647,51.75991142839442,962.8305993001798,5.265849648508285,2.192705083629458,80.87429148129452,70,15.53470211613503,1
97.55919526325799,18.2090192347372,56.035373414522404,896.6348564232795,5.328659498172314,1.6576655325573888,81.51688904350056,70,16.452698633572222,1
99.6069271237237,24.47900931332961,52.17503855998043,969.7788528235105,5.625838657535709,2.224856249188313,76.55741819273972,75,2.0765575903196236,0
98.65503215598267,19.51960958120619,55.24679594205551,862.8077357625269,5.456641527307945,2.3526625842049844,78.21432185611738,85,7.983150757508965,1
103.33859966568535,21.855081698778996,49.53295170783896,942.4263696063938,5.028728692471304,2.407854596267727,80.73799587792175,75,7.65066117056233,1
114.31366781831184,24.366801437771894,63.86939535964579,856.9500838749346,7.3914526628520925,1.9356333093380718,80.75317170159221,95,14.996661366745043,1
110.81766727672829,23.094961323725524,66.38611936852529,842.0654996274096,3.7150312536980454,1.834488908792593,85.0537496645153,70,21.50535666359328,1
86.87780806568594,15.773242691928427,53.93287742310702,893.5723669697594,4.413582721511442,1.749784655894132,84.81041466370648,85,0.22304157211002174,0
106.22069990306049,21.334687685029653,43.90808463447006,860.1020093208002,5.967334364678167,1.7109775646158012,82.60283390105542,95,13.049648525204821,1
113.28933319535409,22.55215818338194,50.80925463749284,807.4306710577672,5.142586292095574,1.993107974315633,75.00426910900356,95,21.048137779996253,1
103.86808520689203,22.675589066482246,53.528090719176284,889.0611179569804,5.757923034011238,1.9162627750433041,75.19292339409098,95,20.849554322009492,1
110.90980425185967,16.660115497656108,59.04431101522567,906.3861249858774,5.169756429536871,1.6698784736711336,75.56054264857707,75,0.747390198102759,0
120.12270445700766,18.028894288948027,46.93589421463457,976.101516689764,6.374056551159981,1.542486098478838,81.17760144603331,80,1.4720018075416341,0
110.23709546106981,22.983674707224864,48.846701450862795,956.2083406279836,3.992489144366754,1.956497563096567,69.8683947262193,95,26.454321340821796,1
102.49308595641729,17.714718887952063,59.08540910287046,973.1965919539699,6.34245988940671,1.8263209528224678,79.9686246376769,80,0.03921920290387959,0
110.45088474084753,19.100911830007057,62.51127065631646,943.2214499036105,6.1709964932042665,1.5434532106872536,87.04321358227068,90,3.2853182419214653,1
101.44887833096891,24.727627428505908,50.02724763863453,919.9567655369984,3.78971088576962,2.332228405368563,83.3341301734032,90,7.406522029552004,1
100.23903043284956,19.85660224884563,44.33426356839203,826.2633056116864,5.630665409887673,2.7088371003300993,78.24636194527108,85,7.9454565349752055,1
96.48585764286267,17.81967758649847,81.27294561030307,908.9923318761165,4.9569600677634105,2.38503528559369,76.5087229312511,90,14.990307854165444,1
115.63413358832108,17.367147929411285,61.26643389670971,935.8076266398489,4.393417980880936,1.7119247953295824,84.02857642388341,85,1.1428512660195205,0
91.81571334057999,20.998157988755565,52.86396990586375,987.4462769622262,3.1113808102822804,1.9799081261640255,81.53027683026137,70,16.471824043230534,1
115.32367724678116,16.000555974568375,61.952250204246724,941.1773125039089,3.989186328882683,2.616171580674984,78.7678377370863,80,1.5402028286421299,0
104.99864123740372,19.257992108310745,54.00434696228462,974.4230060763254,5.708112140184589,1.5305201428890027,77.0548456054693,85,9.347240464153769,1
86.00693825198059,20.999691604970064,61.93725511280149,838.0801265180856,5.813841269260557,2.31303805067409,80.38191494843637,70,14.831307069194821,1
103.67649292991422,23.897449461643003,56.275145582209774,880.4149424311142,4.7892895194238285,1.420766716742404,78.48481618006505,80,1.893979774918684,0
78.99973492348376,22.002644241109987,55.730175185340585,925.7610428196763,5.816985143143285,2.6736150509725314,83.92189784958357,75,11.895863799444765,1
106.25508016831036,17.857804646053463,54.09134505415369,969.6571614445537,5.945260077894138,1.827874190099604,86.20584547989358,70,23.151207828419405,1
108.8523148298899,23.53525795269116,43.42094933229528,891.2862812496649,5.154639958626348,2.891617489809525,73.16375086078642,75,2.448332185618104,0
94.07644044347947,19.10145488735757,70.50475919514511,895.0532424510508,4.277666376149796,2.691225519456732,73.8709021373558,90,17.921219847382446,1
101.23547695955583,16.292890933851773,47.46772863785805,941.2284183601787,5.441054112815645,1.9574277961674449,86.74028093824366,85,2.0473893391101847,0
119.54157433750287,19.483875922203584,44.11981138951524,832.4477503712925,5.486984707658864,1.7122378507558358,80.82909471331978,80,1.0363683916497202,0
94.94253295738064,24.314507603437107,53.29712093794906,996.4442729894057,5.67394439035031,2.0779101887563654,74.34174681605579,90,17.398059093271346,1
89.410924129434,20.495720150194774,47.30822549191595,847.2518344135389,5.86540327000224,1.9279364133413746,84.91625803330321,70,21.308940047576012,1
114.81663402462598,20.03756559298936,54.586297675517834,784.8846345864418,3.6378354280787786,1.839373214565763,81.70842549944416,90,9.212860556173155,1
119.62587190530795,24.911634934108562,60.50211078849415,900.6040205113549,4.4900707546342575,1.336754698168681,91.01622880962447,75,21.354971746165955,1
100.03695671847848,15.705935458836718,62.96242320423379,1001.9075221425339,3.10137865431218,1.7941785665381653,78.82349161367229,75,5.097988818229719,1
110.11463035408356,16.143202657841684,61.51784577297345,935.1871878200166,5.746996038355348,1.555808351297504,85.54351998534356,95,9.954189489112036,1
113.41475915530881,15.152460587099505,52.55494356171456,945.0654325802179,4.787688552019584,2.2206590825700947,72.7558278043362,85,14.404908465486816,1
92.57515767461616,21.117944559440165,55.39673462129269,902.4831457384269,5.430814070697415,2.39642852663897,86.98013775081786,90,3.355402499091266,1
95.14694164632132,20.499479381345374,58.26303240717992,890.8573501637293,3.524321251809842,2.2962736015694385,84.72080029105577,95,10.820210219941298,1
112.30874513154735,24.628209101839328,40.937700608463416,807.305437824413,6.400980849693051,2.136950035851003,88.02173716896887,80,10.027171461211086,1
116.85014278708509,20.73042523141031,59.56467760095887,764.4368245257489,3.805660835380725,1.658837173143639,85.55290158754367,75,14.07053545005823,1
105.62880860174354,18.78752852156209,43.34160569932935,911.7763403064517,5.7745633043824585,2.082160309040764,79.50475907062162,70,13.578227243745166,1
91.20185646497946,20.00538461863432,71.32277279125191,978.7529516604136,5.1179501708925415,2.3171060574577504,74.1443671798157,90,17.617369800204774,1
119.87061111699441,20.353122255382875,51.76387932286644,920.6480222896839,4.810557222473821,1.765505770240108,76.98973549817981,80,3.7628306272752354,1
94.69029102188036,14.984716180015498,53.52099858244327,937.4159716231208,4.729839893387826,2.0475945685580026,71.1942480640094,80,11.00718991998825,1
96.64862218828549,28.13099493300468,48.842343206097155,995.0230527383724,4.36193699068387,1.9418153642920308,75.39550484408144,80,5.755618944898195,1
103.42337834489622,21.559613054305736,49.96023974515448,919.7260110864635,6.2951961769007685,2.6649466678441938,82.12930674604216,80,2.6616334325527014,1
115.54160420714774,20.63002492406777,73.19274855314592,892.6406939815429,5.012612834352242,2.34061925410581,79.76123560587406,95,16.040804625395726,1
108.53975976552223,21.84549195283574,62.52295750898638,850.8885116609961,3.73077846964678,2.2436638446993564,78.88204929933889,75,5.1760657324518515,1
104.14865500361911,22.128232941759816,42.6063804388173,1021.3327537783251,4.6160397979651595,1.313322506413826,76.03448542026251,85,10.547664211455867,1
104.63288530118106,19.578339543492707,67.03370320548184,931.5928667492208,5.128339027202938,2.0691349307070332,71.13800494570857,90,20.95777228254603,1
100.43514668643466,18.106276591277897,64.54593820113145,843.3838970448402,5.897805281445326,1.937994628430172,80.91041556618624,75,7.880554088248326,1
105.58139514518507,21.79835205896511,52.75030030169369,829.7299399319257,4.395380279482793,1.9345371557720508,81.89580096234322,85,3.65199886783151,1
74.70439922305697,21.157132521594356,57.4535755362387,975.1838236157348,4.462223444195452,1.374634610903344,75.04218219976642,80,6.197272250291981,1
97.03392540930201,17.570329702731776,54.88044736463141,837.7534982155005,5.023432127147405,1.5648925510809721,77.3327986491814,70,10.475426641687713,1
102.4132193491678,24.25710683410179,70.78063923557546,1011.2300494501333,5.873424819947326,1.972793004837687,87.71066727044715,80,9.638334088058933,1
88.48985916380492,20.88005610896895,48.62967848806328,734.6122321745573,3.631245464403971,2.4457423112761845,85.79748976786817,85,0.9382232563154957,0
103.8632331781156,22.18945808680289,56.16808487820582,985.3557118673986,5.505354630991746,1.7637901720642306,72.57787719135524,85,14.614262127817362,1
97.95528779013878,24.175762663039755,51.574837352057564,929.2136886697178,4.535937469871344,1.840024509158293,79.57681806384622,70,13.681168662637456,1
117.5547569831549,20.065666463494505,43.53567676305717,907.1156653834124,4.6755674182515135,2.7124367981144832,87.27477841186126,95,8.131812198040777,1
115.73019725214857,20.950856020952347,72.53310604043989,889.4724938974942,7.001575745129749,1.8812710443328653,78.9178950134624,75,5.223860017949866,1
95.34194430881837,22.430081715518348,45.5474673671807,1013.4437909156418,4.803530775448475,1.9484841904585675,78.65528405796418,95,17.20496414951139,1
98.49162288433304,17.825416748599842,56.761033499902204,942.4235315040722,5.75469375030858,1.9539020871793034,85.46368813371538,70,22.090983048164826,1
99.26052434391607,20.162154988538003,41.074395148957315,845.8077834662729,5.718913837203349,1.4617979414381959,84.93534622137608,80,6.169182776720099,1
95.48340523840378,20.376645759953448,51.80743568605526,796.8654026382671,3.8199760859014935,2.228719249366046,84.676516726903,90,5.914981414552218,1
101.95024984028127,17.131824344949816,58.37575057146766,910.6378327888385,3.1546056747770956,1.7388495525662644,78.69007625412935,75,4.920101672172469,1
92.4171793111241,26.952910366021634,48.4021281639811,899.9357319877552,5.8209820924169104,1.9879717531841048,83.31444008137524,90,7.428399909583068,1
88.69384665062474,15.778119669522793,59.69441480588524,808.8079177574695,3.9164538075514814,2.177749185767119,87.4737275697761,90,2.806969366915442,1
106.22711223900268,16.105688288938527,52.84767126489534,896.6763884710599,3.335817045428973,2.7770230356141568,79.75063150765712,75,6.3341753435428245,1
106.29529584221811,23.942679727110736,64.2806600991889,865.563922015548,6.026162214844198,1.4728919821815027,77.98295189343165,80,2.5213101332104415,1
91.95684240340007,22.139798752389627,65.89408730672179,900.5574040984017,3.980573266224407,2.3459928740264897,86.15036319544818,95,9.315407162686128,1
108.95355430762599,16.922105547557667,50.306041914159906,943.5554166989041,4.227482524315606,2.347489302469587,90.22719901448562,85,6.149645899394848,1
93.68422270834668,21.82186704530508,55.61386287514365,989.5565968478421,6.974373155089295,1.7447140908882908,90.57502441782911,80,13.21878052228639,1
102.53165238037981,24.403551334991928,56.46763381177786,954.5333421821572,3.3402646386184287,2.239801539220793,78.12744250112524,95,17.760586840920794,1
108.20344012612456,19.909210827209044,59.95479436347759,856.7135550101876,3.7437139585930748,2.6573744605167566,78.62979875251554,85,7.494354408805247,1
99.66387435296286,27.79646870022375,55.11505596995413,922.1349077297517,4.54030185752608,1.6940115163150231,74.85418833431726,85,11.936249018450287,1
104.54740912141135,14.827814567395894,56.521687674742736,903.7864272895214,4.759743160165578,2.096587918854062,80.590261622074,75,7.453682162765328,1
94.83570356112428,22.081470361577306,53.05274820163904,820.072262722146,4.106254717882346,2.161920545575914,74.62940534271242,75,0.49412620971677745,0
98.03533416571902,23.499585008663008,55.92191893577615,923.8939670815363,3.8413449026770836,2.21367154198142,77.36683279146253,70,10.524046844946469,1
97.9414056911966,22.67403170481574,65.38352154828107,1011.4003402750628,6.509994324431931,2.3077167042864053,83.50564899081195,95,12.099316851776896,1
92.5342165345976,19.386932820063056,60.16866592969483,901.9455962512202,5.262986124104716,2.0665219313008696,81.94988705069699,90,8.944569943670015,1
98.23225836884218,19.128675553966552,60.61004511554695,804.349039216476,5.585168744209188,2.2053744745392008,70.94639347416486,90,21.170673917594595,1
84.51381701136253,21.33243551326177,60.78456259308463,901.8161202665171,4.862774823441464,1.6354105399505108,87.85146149137194,90,2.3872650095867383,0
95.08846252857896,22.447263459956208,53.769529776951714,827.177268061605,5.289454948859136,2.065601397455823,74.56501956424131,90,17.1499782619541,1
97.15124506630329,21.80742030884709,57.55061634863624,951.8163304131773,5.93290166110959,1.8094634937277942,75.19533038060499,70,7.421900543721409,1
97.4382024750462,23.12017367238017,46.31861057331405,931.4918995035077,4.003700985454666,1.5080684379383649,73.80538924117775,85,13.170130304496766,1
97.58502554129221,16.943390128799795,65.15046125053566,889.7453967915154,5.264835996517982,1.7963421802252397,76.69358330717995,70,9.562261867399927,1
99.38235800139871,19.316687062629097,32.73631654125424,880.1301440486508,5.696042313407891,2.1077825568792234,75.51596810667087,95,20.50950725613593,1
104.79441518086064,17.179952203628737,54.302812861316596,887.2659419030672,6.544797346384261,2.1743189105480774,75.63783279405548,75,0.8504437254073121,1
108.74517074132523,18.841661671741576,64.12716781720219,900.4964696605392,6.947890979801762,1.4926163516308915,67.67863974134278,80,15.401700323321526,1
93.50234773151733,23.045662675442916,44.089056530965266,853.6658987195075,5.069859796981762,1.6249293133100517,80.64963696026906,85,5.118074164389337,1
87.96799144610856,20.323951762175685,58.19823934093481,816.7348151399137,6.1386389496871345,2.2898625118772884,81.1603258390778,85,4.517263718732001,1
89.57955587756896,27.82057748944931,49.55386842736779,968.3219368016789,2.329832066628453,2.2032592370463453,91.22203368946106,70,30.317190984944364,1
95.12797078805073,20.58021910156915,52.04957387848905,876.8759414101825,6.552282909376714,2.354841064818541,82.4317049883278,75,9.90893998443706,1
96.48078682183491,20.17907564173921,62.5675276851155,910.0225862501486,4.274116338279196,2.5471321708706243,77.51705490140927,75,3.356073201879023,1
92.30003933802543,20.31854875832065,56.5844554070812,917.1169170700497,4.758902551012109,2.2151548438362396,73.99642510763289,95,22.109026202491698,1
87.03883335750106,18.086573921420193,38.725153056925095,919.3212287793128,5.441104484367021,1.834076949131651,79.51861770100369,85,6.448685057642716,1
95.43879172525811,19.82649016286722,47.18859568214721,829.5709201740946,4.846557632684486,2.045939783232767,82.2436144469628,70,17.49087778137542,1
101.81426620113972,23.38336408133494,62.80268587911008,799.4495901268891,5.196453379568134,2.663958840370953,77.48325690340478,90,13.907492329550244,1
105.95029465835565,20.341912004383317,58.59154174554398,864.6784485184804,6.587692968226143,3.105779599114155,80.30508013174286,85,5.523435139126052,1
94.42576946891678,17.619620810349588,68.98508458019427,923.7426919450172,4.615779954654029,2.1852385462969437,89.4867704702941,90,0.5702550330065511,1
95.87002177856566,17.224746138564093,68.46118075210637,856.3230079515412,3.9130761834994465,2.2142216555245224,78.07944936480419,80,2.4006882939947616,1
90.73301691152689,18.64939432500247,52.26203895882566,878.704718778046,6.813463857298551,2.2902833467989665,70.56612222603755,75,5.911837031949934,1
99.68560829625224,20.22159030323264,75.02590244055591,1027.637844824974,5.526764217004677,2.009517138327745,84.36743393695717,85,0.7441953682856826,1
91.51571365809185,23.580759606428785,55.19583735881529,789.2745669117279,6.922238975313464,2.4655415609370492,81.57160722907527,80,1.9645090363440865,1
105.731278132412,15.97853407590069,47.2986517247278,854.69796024537,5.863629910578904,2.4032181170931404,71.45503994371043,90,20.605511173655074,1
82.14133508065889,19.040521166333733,49.93088107271538,1013.7962441144357,3.6764056079865632,2.1417505788595266,82.13821838638147,85,3.366801898374744,1
96.40370327547538,20.432930058305235,36.946199157684646,897.3240796802866,5.645384671756882,1.8727920375977538,75.01068225431126,80,6.2366471821109215,1
103.01107339191742,14.498882697111695,67.85615206599425,857.6408900700653,4.016051934117445,1.3917214450491453,82.20661201182203,85,3.28633880962114,1
101.83834516322504,17.49920515110078,67.75809591235091,970.1261350206672,5.007431802439667,2.2929654190457,89.53631754602145,80,11.920396932526813,1
126.93033663980496,17.96033438079144,46.87594048949343,903.3138261888666,4.9242855963922425,2.0851433260904417,79.1151533282839,80,1.1060583396451307,0
103.49800024567908,17.612088878448507,53.17692569294475,879.1014962973596,3.3823361953669435,1.7048929077383594,85.41635599518243,90,5.092937783130635,1
89.9594540315799,20.575668635064943,55.76486035290062,911.5421356222506,4.1871895104382135,1.548031894002149,73.85756341073811,75,1.523248785682521,0
99.04535752910927,19.51832117149461,47.317175582863086,860.513471437034,7.2051873001591,2.264573139753301,72.4029042683116,70,3.432720383302288,1
82.23753666533548,18.33414169219689,40.95918374983071,838.9505362267153,5.238377404841165,1.359505471353214,90.08685236197836,80,12.608565452472947,1
99.1940025070324,21.283887879657904,53.3171391697847,893.184184341915,4.824403865337048,2.119856474977522,81.53907506778168,75,8.718766757042241,1
91.66943942999241,25.16922415293875,52.431364564326024,839.3401823954396,6.812890219940925,2.3374201636675576,83.18334970580669,95,12.438579257045589,1
109.15390275560162,24.917769550225255,51.8927100720898,900.6415987077888,4.6037646899308315,2.219957154566649,85.76011151422688,70,22.51444502032411,1
94.50459725404465,14.231684683812992,56.781728500807716,921.2643940484603,4.90857963803088,1.843704090256624,77.36092595101022,90,14.04341560998865,1
98.83234084204753,21.73121655150542,66.43615726820794,951.1836273630967,5.9908028561228495,1.5002502062100342,84.12558179881334,85,1.0287272955137141,1
93.64442158595597,19.465930129808484,52.57525824246619,967.6754991310097,4.59926420138365,2.234807695918076,83.36772081154409,75,11.156961082058785,1
117.38851351853332,20.46546602859607,56.3635439897709,875.6558099020649,4.253479260647499,2.480209236781368,73.52597589608818,85,13.498851886955077,1
96.78757233882088,18.805150899372354,60.81496418995948,929.9648764763442,2.7462435846392825,1.7709066581027837,87.56492655706343,85,3.017560655368741,1
118.32557043479201,20.352765889661608,59.43314341210199,929.5514067723814,4.063501686617238,2.2027632801171437,86.53430257989767,70,23.620432256996672,1
108.14151762118267,20.454222188216058,50.084611804417264,919.6691229489591,4.053972254010387,2.6326060474927235,73.58141380481136,95,22.545880205461724,1
104.82066727335386,18.263144727953232,55.771016984912286,871.2324353429725,5.15856669546861,2.135538838576644,81.00143220730898,75,8.001909609745308,1
103.68733147317519,17.310897356524457,59.380318561352425,838.3159312521534,4.389541734272224,1.841247942048885,78.84460131543528,80,1.444248355705895,0
103.93797298216252,18.653912952141546,45.97318929991378,930.1201133439936,7.1580190108571955,2.416341416025263,87.09153734962969,95,8.32469752670559,1
80.7232742065439,20.702777793370295,65.10831208637207,797.588246268417,3.942371069765194,1.7049756103368752,72.94693996940694,70,4.209914242009916,1
97.21116605849244,21.796989025052792,66.45271124171289,883.9296340459014,6.400646686857405,1.4807231939787908,98.01207512105265,75,30.682766828070196,1
108.45157971184321,22.56004693202044,49.217757956444046,746.7821390610841,5.219752955127549,2.3249284764583917,79.12757915314063,80,1.0905260585742127,0
99.51102816525895,18.517429930799263,56.54936014678535,819.8158545985042,5.806774035712389,1.8375350946065747,83.69222583090595,85,1.538557845992995,0
85.94810153196426,20.85153370190821,60.13822605336826,847.3719636931545,5.74601959473587,1.8733915943985262,86.93749166001402,90,3.4027870444288686,1
99.4759554942253,22.887507775859895,50.635086749369975,965.8034524577571,2.7817644696875834,1.7492237457795714,79.02000328414928,90,12.199996350945241,1
117.04105516255491,23.496784685432385,58.85291076550475,941.2864814642561,4.988447321023443,1.8108730417783665,79.42529057202361,70,13.464700817176588,1
112.4689171553472,19.823501437605433,56.30604501033732,866.7639189694654,4.737771862766167,2.561213371010746,77.48584553090686,95,18.435952072729624,1
99.37995990633968,19.337204825181164,43.256654578889595,943.7621877077851,3.8670219053087322,2.664999506313467,75.5726718693444,80,5.534160163319495,1
109.51449277058087,20.573372701509175,58.67329052782846,953.2573778028238,5.459626037215869,2.717991454457844,81.35929573896361,80,1.6991196737045122,0
96.33492979631949,16.550877581307784,46.19886066983172,890.3601090975167,6.716540315877472,2.436048248471005,79.32366659912523,90,11.86259266763863,1
82.96128413173281,19.419171466893477,62.51362281329638,816.9373113471786,2.326996356115934,2.186508503909295,77.45312900837251,80,3.1835887395343576,1
90.75534011870445,22.233759195419392,49.63031139892889,887.5252613960331,4.465530324158279,1.4270857632267546,77.74518025983149,75,3.660240346441981,1
115.62888768508198,21.925841388331104,53.70971653071084,894.1264556896718,3.754233835886377,1.9249901188398602,82.8811672694657,75,10.508223025954274,1
97.26006918170695,19.189197186908334,65.9782313075726,826.0527365501864,5.071777826237693,2.862701795449475,76.01218235324728,90,15.542019607503018,1
97.56616020624982,20.6531546032615,58.97105317223076,922.0228075757981,4.674378716850004,1.8257513684989384,78.76517615803886,85,7.335086872895465,1
97.00161803725119,17.526048979127935,46.364208643403636,916.7887112581413,4.394322787242822,2.60565778990891,84.49333695894553,85,0.5960741659464307,0
119.04136589573007,22.110476444675076,46.88066743360733,926.7025619936512,5.689506828329058,2.0220143276122178,81.2361273503465,85,4.428085470180597,1
116.25958915362064,19.76653569159058,50.2055776910102,916.7353858300467,6.636181301057099,0.9287430456587414,74.75220366820696,90,16.94199592421449,1
122.18780233448133,19.172145644911588,58.15715266685333,943.790582106899,7.661318651757835,2.2561942254675853,79.88064465626515,70,14.115206651807352,1
98.40954789599948,18.91482849171984,57.866398519462145,889.2403183276181,4.260370951531412,2.5065018784713247,82.18510810571485,80,2.731385132143558,1
102.95624488747094,19.811318399300426,48.25518156269705,912.1071064422572,3.1791244481819305,1.9804016125437822,84.94636095618121,75,13.261814608241613,1
84.83357450579209,18.656367065204122,45.66232411508513,876.1355829452681,5.55919643407834,2.4932204017941655,76.2231066662755,95,19.76515087760474,1
114.76934426118274,21.97442910800769,57.25266724068668,864.930047062683,6.610484735323204,1.3328689942331653,77.20735138649432,75,2.9431351819924316,1
88.32220448732065,18.814149355951457,53.5451194736787,980.2949778457246,5.8136899670407285,1.4457742944402523,76.52420005639902,95,19.448210466948396,1
102.16775563762629,24.778892288082144,72.2577270995819,777.3738779084102,6.606347039530311,2.081945723234275,76.77239900304106,70,9.674855718630084,1
89.02697472367156,24.395631510444144,55.29282925250463,952.6055993492558,4.77451332939788,2.1908458911270126,82.02502357848557,80,2.5312794731069665,1
94.11133173261304,17.325369530436486,69.5140226216022,862.7675474732604,4.390425560226872,2.5426315474369114,82.97244564941825,85,2.385358059507944,1
91.627375689503,20.20911280828784,45.636931215165276,854.9977093414127,5.115435907401312,2.255569786699424,85.25451746441541,95,10.258402669036405,1
93.92124739324183,18.048030135991414,42.41429648350634,915.6946490439244,4.669446812633112,1.5225483642539828,79.54412545462115,75,6.058833939494869,1
94.60877296851021,19.020057310434165,46.03931893979572,810.6234232589399,5.663094021340344,2.0852182488297544,72.97338522610262,85,14.148958557526328,1
94.51731205074923,26.00728240293439,64.51303825162773,851.0386156832278,5.969767778003491,2.24029097811526,83.34735082228731,85,1.9442931502502228,0
108.33333911780308,19.077285748652603,69.04881271754827,849.0516212092205,6.048083664571886,1.2503064005211484,80.79571839203791,90,10.226979564402319,1
88.9513720693748,21.080678111232285,48.74256436837893,886.7161045088943,5.51059267080439,1.9825466121047939,80.29984739658002,90,10.77794733713331,1
102.20541427013868,21.623963882024835,51.31547176192354,851.7517387103587,5.2458223266753,1.8657669824247098,73.58298255844389,80,8.02127180194514,1
112.17959152305558,16.998111882550276,45.648152718300004,996.0671211383561,5.794426689250848,1.738122770501702,79.02082068197329,75,5.361094242631054,1
94.86803635486604,17.434713576772385,40.5068812230529,1007.8209909898773,3.0370080923472784,2.199510820701069,74.0317260693714,90,17.74252658958733,1
92.82081109252398,16.381932885775644,60.74729358221304,778.6803886351162,5.210570752333942,1.5401273893768304,82.4098249422288,80,3.0122811777859937,1
97.69475374819748,17.342087798306668,56.7841624236973,932.6593622859442,5.052478057170451,2.16675180480146,77.8505298564808,70,11.215042652115436,1
111.7972520836071,11.449909672048452,55.083903861391,951.5198063446545,5.213080395971555,2.2237964516835578,77.40232801817722,85,8.938437625673865,1
101.94107630953357,21.633747202380885,43.79954770269296,932.5791121434663,4.912376453745769,2.4335053241043894,72.31422258455484,75,3.5810365539268787,1
94.68785705392402,26.16258152376821,68.11965345462929,860.5131904144984,5.431855493461616,1.550632294882958,85.13547934842022,75,13.513972464560291,1
104.8387665118804,20.44346221710958,50.973146095604214,885.3542662704875,4.425397078465985,1.397906312658181,78.70717684385322,80,1.6160289451834766,0
88.97707850163577,15.751193421978178,59.26901139853181,855.1035207133383,6.12952342945363,2.1115614429356047,80.43490385168879,90,10.62788460923468,1
106.81359510442948,18.071670851300155,43.3635087580422,874.7841581304702,5.473649777413474,1.8854915064529192,76.32254954653723,85,10.208765239367963,1
104.08607307701767,18.62336946492501,53.4757984830397,827.4020982799694,5.150685857883861,3.1610601049974885,71.74712470016672,85,15.591617999803855,1
96.92191528861116,16.947245668359873,57.33099564990867,893.112670701927,4.30248342936388,2.183399390497173,77.34187205911373,75,3.122496078818301,1
91.61414201552769,22.58054791518547,57.61660174442646,809.8318973216958,5.815316885207905,2.023264684681673,78.14229331113643,75,4.18972441484857,1
91.13319077716542,22.430780133126003,56.237188345893,887.9919267463117,5.206659698494491,1.9308688177294335,81.46380010457422,85,4.1602351710891545,1
105.3481733634591,16.533644618547022,58.95617993639018,825.0850986540141,4.244516606463083,1.5127752618242203,78.22483794555434,70,11.74976849364906,1
112.28980502489063,22.175243133342526,45.95583635173631,912.4089817074843,4.943338457586761,2.225552621181839,76.40825570151361,80,4.489680373107987,1
93.62692252971205,24.580437990731795,56.578980843517286,859.2348263434266,5.62908261924124,1.968341989491681,72.48330301428832,70,3.5475757346976065,1
104.58386703551484,25.707674615688678,55.91006146784222,917.4348208724723,5.5515735388198255,1.968674526628226,80.24226747711374,90,10.841925025429175,1
79.12972981397931,28.59563606925789,56.85338147356049,964.8948437018869,5.487008967808155,2.037777330199462,76.01719903114567,70,8.59599861592238,1
94.153822693428,17.294022051670407,55.57876173855345,995.3668161662824,5.092531391741077,2.088485011966898,86.6040326688285,70,23.720046669754993,1
99.68941067129099,28.47266127918561,44.81429780869282,748.3197246587706,6.025819533301897,1.3042977416329913,80.7507333066905,90,10.276962992566105,1
90.90316583018166,18.937380834473636,44.457601983128214,849.9483543675731,6.2377965038116105,2.3348092025483727,82.81051420016496,95,12.831037684036882,1
90.63493625210404,18.22260363385846,37.28585451292359,881.8148353732792,5.737322615675541,1.6614222500736309,78.75605666855414,95,17.098887717311435,1
93.32220443531114,20.981217124633535,61.54027607876238,927.619669102889,4.412548725144293,1.9447871210125491,81.00640144883955,80,1.2580018110494429,0
102.92192728326373,18.253815997720963,61.62126007788159,800.9787297507282,3.9419382827094824,2.514361968266116,75.54642342114873,85,11.121854798648553,1
98.12670981593625,21.19713242193958,61.748402329776965,841.0744555919871,4.456060233028406,2.7117794369080457,74.10890587165197,70,5.869865530931386,1
77.61768766675029,16.039768436788094,57.45431969969162,907.8214321594266,6.953656747976723,1.3198022245494434,80.07565538674278,80,0.09456923342847645,1
78.79299847364933,19.283742193809697,37.93504625825511,905.0932944916,5.281695913827353,2.0120979310698597,82.85195827600538,90,7.942268582216248,1
93.93134822142825,23.856746703085037,46.78631606571787,922.6571043852056,7.126441827526385,2.1091652740664144,70.2709411496921,95,26.03058826348199,1
104.57686586053552,19.82881612570653,56.3633233407449,926.6205436132869,4.879801656412564,1.3969879895234212,77.5044825459798,80,3.119396817525253,1
72.52495157274765,20.42478736021965,56.084144022334364,920.3156659869518,4.741186329507078,2.321036545767266,89.21061053944196,95,6.094094169008465,1
95.00269823848369,21.425775814151933,53.21801429478383,911.6193189978895,4.925943463355926,2.046505070965669,82.39613775834978,70,17.708768226213973,1
94.7375214348258,23.51198488795298,57.95133762326597,903.344386399582,4.9078259199466965,2.077663838277999,87.68823016845249,85,3.162623727591167,1
113.88337778208448,15.0343258634317,55.09321366148196,939.8857853834618,4.226349088132276,1.632978832663226,76.82977524105708,90,14.633583065492136,1
96.14978188287137,21.753572155512305,55.96616372441089,765.6406400061464,3.851151731833323,2.1651546573525393,77.7104711750278,90,13.655032027746882,1
103.82988984740929,19.19558258227471,49.88747733734387,992.6600092182741,5.501336627180863,2.335289582555975,84.83366660172254,70,21.19095228817506,1
101.41257140087463,20.499913685935514,62.85608788897272,767.7310769471806,6.054900717597364,2.0509191534903737,83.11760177689163,95,12.507787603271966,1
78.694335201928,23.179850509287128,51.553827130556925,835.2502909857304,7.444981300666402,1.7944256396147784,79.52807711970158,80,0.5899036003730274,1
107.68207216631737,16.41744004576447,44.35480733583499,886.3943522009913,4.566287093308977,1.8255722727814543,73.68742095365748,85,13.308916525108847,1
102.15396505456287,16.96206667567073,48.83200789745017,940.3567734653906,4.647344513135925,2.088158282850386,85.78425981113455,90,4.684155765406059,1
105.0826863967459,14.193710120858581,52.212270469104155,720.2839865520231,4.228770705548983,2.019518951352252,92.55114073763856,70,32.21591533948366,1
139.26237706436328,18.352523174708672,62.952022306950774,898.31254056349,6.125727429373567,2.361928847647758,72.14066905851624,70,3.058098655023197,1
79.15887060501412,23.991297033136448,54.66185601252165,947.5437023649441,5.814987454796265,1.8078966849903337,87.01809574874719,75,16.02412766499625,1
117.24696649761108,19.63823843457959,53.510814248274805,959.6710869617086,4.123065418125473,1.51264775890367,77.65849428671315,95,18.254216540301947,1
97.12552480599645,15.979625313035642,45.01069260189898,858.1602204901525,4.097801913027057,2.143754430928201,78.33265674480926,75,4.4435423264123415,1
102.87328904403009,18.54296376627486,61.28386071863661,881.9498827826981,5.952514758595898,1.8089880588005187,81.34819743769167,80,1.6852467971145833,0
99.54487754698758,15.536414889528132,49.784382767812914,863.0311122664423,5.383196151208407,2.3134727796145467,73.97238360430002,70,5.674833720428601,1
95.75763666601956,16.624441694806514,54.199777128469314,876.439520788435,5.7583887130111435,2.0030154521830403,79.81430777527808,95,15.98493918391781,1
94.30167071761241,21.16645673079114,66.84146461505492,838.0904069562939,4.117231521661087,2.261925281745929,71.94373186098915,80,10.070335173763567,1
103.29508735573009,16.478380021081914,59.070106648394436,846.6448702517449,3.1222751360897933,1.594273181307685,82.38041244889102,80,2.9755155611137774,1
84.8282630332832,23.337902915609906,41.97396761827861,926.0626153217021,4.12503498331983,2.0573545052919284,91.16861018981584,85,7.257188458606867,1
107.50579167521765,19.78663912750899,40.84391810918022,907.8969223963645,5.6877667300112265,1.7202947170464336,76.80234255418169,75,2.403123405575589,0
95.83805595114747,20.256784111833575,54.485516399046034,929.4951904554284,7.111057978634891,1.5118505387695118,79.15628330854145,80,1.0546458643231915,1
88.69930660959642,19.16488109717632,45.298075081001556,912.8408633820502,4.5705360104723916,1.655556848771594,79.40260911963625,85,6.585165741604408,1
95.49987142004186,22.31854351563117,60.18837398106398,942.2603160688558,7.275855881876866,1.7822091632896564,84.93234296995502,85,0.07959650593527519,1
112.57149216862572,22.34947966333103,55.338104519719835,952.6928398892996,5.8298197674916885,2.4978778108095407,82.02786184525901,95,13.65488226814841,1
94.64664912983777,21.005163055736514,56.3230781521909,795.4970028080338,3.606967698291174,1.7716238402029363,84.60173005175965,75,12.802306735679528,1
103.5845361820962,21.694367317722943,49.346054546861176,848.7414209751382,5.214033837811032,1.4913838998887108,77.46882332398813,75,3.2917644319841766,1
92.69043724284526,19.36373099023872,68.93106924229365,886.1174425505976,5.8639742784118605,2.0525909689986674,82.16784502409898,70,17.38263574871283,1
107.57921849923619,21.626609020727145,77.74074982408368,898.6393484707595,2.5745171014473134,2.01167226427107,63.16097133532071,80,21.048785830849113,1
106.85507738790204,18.98636667357858,52.771322209946284,859.7945655709179,5.644451157913382,1.8031787951959208,83.33731285994514,85,1.956102517711596,0
118.48608833296412,20.006694866487205,57.82431398732001,954.7214202592984,6.172721179823112,1.9355106136615494,73.91103645602368,70,5.587194937176687,1
98.24436054500785,19.17606875190111,55.779338744514504,1018.7969020974359,5.398868124131143,2.390490834398628,78.36203059250037,95,17.513652007894343,1
106.68654804757907,18.628344382042414,52.92250509247145,911.169717334904,4.938278789318577,2.2682823061596706,83.72625554322103,80,4.657819429026286,1
100.98067539538944,17.932664606834628,48.34343625813763,905.0604619318926,4.827073416998593,2.2336920827494926,72.31955083690046,80,9.600561453874423,1
112.95871781863015,21.403070311576656,46.320256100156186,950.9673753062599,4.768677672308177,1.5265284861919077,85.44716399111013,70,22.06737713015733,1
92.81167612391269,23.93181773844039,45.91522187579581,788.0496146877938,3.824020196232891,3.154619224686129,79.37847594355638,85,6.613557713463081,1
107.45005312877281,23.51330591500868,58.24192020439316,901.7081364263046,4.312476168095032,2.4205008841096887,87.26557743143618,70,24.665110616337408,1
98.05302703883318,16.230303992163694,50.84260417437092,958.742149528051,4.583405954347841,2.206811425276349,75.48577920482107,80,5.642775993973661,1
99.35811822891502,23.86760915422062,34.37365719887576,861.4107601679333,5.1134943462257425,1.5342752902411159,70.93606137826526,70,1.33723054037895,0
100.91752484448372,19.045524495146214,58.55886576478658,826.406365205882,4.443185242342934,2.379092045093643,79.85526642330981,70,14.078952033299736,1
102.52240396426677,21.802199045436776,54.693909740286756,888.8516633940133,4.13087075750207,1.7995485958802688,82.93538033923622,95,12.699599642909243,1
98.83770956878043,17.281354003858368,65.77338401120917,896.3588740078848,5.759770859125846,1.9222916781456139,83.3546846940511,80,4.193355867563877,1
102.14713183170527,20.425939741622017,57.984979176728075,845.4808630850725,5.370613971947856,1.3276882895762867,74.32255932036382,75,0.9032542395149031,0
115.78118057562185,20.94116954869072,43.17061122951762,1025.7696765630571,4.460770463210434,1.5034067656237962,71.87683464940045,95,24.340174053262682,1
109.85449685615218,15.546185624241042,37.162586874160155,871.2782171395232,5.506278471487587,2.175418599530854,78.43838013049218,85,7.719552787656261,1
108.69154592496896,21.824801499032567,49.2442209252965,830.7804389144059,4.546842106314065,2.402493870108196,82.58221995237795,80,3.2277749404724427,1
95.44460473976129,24.037805023514945,49.99914063445078,894.3827208557633,5.06306502948812,2.273961767918014,82.3289339105316,95,13.337964304703576,1
91.10759171771676,19.476056162955118,62.54527360800133,954.4716382622695,5.975044054722867,2.2603275986971796,87.86063168236072,95,7.515124544883454,1
109.55300558237754,24.080504392484038,54.92903254168341,901.0448549398939,4.3962589068337365,1.9740934172161173,78.13272399291291,75,4.176965323883886,1
108.76046792529795,19.430919519642778,64.06950798478807,929.1356352026402,3.8275883921662572,1.837317193853515,70.77551780887656,70,1.107882584109368,0
114.72670675750982,22.548753593139853,44.401335554378925,847.7093643400106,4.854865416978658,2.115558057426157,85.98333219142118,75,14.644442921894912,1
93.9601937403077,13.3442901021467,62.72211507504358,989.2613067842108,3.636534983814538,2.3285633292401093,80.97597657055377,80,1.219970713192211,1
97.70451344639653,27.25633333794039,60.76791322744736,933.7026616751066,4.722551490649025,2.0019449019734363,81.41093955250456,95,14.304274155258359,1
83.60515837474566,24.48637473572887,38.85412710855043,962.8620941326566,4.719362520686543,2.484100807965362,83.83545196053292,95,11.752155831017976,1
96.07528893939127,19.146123487238963,65.58094273008618,921.9096379485102,2.5363158760944366,1.9139722944735968,86.31821795184331,80,7.897772439804136,1
109.96570510579447,14.083732920068545,55.747667934130824,949.493042263727,5.53063516374451,1.6078884258815795,79.884900079249,70,14.12128582749856,1
95.33504620771802,20.864085104916466,58.13635603094804,847.6168464193663,4.817310233318679,1.9958551031835996,85.88275816664034,95,9.597096666694375,1
106.40479795200824,15.668223358778729,48.08083110057262,870.5153749986263,6.181896452771936,2.0423889113038274,82.76068132070893,80,3.4508516508861575,1
98.09496894002189,21.334560612672465,65.20197610337578,980.7888357333618,5.215531979794083,1.9671879730894362,76.72208804346,90,14.753235507266663,1
103.2405702822156,21.234697157492846,45.51318136608904,993.5845168370379,5.735608570315549,2.5122622243529045,78.83380763915744,75,5.1117435188765885,1
88.52308610184333,17.175790492993926,61.65673614699157,831.1760640168554,6.190038753207043,2.3221207922896157,83.08372011699252,90,7.684755425563862,1
100.852094496339,23.362901070843133,61.56485980726937,914.9841640718288,4.868282917229254,1.427623604551316,76.45587617878053,90,15.049026468021637,1
70.08864029099277,22.41672410841852,47.20666057462222,874.1433719708864,4.999176811136098,2.6137468056793143,84.43229551068227,75,12.576394014243023,1
98.13103841838016,22.92747001186569,70.86698879538059,858.1781118381083,3.4264567766097684,0.9034331756683309,80.79091750423603,80,0.9886468802950432,1
83.6952675628486,20.026573111006687,56.85222784174015,917.090381721327,6.239537745234241,2.860409749140999,81.90809119549908,75,9.210788260665444,1
112.05994516546816,15.75342779925888,60.23114088216819,968.4577759419245,4.854302600278445,1.8850777945772494,87.20252661775076,70,24.575038025358236,1
107.77407352764511,22.933616816633414,42.783033637313956,927.0997483970516,3.994269449652019,1.9241729053393999,81.782834387881,90,9.130184013465561,1
104.66670981966081,19.188885802592626,71.94184002406851,880.829253004858,5.739722486487428,1.9759935044105439,80.35705926957657,95,15.41362182149835,1
115.2100622715938,15.830659570421993,45.203544478199284,930.8916707961096,2.820218808035748,2.154082173136072,79.58705768445938,90,11.569935906156243,1
90.51083479175163,24.056118097922976,63.19909146212744,878.4014295851459,4.570725777126822,1.9998947194932628,79.32671520109629,80,0.8416059986296354,0
117.47363197915558,26.29822256150753,47.041826256546436,924.7268580438362,5.9083110412118405,1.9466419244650928,81.56149682101804,75,8.748662428024053,1
109.32191564260384,19.87625561306239,50.04808957721854,983.787942027344,4.562278148034095,2.523567323742474,86.81661492058207,95,8.614089557282032,1
97.63444712781055,26.477363463809876,61.31003235108358,775.3704204419504,4.282078049051418,2.22623843190034,76.94111869832915,85,9.481036825495119,1
111.35620147182944,20.27394418583405,63.22042170940126,947.835137912402,4.5838452028870496,1.6164784582516953,76.56271430664519,95,19.4076691508998,1
88.93706487588366,18.858632287500946,44.82972600708718,807.6567047057719,2.990070735531426,2.2962695657342898,86.42519947599014,80,8.031499344987676,1
91.75485838472326,18.10862463744357,63.72377735245595,973.6996626326677,5.715478431783033,2.209642801273336,77.16926530070724,80,3.538418374115952,1
93.914102767603,24.911247223978226,63.35984396106555,861.7784634076284,4.877113958023087,1.7818905097675124,81.08047433176353,80,1.3505929147044071,0
94.71022291935985,17.659568355836683,47.49637272924086,826.9397173436109,4.727675390005238,2.3168553705448645,77.04101267592067,75,2.721350234560892,1
89.43442357239748,22.205807929924962,67.78918074872888,941.7161536253249,4.731331383590959,1.936970959510784,71.60257770821771,80,10.496777864727864,1
112.23083067095325,18.322508494822376,43.3451389740157,921.8502037885446,5.014079798464584,1.9113306111499597,80.9911259664598,70,15.701608523514007,1
97.41145599630168,18.61907971227691,50.001819337779075,840.0487858223005,5.653437370672067,1.9004347530268262,85.57583947013025,70,22.25119924304321,1
103.5250496835688,23.0907490819087,58.83202099273591,824.8200145698963,4.9479364588007515,1.0287527772190403,79.68972574103638,90,11.455860287737352,1
94.2964863358632,18.85988946113194,48.17146972237915,888.751110750523,3.6383634518201875,1.7893202668261594,72.59170718371885,90,19.342547573645717,1
81.79396699451483,18.78561386173912,57.110552685434726,827.7547829897283,5.575516121544067,2.2852692968502404,80.54535291525208,75,7.393803887002775,1
102.70057358391422,23.398414091524423,56.92860863042636,836.3116216245824,5.498569691004226,1.9910355028384947,76.22024305677304,85,10.329125815561126,1
80.87745024580224,24.79219187966487,53.503405840618235,906.937247425286,5.2055269982164605,1.4859254280577001,66.9024745837712,90,25.663917129143115,1
99.31365953914532,21.9340694098527,61.659204308724476,842.0477019446942,6.075241306961319,2.385852502076815,79.5955813913823,90,11.560465120686338,1
86.3168496116719,18.03569067312815,53.173113658738885,925.5923574015926,5.030378676412959,1.8805599361826417,82.58842096944016,90,8.23508781173315,1
119.87275999230808,18.46817450210726,56.85232855051044,989.4086157530086,6.111376088989256,1.5113698037353906,85.88852739065958,95,9.591023799305711,1
109.11362722174722,20.239745791220113,64.17177501990322,891.086675105965,6.407211021478396,2.882404984668406,88.7842736998107,90,1.3508070002103365,0
101.0575379127148,20.962790185776974,61.32548968020672,907.8090637191351,5.582312885524482,1.5787309622048977,83.25467838693255,80,4.068347983665692,1
112.63706677654669,17.036402269580684,61.28813832651367,1021.0858039701292,4.252066378122063,2.351796604514284,84.66783704302797,90,5.924625507746697,1
91.53684022534264,22.169113818739593,45.80656318226576,828.7439329573592,4.869214281497559,1.6922743596581582,73.57717274960967,95,22.55034447409508,1
105.43479378670094,20.256539988918796,59.198340604010575,971.4741117108445,6.238856034058374,2.054330733829529,88.10912900773127,75,17.478838676975027,1
101.99810433718713,14.85287504408561,47.97200967224396,964.2514558747489,3.502372133930493,1.6391276146527298,86.33680090785775,95,9.119156939097104,1
102.6402008133367,17.21322055261781,44.74868016177579,951.259040350427,4.608046331821392,1.5042783274905365,78.16442257516738,80,2.2944717810407766,0
112.72353500106767,18.48761397904501,54.42634922972025,977.5048710439579,4.657035163553256,2.208881017868564,83.40830062643921,95,12.201788814274511,1
107.32492102779803,19.781426933476833,47.76563850678728,916.8344979575171,4.134789399646266,2.16211621805376,82.90534091724305,80,3.6316761465538154,1
102.88723662825024,25.667836386511986,61.324941750719816,865.0242302640439,5.872878949918786,2.457859777687626,87.35106755275197,75,16.46809007033596,1
83.45112563771704,20.714513918418884,61.51628367756259,965.6743974732341,5.376815071040777,1.9862472278816548,79.24446113920058,85,6.771222189175787,1
90.39953704720536,17.477684330304125,39.77899010854846,967.9705327027737,4.288941643399508,2.8881407176505967,76.26883681149994,90,15.256847987222292,1
98.77291066404275,20.66189241292149,48.37357968338488,966.3188340895973,5.60551292023584,2.1073386669748144,77.55000815169328,70,10.785725930990395,1
100.93372374276652,18.94373675763836,43.32170662465601,902.6701249391542,4.841583765331782,2.226709872494885,84.48397991681934,85,0.6070824508007805,0
88.69796275326077,20.974274718600626,51.298965787256876,857.0283291832004,4.109805426777657,1.4566283019571087,70.40064794928833,90,21.77705783412408,1
124.11676675578421,21.741703061106847,58.64140535895059,911.4817352466966,4.287081589757133,1.7543662739509878,65.01463280378249,70,7.121953137453585,1
115.16394055253573,23.627691941671813,53.06169521457289,956.5338010540702,5.43605107477594,2.207871880206391,84.4712450348399,80,5.58905629354987,1
106.02118320392483,19.927140512989922,50.28192607466291,961.4611073915979,5.939009878521839,1.9663088950345669,81.37402732077649,95,14.343129136024746,1
100.72036861283745,24.9168815827995,65.40141221450511,874.2194323755243,4.513231767045214,2.0750732540138546,80.09231668151588,80,0.11539585189485278,1
97.87791030098848,22.724067987608574,36.56114261922969,918.9223737676434,5.5444413336690115,1.6734024977143227,73.47226686005772,80,8.159666424927856,1
90.48081539977764,17.877681365563436,64.8949751481458,821.4733017308426,6.581754157577483,2.0487787893886487,71.45055117702356,90,20.61049869219605,1
100.77480518518863,26.62956699724539,50.645693654756116,959.0970061803511,3.741129443629747,2.047418356636695,76.82735458250907,75,2.4364727766787646,0
102.57752540142751,20.980983539810293,54.375127919097686,853.0014745964962,5.355669872838623,1.5278259920459043,81.8084754968484,80,2.2605943710605025,0
87.58239424518376,17.494626488083295,50.78109329823913,947.1153215742928,5.830655691295408,2.2570199378722364,77.07122143616398,80,3.660973204795024,1
103.34176417244898,24.958739153691265,67.34310484431295,831.0417253565903,4.9048501834011695,1.3199740212328124,84.50050100121011,80,5.625626251512639,1
98.44740951175251,26.233332755595335,45.152172025557924,961.8849543860405,6.238283210855647,2.0736952322390736,75.22970328989854,95,20.810838642212065,1
80.9219244212261,19.900924208841317,55.093890957775486,919.3101114013663,7.198837038261284,2.7062370775302003,77.40327463420208,90,13.996361517553247,1
91.39614989220497,18.489049218873213,59.21950921487998,853.1185382629832,5.343355348386303,2.272220215127633,83.51600527342184,70,19.308578962031202,1
95.86394466578356,19.482875127639016,42.11197785691866,941.4813828648315,4.766410267722001,2.269719698414842,78.11542491757717,85,8.099500096968033,1
118.8768765734019,22.144195182553098,47.64081463643077,864.5782984916801,5.976982807661956,1.6410293300205259,78.36325019838702,80,2.0459372520162233,0
105.56553124533758,23.83356996509154,53.814571732014166,944.9733022467077,5.842068860377902,2.7076248212611445,76.78255773175594,85,9.667579139110655,1
86.6451843090011,21.71146199259072,47.906679722525,883.5533114771567,2.4811690450818156,2.5506872378409153,75.85529629598577,75,1.1403950613143554,0
104.86036289417638,20.30516962541531,48.4752658302468,796.7371724622202,4.997264443908886,1.662563990841773,81.77088676948105,75,9.027849025974737,1
84.52696011061634,24.494035310913283,52.2010986953885,841.0550255711438,4.605400533260886,1.8100947032740493,82.41853147322313,75,9.891375297630836,1
110.82691053887073,19.061490580845433,60.196650653169385,874.1751174787629,5.396705691513916,2.501862417970675,81.1357421877564,80,1.419677734695508,0
95.28875348182122,23.09275801510072,52.258257784974845,982.0913414249146,4.80634171970621,2.7184589513267032,76.91908197223279,85,9.506962385608484,1
99.06363811260829,19.135811604946163,63.62740955578357,954.0686178317535,4.914823907728998,1.4941255859638847,78.99254050043314,70,12.846486429190197,1
113.25796647542191,21.29306887403268,47.017937738725166,997.4316847393285,4.1367872405389186,1.5985156921101693,87.97967391710588,90,2.2448067587712393,1
87.1283643141575,19.659312305628646,44.984621916212376,999.2181129617915,5.734529218424488,1.9424852974311322,72.89458311450217,85,14.241666924115096,1
86.02881814887009,19.832443452041566,70.41076324576908,867.9149517245451,6.655042221468732,1.131562388222994,89.4294564021432,90,0.6339373309519973,1
94.16400673653995,18.86784044761337,49.73633497867591,888.6907884144703,4.1523280507849645,2.0076180640837693,80.49859923058773,85,5.29576561107326,1
110.38378851019317,24.034562093542082,44.51270394342272,875.3232045401677,3.602944976853026,2.4742974056119937,79.09936805011748,80,1.1257899373531544,0
84.80653924523158,17.801221885674394,41.063568465825355,859.7093636819354,5.020003219827464,1.4245451935057003,84.76689169400838,70,21.095559562869113,1
71.6784440188943,17.779303242353876,63.600827630471514,789.5103174398125,4.9713443389647365,2.050842785990035,69.66366965470816,80,12.920412931614802,1
95.48841141591001,26.362980697535328,52.269563882719524,899.1151369189895,6.1709327861203604,1.7672917180018748,86.90159787289875,75,15.868797163864997,1
105.51740799910921,22.933542693962995,52.97032211946881,822.8660643773334,3.770805047621468,2.6559783795015672,89.2886291447419,70,27.555184492488433,1
112.00261749738829,12.844658903920891,53.72638630730688,897.9496871079403,4.462044824975902,1.7720832551467796,85.4398643372955,95,10.063300697583681,1
95.36838637914602,18.30422378236879,63.10354307735825,1026.946248573779,2.8522967607331466,2.6075972350994334,69.48857315544642,95,26.854133520582717,1
95.88573392883997,14.564031987313838,53.56376132819263,869.4392942201574,6.374983636211823,1.7610179716755092,83.82083898900241,85,1.3872482482324577,0
111.53900734255747,17.147927919754235,73.75243023066102,911.6864403376841,5.250544628323364,2.308470322133652,88.22999279009342,80,10.287490987616774,1
81.3025830030458,10.58445600129788,56.07008459243384,954.398903148557,4.536567086019203,2.1007782473450796,87.71374393867877,90,2.5402845125791393,1
96.1147922481699,19.589031266918173,63.49427813566657,916.8174775179544,3.677728521408824,1.9446909333942795,72.95955376386803,80,8.800557795164963,1
101.90423889925057,16.574174542516065,61.44191886323525,917.5490512765377,3.769523941822749,1.6837885723784098,85.08178415801503,80,6.352230197518782,1
104.49218721285034,20.179715770389315,54.7084214379357,878.2558539787152,5.414266899791391,2.129238168527157,88.97785201389574,85,4.679825898700873,1
94.90193306809117,15.124636223352425,50.30423211183629,886.087321496326,3.89257495439929,1.823785895006035,80.1473285932301,85,5.709025184435177,1
100.34441011705842,20.24873555951612,57.65571142853243,842.3993686687303,5.104005423148569,1.7240935100767447,72.73649388605139,75,3.018008151931478,1
75.1167264658701,18.755251165639017,59.08078984965818,950.7627005333644,7.04294486113503,2.589089096550288,84.14326296362466,70,20.204661376606666,1
93.41751587666151,24.505858895565787,50.419311614987784,795.5105006031542,4.652412377055179,2.219012090997291,85.26928984325875,80,6.586612304073433,1
104.53508712554468,24.234070585236875,56.330710927605246,958.2653003029321,4.038555556025621,2.257455580762881,79.30395917837049,90,11.884489801810567,1
90.1770596574532,22.356036809030847,64.88963982607677,815.7780969152855,5.382007205452763,1.8433605925550949,74.04638272068088,95,22.056439241388546,1
100.58984221589597,19.020158658016364,71.55958191255743,957.7564364445991,3.7742082592182724,1.925608661166678,84.90936042018082,95,10.621725873493876,1
104.46872500802698,25.95614118578088,61.834954562795374,878.7709484272691,6.719984530329404,1.9005693330595552,76.1559556718912,85,10.40475803306917,1
96.57450799142235,15.340894166480538,69.90207749104226,826.0878787120151,6.403619668528335,2.134895565000391,81.98673363269435,85,3.545019255653702,1
101.70463770996571,15.789324111309012,49.96500631034836,934.7579187047781,4.835828381046356,2.256721380737002,87.79083177506473,75,17.054442366752976,1
90.37267434715388,19.748650700332806,60.61505801647435,955.7260521045465,4.10270681857578,1.9878994518753712,71.7060095152399,70,2.4371564503427123,0
97.93388720303953,26.762114326763356,65.70815606865018,873.7152811137878,4.57423012722464,1.6829420023277435,84.53881998984626,95,11.011768431740778,1
106.10216169589222,19.39298327938974,47.82933333622403,943.236632920736,4.704334387914572,2.3042281828106197,78.967089848401,75,5.289453131201337,1
101.56972960968434,19.450264270372156,51.11527910363993,762.894930319839,5.383567131707065,2.0133615472833344,79.09673358007713,85,6.945019317556319,1
94.13468730436064,15.674268931664573,68.903238094682,820.764222615204,6.039632329301116,1.4236654484916076,82.57158217266414,90,8.253797585928737,1
102.24216404290793,22.837788755811136,47.19920915370448,977.5445358281238,3.96348736924141,1.1458820999681247,76.14307984292921,75,1.524106457238948,0
107.14609790636618,22.859528762988063,44.270959738754314,886.579843548125,6.010909565342745,2.1191588701841892,74.12490431535679,80,7.3438696058040165,1
79.50058721422522,22.36722560419973,67.22385258911609,788.2672004130692,5.617685612811298,1.6682104804489184,71.07902613984662,85,16.3776163060628,1
111.59074064955898,18.112337981457912,64.57410579984351,858.0680291734803,4.492210509193393,2.172424851758581,86.15881354709607,85,1.3633100554071453,0
96.63745261318928,17.879879694880984,58.456961951870156,844.5959716484952,3.91328810432299,1.6897526764544262,78.14163907445518,75,4.188852099273579,1
104.2548993324023,16.12063324878509,54.63431396283338,890.0422961116245,5.116232717292568,2.053274308998003,82.84970206178683,90,7.9447754869035245,1
111.97246923645228,20.251617505282802,51.491803955160144,877.7549409715411,3.9404115162979156,1.8486393888151635,77.57483962559172,75,3.4331195007889623,1
86.28326302769534,16.758778012164495,57.255590990472406,910.7359037362896,6.023680849162607,2.700768324109322,74.19119748312522,90,17.565336129860864,1
92.90558997572454,16.467750484252136,67.6384556592124,895.8320369032455,3.8761172278677947,2.380126263127458,83.2615630496957,85,2.045219941534476,1
97.11451304124296,18.728927849267972,56.90852900913661,981.5843553022211,5.547706193163144,2.538918760075132,81.6398128686241,75,8.85308382483214,1
92.16246478875571,18.532531474447353,72.33567413797573,925.4729159831802,4.919383635184918,2.009619107647626,78.81550423006287,70,12.593577471518385,1
117.34936575836808,18.386064413534136,47.81646411487816,927.4602966716152,4.439375115624799,2.3289443756459525,81.50948031720735,95,14.200547034518582,1
91.43227906173207,21.399333790520785,54.842553965373845,969.9094274336713,4.897168493680709,2.036660031040457,75.19757721877998,75,0.2634362917066445,0
94.44453220513134,20.237143406450837,52.015530658688675,876.6738749742251,6.079983169634202,2.5878365469734903,85.30299887277656,75,13.73733183036874,1
102.04389031602977,19.135531908466646,46.318867654701336,824.2873533984908,3.8077425910062104,1.9709751738974906,86.46197319267237,70,23.517104560960536,1
87.97850473923911,20.549038784934446,53.77533013592276,972.4182194779349,4.5878434448081835,1.4410042638556824,83.7965228566846,70,19.70931836669229,1
96.04319288243737,17.025418876686103,58.338634413283515,908.1505048864867,4.248256435312812,1.2005513898984244,78.14007120453165,80,2.3249109943354362,0
103.17453261250175,20.315835871729035,59.19384143961624,908.3610724739357,4.961382866451285,2.667324447825806,80.29673397341705,70,14.709619962024354,1
96.67139595617489,20.4518074785339,72.36361743155645,862.0002047081858,4.315319107487346,2.1914017896603437,87.84418224067382,90,2.3953530659179814,1
99.06613141100051,15.490859421927558,58.71573975778848,862.9886800137854,3.2319187576133857,2.217702740016697,86.40583108805589,95,9.046493591520115,1
94.70667887551629,22.987081263111087,64.20109442943692,950.8033403262506,3.9448624530676373,2.5958591369166326,89.96934545254362,95,5.295425839427768,1
84.85529690819233,17.355698884319015,55.528753970391804,959.0793478882566,6.637755018538112,1.3393060225096178,76.09740573343413,80,4.878242833207338,1
103.21593211339238,20.270929397619305,68.42444480362076,947.0294043447996,5.246728211286273,1.8565595139072768,75.64893858006434,90,15.945623799928512,1
117.54933071647241,23.49323522160581,74.18759428470456,947.5776963267285,5.212362053808078,1.9055720681539865,80.67185143791055,80,0.8398142973881839,1
100.18401630783438,22.77703027314161,59.2486810478076,934.1417722355856,4.717387609991362,2.296910093282806,82.0344787864815,80,2.5430984831018755,1
102.25264117247549,20.103000165706508,47.05872787638735,907.8913638046894,4.94837457589083,1.7229439099596469,79.28855417470218,95,16.538364026629278,1
106.9272275511686,18.912502991353794,50.60955981778265,889.4772189407412,4.57018807716862,1.5194505025940839,78.05157786082297,90,13.276024599085584,1
87.306695034533,22.8425357257267,57.255474425641296,972.6194309964932,5.526928531041065,1.515860539601157,86.33697591414565,85,1.5729128401713577,0
117.02514658129606,22.02408493342586,58.65198428200517,877.576747770574,5.100808854259373,2.4597672305088083,79.5463395472643,95,16.267011002879688,1
102.02328796422802,18.14490493986761,60.58740107507498,922.1987528328448,3.8287317898413846,1.702987162478753,73.92394291040839,85,13.030655399519548,1
116.3185689908911,17.615319058994928,58.68158144984033,851.7592201227452,5.253724503104193,1.7791930062712753,74.50155456532238,75,0.6645939129034938,0
92.66967004476011,13.782934454912006,55.05587933004751,860.442057788973,2.5412580767284494,2.253799260291162,81.23532162566751,85,4.429033381567636,1
118.18061922557824,20.462095525050763,49.91041247038297,885.8307259285664,5.413859199677786,1.7204218367060402,95.01326242455843,95,0.013960446903614579,0
107.75155494034783,19.751906764944803,58.209106090113835,851.7636973963702,3.5906431431634784,1.3180206308977434,75.1202812812741,75,0.16037504169880398,0
105.53040085852358,23.408574123927625,69.83989885984525,947.8711095286981,4.903944913829924,1.3673195305100403,78.4256296566347,85,7.73455334513565,1
102.34024454353148,21.0771652804411,63.159428843422035,819.1179449072982,3.805372396803811,1.9772770413138168,92.0240238763302,75,22.698698501773606,1
97.5147138192555,24.00268758251807,59.27763159708958,905.9537774028644,5.002823199533097,2.1989313721460886,77.57859635080766,95,18.33831963072878,1
112.00531658473872,17.90790731625149,63.236535390582006,907.9504858105308,5.578278519276222,1.919101902459832,82.27730420635703,75,9.703072275142707,1
101.40359869848047,23.414450992902854,52.03148776879318,791.3520253008192,6.50282708524958,2.1721770815236274,89.37955361295616,95,5.916259354782992,1
80.32930296412847,18.413250862686034,50.93387883133344,873.5385707685834,3.4586423449885215,1.3548649895969458,75.2426065954809,70,7.489437993544133,1
88.82813538292997,22.332788185376817,49.017719165072144,915.3419722828886,5.975472955671135,1.3818785836127567,78.4536988898922,95,17.417159063271374,1
98.14154247807252,15.623724822407919,53.9977070178445,925.723679597644,5.131152705377471,2.9015743665176967,77.5781703318273,75,3.437560442436393,1
103.09998983165555,20.705405898098565,51.623952826327354,887.74156748399,4.549332847175376,2.493113708854672,72.41052318516404,95,23.77839664719575,1
99.43411511100105,14.04593617566227,64.66619792521712,940.6132922688429,5.75985650505946,2.307588756759407,87.84682972844313,95,7.5296529174282885,1
112.18970789793663,19.198587542174735,51.19741265854249,893.4410245658376,4.7640751489147934,1.7361101317062244,77.07297830765067,90,14.363357435943696,1
80.48898135961375,21.32106198163374,48.578226270200666,900.8191747245035,5.717530516400679,1.9047975237078196,75.61877162089054,90,15.979142643454955,1
101.4358793650516,18.43709434630671,70.54061743064506,915.0992321391932,4.007730286872005,1.9993290731465598,77.7778305596479,75,3.703774079530528,1
81.82020774612845,16.848687113732097,51.38899815134925,955.6199777240502,4.367002967703708,2.5257384454866094,84.64415702577053,90,5.95093663803275,1
107.59712295484168,22.538355407887803,56.22822765800281,859.4569198550681,5.9436000527946,2.161113106578037,80.5644676850394,85,5.218273311718349,1
99.05541285557997,19.68961163045923,58.61058259794729,870.7906876489021,6.485400523570422,2.2103655205151207,76.04166847284819,90,15.509257252390904,1
104.19609972024118,18.531288058907986,45.906455048633475,859.866210496247,4.964968100847151,1.932938025953,82.04574922457526,70,17.208213177964655,1
91.36117039410234,20.125687763462828,64.88387015602456,880.068137031484,2.21271107464422,2.317066026736034,84.06297348874287,90,6.596696123619034,1
112.7946493165775,27.910007425836767,60.09695232328982,985.5740554847858,4.800950717391545,2.120929098972509,79.88117706048621,85,6.022144634722107,1
110.41724664058852,23.46050854934463,67.46707209504625,934.3635191597893,5.03242611782243,2.017609093098272,78.8261953556717,95,17.02505752034558,1
105.83544303011888,23.48772100456352,49.566224502255196,832.1346152898694,4.767226623306828,1.7027663311254915,85.0793796919111,85,0.09338787283658857,0
98.7048275313656,21.306638956977093,55.79300633980928,863.9731820646795,5.336338561665531,1.954571303159347,79.1040737674328,75,5.472098356577059,1
105.79857285295132,20.49945581773144,55.314846039953565,922.3660334565841,4.523090072402678,1.5681869184880177,88.04095753145012,80,10.051196914312648,1
92.93107432012651,12.81175313500875,57.111107954800175,845.6095331440338,5.8388708606780275,1.9839443976052182,76.21182563954844,85,10.339028659354781,1
108.55555659020712,17.963058960610603,43.363082011382716,856.4795975511146,3.833286727268958,2.0355645431859597,76.09543267119604,75,1.4605768949280484,0
116.4948089432392,18.558276760392577,55.88669102953778,980.6975799704489,6.236848707354141,1.0381926461574744,75.48101609957827,75,0.6413547994376927,1
110.70610559979187,14.3753238078574,43.58828870861004,863.1974622916088,6.550078823961092,1.9078641843597985,78.80576771655008,90,12.438035870499913,1
92.70397530192591,16.5277526293537,57.86667256957537,957.2800089617632,4.086940261939692,1.5296479181581628,80.01252030683159,90,11.097199659076011,1
103.61417317273103,14.057490587232097,37.970807003851846,975.3193913718563,4.086400174396937,2.1994557302066777,73.37182045213594,75,2.170906063818753,0
87.06858456241352,19.88502849290788,40.18730532567531,855.9922745298621,5.410695313777528,2.254863897420398,80.48378633957093,95,15.280224905714816,1
105.72390311175675,22.456297912546447,61.54838973151999,846.6022466065715,3.8127795902571107,1.829464072933873,82.82677093642978,70,18.323958480613975,1
104.50603412862539,23.320323555872985,50.62529235844174,883.4320748111301,4.50739712889768,2.219608834848766,72.67254222603485,95,23.502587130489633,1
81.30183660467836,21.244353386237723,47.09713541094207,834.6823367595825,6.102526956456014,2.2364267745340243,77.39414286809557,75,3.1921904907940943,1
88.38216156087637,17.109810976404294,65.16676496860438,907.2620327101646,5.737606764476963,1.9081136642352927,82.8374286428449,90,7.958412619061224,1
97.16861103256232,14.203804524440121,57.62100973862732,887.6608852887969,6.98019634168959,2.6137147901214632,74.5529036706204,85,12.290701563976006,1
96.99140252859173,14.729393901795493,61.97672156427027,921.6348009531781,5.170784147600208,1.7099700251973993,78.42010739043269,70,12.028724843475272,1
87.90523064581194,16.193052268236503,53.670063421433355,983.8166073739693,4.389161997721814,2.5885462813012667,85.44091784466899,80,6.801147305836235,1
103.88978729352183,17.333420905892975,76.43702955120003,949.0490988462192,5.05124351165302,1.9099202283267178,88.9759138156301,95,6.341143351968323,1
102.51473608940512,19.52075450602524,50.16388911552164,929.3543865247414,4.849411660591366,1.6626694587096131,82.19957605624563,85,3.294616404416903,1
98.0573086802148,16.957507345619096,68.9559643948791,782.0370952219249,4.863442890796865,1.859380609678247,79.15373357086193,90,12.051407143486744,1
92.44208499841638,21.016927681004784,54.509071679200694,926.6025589261425,4.976196291904267,1.5602443089082707,77.49300989682136,85,8.831753062563102,1
110.48707126416564,19.303179491601583,41.76391684069803,1003.357659642273,4.0682332911537635,2.313823146955681,84.55377049385774,85,0.5249758895791288,1
116.55407113088295,20.031637135223075,58.86278996598487,719.368649021189,5.282217754970643,1.3588924087698895,85.66703199557836,90,4.8144088938018275,1
95.16438516153463,23.420751658013614,57.518100491641306,941.3629525785375,3.591336732241409,2.5558434215075305,74.21782101441175,85,12.68491645363323,1
93.8783308284518,16.45930479739889,46.589425486086164,890.4384855146121,4.283173392091886,1.6256531193014159,84.55213407971966,75,12.736178772959553,1
104.91207665411997,21.256113734877104,47.622245782922285,849.0122998186233,4.881121236860182,2.334661348738382,76.9647684913689,95,18.984454219611685,1
96.41970620253014,19.95808031457178,54.80241885532006,948.0677150347173,2.7404466873444084,2.0096903444241874,75.70222113023878,70,8.146030186055404,1
98.60602799336766,18.999541157090913,57.797982521983855,1002.5823540364398,5.768991536344918,2.1083261132198383,79.23177898224786,95,16.598127387107517,1
107.39653151724671,22.65576896259788,35.23469373696479,946.5138437302652,2.9468454901524948,1.7639826514890544,84.95806621281183,90,5.602148652431302,1
80.90643912492708,22.637042463671023,63.42497162019042,877.7284829243084,5.669587690898178,2.141123200133253,81.54702662419837,70,16.49575232028338,1
113.1830232485267,17.160527612034716,51.044016209480176,843.3918105355107,3.7071907100718375,2.0539897154203457,81.41165832395409,75,8.548877765272115,1
100.72680524329341,19.453518248426228,44.346020124814586,908.6776580273727,4.595081309296501,1.4168355727322688,81.76220826999841,90,9.153101922223989,1
95.8850685543782,20.843635047752194,62.528532411615444,952.3901575428953,5.51913064694943,1.6149999988266968,82.3382900934518,75,9.784386791269071,1
99.1076584577855,19.180979755932245,54.81105616465235,876.7768184259763,7.198139519479483,1.7836351555960774,79.42924391236768,80,0.7134451095403982,1
99.62429355020518,21.755063996863395,64.72932621425804,882.5770205009522,5.116451977707349,1.6980013927494202,83.15944382695993,80,3.949304783699912,1
82.68798696555075,20.843576053730825,58.50361810383804,1069.320014990304,3.0173736718004918,2.5011243781534604,76.70158902012483,80,4.123013724843965,1
114.94938227453235,25.497683721068036,54.98788397641563,964.7191167575836,5.953695132635774,2.0028056735389996,83.25503825472764,70,18.935768935325196,1
100.41325632270619,15.409162592210638,53.77816044015875,969.0077207036179,4.768081595140981,1.6885314609440472,84.28492673916995,95,11.279024485084266,1
104.43002130447375,19.63269203075781,58.8617020844491,812.3828456364713,5.069906654458824,1.8036920703987842,83.4956829728349,95,12.109807397015896,1
109.51549770574043,17.274492465463428,51.69174992952536,857.5686792423924,5.557863029887614,1.7982147665811734,83.75514415847049,80,4.693930198088108,1
89.78837542439699,21.812322366317133,48.179419290028,904.4808983672543,2.774622043094286,1.8847802111979737,82.32432820115072,80,2.9054102514384006,1
104.73471899035229,15.148484329863367,59.87927298123715,839.9317465268911,5.0065368477351955,1.56986823811216,85.86721457671307,75,14.489619435617424,1
97.32358909101207,21.03893813067466,53.844097268444564,996.0238379333576,4.590306110047305,1.6744275557610724,68.64193108010669,85,19.244786964580367,1
108.46770775216494,18.109854705954977,55.26854118455205,984.6187383954388,6.221834906005519,2.306642764465684,84.2687297878258,85,0.8603178966755234,1
78.72772579648505,17.797514401636956,63.71503868923686,867.9872797569568,5.727113763338743,2.0741372413467656,89.87728763578937,95,5.39232880443224,1
99.00905699758731,15.660505389377938,54.08898713811407,1007.0351163964491,3.372998077218453,1.9390649813839198,76.8905226252057,95,19.062607762941365,1
93.97179344216039,18.604772161396983,55.120271404334325,899.7448741968035,6.262625852349048,2.00104912692604,76.33135070818749,80,4.5858116147656425,1
104.32262950634156,23.253501590872776,50.202803908392546,1055.363383043343,5.449525088160211,1.9817756973698357,86.43159506486901,95,9.019373615927353,1
104.70044187368202,19.92443394941156,58.44591947185481,908.6811678315022,3.452758402546782,1.9163475581073424,75.36630330260358,85,11.333760820466372,1
92.92374105177974,21.883041253623425,57.798623301440706,934.5715650197053,5.055753103492773,2.206841935482992,76.66637843712273,80,4.1670269535965865,1
92.87826135823957,24.993925465898826,62.20620105432447,983.9942064701735,6.034826113855855,2.1772639943391705,80.84974259848899,80,1.062178248111234,1
98.89334631442671,20.791266754467728,50.36696930394499,976.6580009884685,3.785956127426606,1.3712948107091139,76.0052439492347,70,8.578919927478138,1
91.03357772684792,18.32360128381298,51.33746424327852,930.6439239681536,6.377577335845417,1.9473751256363028,84.3751225099678,90,6.249863877813561,1
108.41983695452127,21.40175664554837,61.33709919316375,891.5315808333698,3.487371225872474,1.3976722402636939,76.0459893887141,85,10.534130130924583,1
96.30792799552553,18.367111561057126,57.017704026902905,930.8479619995871,4.208772823353016,2.2542308813822824,81.8031667385334,80,2.2539584231667575,0
70.93011780678358,18.486731950108492,47.750254990458444,851.028949687433,4.057129164610308,2.3070666227401135,81.42241231498252,85,4.208926688255856,1
96.25177943378193,15.440321601143046,65.45243254187601,909.1280231318469,6.376933731588662,1.7556884409433215,88.31944036204236,70,26.17062908863194,1
89.61456179156028,22.778772473253177,41.412395452797995,833.4415480501203,4.508983863450803,1.9532964178661136,85.82650933147865,70,22.609299044969497,1
83.68724184539055,18.841992273051684,61.27427802611001,793.1471015951819,3.837182997339002,1.1554238811511015,77.35236229273173,80,3.309547134085342,1
87.62573361777427,20.546294737447585,44.87830371201443,903.0256058483666,5.445210878914062,2.3891159256368106,73.67753796763877,85,13.3205435674838,1
101.0940847183297,16.892114214180083,70.08630813188421,975.7366734403004,5.661180990592719,2.283869496100561,84.18984420988718,85,0.9531244589562541,1
113.28640828248231,21.307842889146418,42.64320218475501,955.5482784957635,5.667536094794132,2.4600341046950103,76.73304582623337,85,9.725828439725454,1
103.1318447386498,17.71417628559475,64.21800521498199,895.0852622564635,4.72866083477399,2.5946176561348397,78.32161631048125,70,11.888023300687495,1
93.9349661178426,19.57487383489453,54.34692511991005,1004.8193818905298,5.254534301036948,1.5103562828092898,74.70086154968182,75,0.3988512670909093,1
104.55904195170703,22.63347809371738,52.06717944129005,865.8563165492055,4.349766913770715,2.3552176806553766,83.39505965393417,75,11.193412871912226,1
95.40909689781009,22.37227793669759,56.48317325174209,784.9300402921186,6.67480167793573,2.591721777767384,76.76753441781246,85,9.685253626102993,1
93.05399630836855,19.933909782449177,60.0552027132625,769.0739223479422,6.144205158657932,1.4021688515883055,79.82479155848606,85,6.088480519428171,1
88.45637331767016,14.695606901879845,47.764795981353046,829.128543564257,6.0829568290406755,1.9315155152617145,79.90248467053767,90,11.219461477180362,1
82.48171193248281,28.978431710181923,48.47369819865142,948.9974845957337,5.794115934573545,1.8546392067082302,80.91780309956955,80,1.147253874461942,0
96.10076293440555,25.237576910819406,60.19683892090309,861.9118389919569,5.519733305995001,2.342184745676599,83.30819250859824,70,19.01170358371177,1
101.58053489920133,22.168024474664897,41.3412563708032,927.6575185114381,3.755637515850212,1.042423573462368,78.7858981405289,90,12.460113177190111,1
99.0337632998511,17.740388655227086,50.326167254463314,998.7770030150386,5.633301236255648,2.7263830784928778,76.29286209056728,85,10.243691658156138,1
95.84033072052641,19.659223514894105,79.32549563327552,833.9941822453317,5.11426523006332,1.9549851743221627,70.70227683122276,95,25.576550703976043,1
90.54253939303219,18.36973871067045,47.25589628328575,928.7099839077534,6.263364084950919,2.3664377608068583,80.51314814683835,75,7.350864195784462,1
106.08246191684968,23.791567817289163,64.18242233407803,932.3377843593433,5.807419182382429,1.9759051049233638,79.21500479690985,75,5.620006395879803,1
86.82868080053414,20.7875086725555,50.3123938502895,848.3557206916138,5.550380470153021,2.1968500203918695,76.44763584939504,90,15.058182389561065,1
107.76027913843475,17.647508424920503,59.07236115837715,981.252655514705,3.315775202469844,1.0714326965535401,80.31276231076268,75,7.083683081016905,1
89.97782981073276,18.587734702625653,60.23484552476974,882.7375766670314,4.910999463391529,1.846047050879716,84.27991336307443,75,12.37321781743257,1
92.47564762646965,23.363564427709715,64.03165388146358,876.9748211452195,4.442107740096343,2.3391044845374713,85.5594404247359,95,9.93743113185695,1
85.33214809384323,24.800293540461436,53.397969385497795,1026.6967931050783,5.252365924183073,2.115492938685478,72.32431290787804,80,9.594608865152452,1
94.98597853114363,24.584994690458736,70.91107711003883,931.3660045420031,4.584451728557356,1.3452635629092968,78.19569349492332,85,8.0050664765608,1
109.75312458477978,22.27109619516193,50.285307483318554,955.5174329811299,4.724054223906694,2.024569957550645,84.80512606199214,90,5.772082153342066,1
105.15628088443957,19.24212539359209,56.87376330879648,981.2935758913103,5.459033904906704,1.672503069655398,87.98020517261511,95,7.389257713036722,1
109.78422112028035,10.275458524012638,56.96221545774086,860.971560032447,4.567861886431224,1.637832299530625,75.91368173420791,70,8.448116763154161,1
105.22142545933936,20.891480071424663,46.024255040404675,974.9892658232208,5.121591539574013,1.3917222906733129,86.89161464616289,70,24.13087806594699,1
88.96330171469631,19.994513723467698,52.71302196016703,869.8863531001398,3.4805881091256934,2.247481048762852,73.2495185888269,95,22.895243590708525,1
96.69210775672443,20.419946288964063,56.29210799390726,867.3225966397022,4.167598523239941,2.445205777574254,85.74142281559972,85,0.8722621359996698,0
92.19800870882537,20.16169204109962,51.54303165496464,883.6800016615118,5.6560435672029605,2.848057253665138,78.59121833897329,70,12.273169055676131,1
113.3057490403904,16.021213514152528,74.52739172365227,862.6761099033027,3.7698078833035256,1.4103806433028285,87.81411632821874,95,7.564088075559215,1
88.03211353573688,21.67222567055356,48.29101061120375,949.3293859594298,6.245725077602997,2.3069488644905904,77.67984391872353,75,3.5731252249647127,1
108.93697689389111,21.896648942095553,64.43539574512343,916.0326393087033,5.974399355301321,2.3332685481683635,78.45054636619831,80,1.9368170422521127,0
108.9295387010877,22.047016346178978,61.85167850519029,870.5265351229732,4.731770064660213,1.7677981291127967,79.33303685398076,90,11.852181273354713,1
118.29620201716087,22.83973101072016,54.88910292396583,940.4703019892893,7.998734105502464,1.6329686458362678,72.31474922638553,90,19.650278637349412,1
95.90313407370503,21.81215493476487,48.07832756918203,883.4890537568192,6.243103577848293,1.5657030716132279,71.1876366462067,75,5.083151138391069,1
107.12322159580162,18.769911765383267,48.85395743686584,880.3157777781194,4.050720493294265,1.789058702615914,82.55077096520355,85,2.881445923289936,1
122.81651836538843,19.78748945625173,50.85626160626792,902.9210330940926,5.746174053700048,2.08104863834238,84.94231173676678,80,6.1778896709584785,1
93.82358323066303,20.273374601760132,40.71406974442989,927.807621339973,5.065863066319757,2.544044804202725,83.03788751420552,70,18.625553591722174,1
84.64959752467641,20.323098347319856,46.97227659360568,923.3908589626452,4.223287909140589,2.4421353352040467,73.73012192910738,90,18.077642300991798,1
81.19989966092237,22.99465296791519,43.14018787709086,878.2050490648302,3.9300908568337913,1.3538332222925349,82.40094372536021,90,8.443395860710881,1
107.12712028861331,21.931006259067473,65.76700002542174,950.8266724463641,5.9948933348883795,1.6844627005597952,75.04898013148149,85,11.707082198257075,1
81.16849791941416,26.23203031870986,59.94769913910575,886.6563509352206,4.402054535375866,2.5198561497237884,82.03826354111833,80,2.5478294263979073,1
96.27680947062078,26.619406939654016,61.28779279092368,860.7009306834768,4.898123644962948,1.7075628669619727,85.65649572601218,95,9.835267656829283,1
104.37313187038961,20.238948747841775,59.71065561233558,811.9187010739589,4.078974071773471,1.9772343346359296,81.83733426667509,70,16.91047752382155,1
101.85175536829914,8.490033354621891,56.33574098667331,958.9907088599413,4.251842062701409,1.3178844261543659,87.34266951120966,90,2.9525894319892623,1
104.25444864184172,23.7104973983818,66.6854426570331,900.7434045716404,4.873070799928528,2.4612133662051794,79.25006264323628,90,11.944374840848582,1
102.22289855800854,18.378870983038837,50.1138987541461,912.6523415106309,5.388182292724151,1.2349007176594446,78.91675339347817,70,12.738219133540248,1
112.78865813313394,17.59554823450698,55.85335724293636,962.748174941971,2.4116408364485515,1.3428757676853522,80.3367564889039,80,0.4209456111298771,0
90.47683619261203,18.8046641750319,60.976470622592984,871.355626104131,5.01691979916675,2.420326824334681,73.28679458100629,80,8.391506773742137,1
93.23004861541469,18.660070859556182,44.43032614515097,817.5360450915523,4.253878987414964,2.768024671826623,77.98524462191442,80,2.518444222606977,1
92.27340554729176,21.836809430316176,79.7727111691404,904.1868421329131,6.402362653450225,1.883755566110034,78.42433415129967,90,12.861850943000361,1
108.3019181186261,15.321692662621324,55.22852610222069,918.4776931248177,7.942752646005436,1.98125487525487,78.5800002835656,95,17.28421022782569,1
109.00398588395063,16.766837762625194,56.13591560460474,884.2290560303776,4.640720965046285,2.3633118239131954,81.34145583581706,75,8.455274447756077,1
104.51225319318509,21.02947566259225,65.05502425339938,988.4242546845701,3.2777714392868056,2.115779125878953,72.59835440088355,90,19.335161776796056,1
111.83493666889927,21.868832091239923,62.31964266408179,750.8300059367186,5.116876969918566,1.8507127282493343,74.2719300806975,85,12.621258728591176,1
88.2195913262362,21.924624934808037,55.30462415517167,967.203398273987,4.794570670506795,1.8058185514457228,85.66034798319235,85,0.7768799802262967,0
116.67224111551137,17.638891163200103,56.04103550478433,947.4692190218535,6.97135064900129,1.3732808170060065,69.96375887968095,95,26.353938021388473,1
115.23238621712258,17.06520305220128,42.96681175241617,927.4062466620276,6.666589343375542,2.093176708848088,83.08185534436421,90,7.686827395150873,1
107.35621997245747,18.480095498636242,50.548273777200194,699.8459070318543,5.865374970596564,1.9632332711722096,78.13220159601158,90,13.186442671098241,1
117.8179890877106,20.719618256854176,59.137681729271684,977.0333269962161,4.413305918787342,1.8248615283549277,80.80061240831726,70,15.429446297596092,1
83.43376792322226,24.456432107817648,58.55114271234309,838.4139533618469,5.677766566180804,1.5992740817750446,87.7904939266697,80,9.738117408337121,1
94.75551863737348,13.85768844268775,64.76932600003269,869.5384812969968,5.265006359068304,1.6397876586826277,79.34408607067338,95,16.479909399291174,1
92.64696539318048,19.3378137291249,54.0359915342134,889.7644401125958,5.241323203299391,2.24735076820268,83.12694002752885,70,18.752771467898352,1
107.21479323757343,16.001964676924388,43.90170789255307,924.4450820791185,3.44177015143213,2.3526654593636187,80.29283483840958,95,15.481226485884658,1
89.49859260397855,15.04327196793953,63.453843446205425,938.365682531553,6.0617953384536465,1.8691535374837533,79.45311915123348,85,6.525742175019435,1
107.57495149337485,22.90086993603445,66.48871476945612,953.5704332591578,5.107808328311235,1.8270081707014485,78.8341235107982,85,7.2539723402374205,1
113.70536143996713,21.633873723498017,62.18595658284983,948.9512106047109,4.899158652455425,1.6585407813543187,83.50529174253113,75,11.340388990041504,1
106.95202900084,21.348300547841784,53.69093063314007,915.1756322527875,4.399843504991172,2.374728017429703,76.3419906693933,80,4.572511663258378,1
102.83751023661502,22.76307751919298,63.35508841501263,924.9553595434554,4.206383500346623,2.012398307862363,74.33988405724368,80,7.075144928445401,1
90.1212665909925,18.560843309701593,82.4312838240657,834.5547770506652,5.317258581278982,2.147160391730906,80.37237486715544,95,15.397500139836376,1
91.53149033874635,18.702087450999414,55.921218515523805,854.9383915908587,3.2508371981419177,2.1433880520373854,80.96392001794247,85,4.748329390655917,1
112.49618905296667,26.557191850167722,44.506106462039,953.7276134204899,5.7894987596500425,1.8769193517864253,70.8792091730052,70,1.2560131042931337,0
107.79349003905332,19.260286837221276,50.309719603582785,950.2325692037209,3.9458945630043143,1.5338559600626314,79.94756285694667,90,11.169374603392583,1
99.60980480622456,22.205396339162274,60.00380800243241,943.4279649866653,2.941319313794708,1.6015467377256323,73.86561539392744,80,7.667980757590698,1
95.8209045423411,20.019144622889947,42.1615655128155,869.1349943006084,6.821895315926021,2.4511542130589805,83.1342155372391,90,7.628649403067667,1
79.74192126888623,14.455224409764755,56.355224599296555,954.6295279166218,4.141912950654421,1.7097262740597712,70.98157572051683,85,16.492263858215495,1
89.29147581315561,13.866112988596196,58.04269320252706,830.3253328511785,4.277840838478305,1.8358550721006597,89.62537914931545,75,19.5005055324206,1
119.11419087139723,18.263047340180286,67.28097391850122,964.6415885917364,6.134538331008074,1.546243785851516,78.30900791682086,85,7.871755391975459,1
87.19544428997533,23.168303755009966,65.4815588484344,884.3477519252466,6.8544309005166415,1.5135733924294372,75.67519025756344,90,15.916455269373952,1
101.8947982122108,22.364874969908012,61.916678334014165,1001.050224380438,3.46699842139657,1.6923340011885109,78.58513769815903,85,7.546896825695258,1
110.07443973195198,22.7422314926721,37.698567915883764,808.7134744760709,4.043831939749331,2.6753628736977837,82.78135429316946,80,3.476692866461821,1
87.45077331997707,17.038861463191054,62.3684250243834,1005.8042427551113,4.117321177839403,2.2632149564769715,84.45235044617469,95,11.10278900402664,1
101.84710474781083,24.84761747036694,60.644107088481974,878.3121402501923,5.934801662695654,1.7892844514305508,78.62844344987582,95,17.23321742118335,1
109.37915537510655,17.105320099440846,57.047555016626774,877.2312446392954,6.639132127929534,2.4331507178207983,72.80654792593904,90,19.103835637845506,1
100.12499321907251,20.638473196009905,41.158222990836116,911.6903291391358,3.919747438421921,1.9390804506814214,73.9385143318891,90,17.846095186789896,1
128.6840305566677,19.96894313027679,48.78580872650352,858.1752652319582,6.41474533796822,2.5417360187967355,81.43193849370373,75,8.575917991604967,1
83.31400741121804,19.47837853905624,45.66541784372747,895.6602599218616,4.290965888471298,2.8846921401584855,84.93663564755227,80,6.170794559440331,1
110.5872852988388,24.01577641488682,38.87993248394328,855.7424240837487,5.336122902945572,2.4112646957064765,85.5873762579206,70,22.267680368457995,1
98.27198262603535,17.884668439502118,54.976678788681646,857.9361881412487,3.7285463005721824,2.037820382089031,80.84046287705391,75,7.787283836071879,1
107.71920154836675,15.951184232864216,48.617423028457765,929.2131570180343,4.878069586418002,2.2797239494065438,84.8364978309071,80,6.045622288633883,1
104.41307151699246,20.059986458619257,76.00244464215129,845.9060702817891,4.888887285927284,2.006028487712885,89.56174608796,95,5.724477802147366,1
92.66843802890003,18.80051979714042,53.649824484496726,853.9083458996711,4.684841693684726,1.265600654409983,85.95173856368146,70,22.78819794811637,1
102.28996392459341,30.132148757247936,65.35002524692769,817.6325250152155,5.384970981319697,1.7381498343151822,84.61018950702186,95,10.936642624187519,1
81.42098548601713,22.029522429319925,42.4472078024542,869.7641592023197,3.992969135147474,1.619363361738713,75.96721408453858,90,15.591984350512686,1
106.03247500571393,18.77197827434413,50.75928331196104,978.6961217834353,4.116276701813159,1.729283583267651,84.81309810214002,95,10.723054629326297,1
102.98158465990525,16.83166529243874,55.77518300827452,849.2439815938219,5.437872144949355,2.7174685730557777,82.30616238944374,75,9.741549852591657,1
106.38660168643102,14.359134768293647,47.73476841113864,856.1020040887655,6.342035330975729,2.4488598971418636,83.25322814183569,90,7.4964131757381205,1
110.5811832508715,16.9243427427877,51.62239452156204,911.6353167888922,4.977186305952077,2.176353920576659,86.30553139472256,90,4.104965116974928,1
103.67619840209711,20.344825315277394,53.25639275005169,877.7522139720285,5.503670773462172,2.324937180180543,81.79278924184095,90,9.119123064621167,1
101.48089419798276,24.281985954784307,53.12873611644085,1033.689266000979,5.75808001029734,1.2431546056376577,79.48726834669269,80,0.6409145666341409,1
91.18931663338708,23.36506742716376,69.84094858428277,890.2483221194246,5.8305051886334915,2.291273485235812,74.6506709616954,70,6.6438156595648525,1
92.87779236350949,20.68728449493914,58.02581028345208,920.1131007730423,4.046475274163361,2.375849726480867,78.51741841177338,80,1.8532269852832783,0
111.86734620177332,19.030497002892545,58.83608450353043,956.6261270879593,4.222989769795096,1.1041011249250867,81.06426133581343,90,9.92859851576286,1
114.36335405705978,20.806437069236463,59.31723819476056,955.474671951771,4.309925406056465,2.3060947015117597,81.38809670091264,75,8.517462267883522,1
97.61889563687946,18.44408600754627,59.9010110186969,913.9972548934427,6.928633800893964,1.4303705429331657,81.21938149335162,95,14.505914217524612,1
100.46002747253274,25.155091987291627,54.33690412900108,890.3323507988399,5.508192939171904,1.211997857421587,84.79754929880522,90,5.780500779105308,1
90.95385625006234,19.43242945617476,52.43402902816923,1021.4417121827554,5.463315720385017,2.5305272867438315,84.32682350108561,70,20.46689071583659,1
111.72756845267445,19.74098642525982,56.33452847614622,894.014383481144,5.366235753183739,1.597180380955063,79.68955879271701,80,0.38805150910373953,0
106.65416823691778,13.352532724937996,64.25443159130778,873.4985937342911,3.679206596380501,1.7136213042462491,75.76368946272027,70,8.233842089600378,1
119.4121743646375,19.413695460431708,64.00990550749107,861.2490607023589,6.938190470777039,2.395841817102938,81.91678968388786,80,2.3959871048598202,1
91.21676922820261,22.509452413894824,53.07681219449271,796.3918078375947,5.479187530786961,1.8779046910990396,91.23168773807727,95,3.966644486234453,1
96.21992100981782,16.796832268884366,61.14274955734489,949.2969451342298,5.723160112654953,1.927933850508367,81.60621387639522,70,16.580305537707453,1
102.31445922525572,17.747838996521562,53.44332269568266,759.1158961739504,3.234478711084198,1.9191652374248283,78.5203802381339,70,12.171971768762708,1
106.4648953772577,22.378133053200994,55.270964395481954,899.6566295457047,5.779643852361518,2.139039508389914,82.6791807623358,80,3.348975952919755,1
97.84332362452368,15.57002832944584,51.21181294756642,887.7083619437169,4.643787549872373,1.9094662334437296,82.97868129380636,80,3.7233516172579506,1
91.270389095463,23.173403022625756,53.54683888875013,1034.3979115338868,3.677217025273763,2.0456504297436404,82.92325300202889,80,3.6540662525361074,1
108.81407528923572,18.403568329480695,65.73064055639745,790.1009262771825,4.046236334128203,1.7985767498349177,86.8644009752285,85,2.193412912033536,1
107.21135362545581,18.834295338526392,55.73936917871389,845.9338027809385,3.7351057915466335,2.1407278359517448,81.93046478476735,95,13.757405489718577,1
90.83725899436276,16.62836478462322,56.08226006841854,891.834212479101,3.7182158048853897,2.125537212761827,86.62706117705174,70,23.752944538645348,1
113.55442801105495,21.13413878128365,43.42225776593634,888.1482397518499,5.06054782036421,2.759154335073673,81.15117056868755,85,4.528034625073474,1
111.70198709196603,27.37961595508814,52.526048738938165,867.0273245513973,4.613237211268349,1.847499620130519,87.56249133754437,85,3.0146956912286735,1
101.34296497247793,22.344491718381896,53.06948077004217,895.14072543587,5.3340693621613875,1.926333792878008,86.03367597869801,90,4.40702669033554,1
100.79597862376036,17.40714421417839,48.36685211645276,824.4262362678155,6.675975871068005,2.0955297303748166,84.6089970577645,85,0.4600034614535322,1
105.54057771115907,23.406861756474427,55.173323293628506,921.4315727396963,4.870496286372663,2.385774257725888,83.9459286788145,85,1.240083907277063,0
91.38296929743741,19.04996136219725,51.566541678178766,760.7108794753453,2.755110706041573,1.5633659387291194,91.5075883853521,80,14.384485481690119,1
100.30031479164082,24.123454944282678,55.639966841948656,898.4538386473646,4.758041788452183,2.0414306087100274,85.38308794333216,80,6.728859929165195,1
78.47616455390819,22.420029206493087,55.97202407855148,863.9785983441856,6.193394436397872,0.9968695855779731,75.75341497687744,75,1.0045533025032491,0
108.76455645502935,11.170575303584801,47.35396513741885,960.9772765653981,4.91406052750317,1.8913872333110417,81.2295027573416,95,14.495260255429887,1
84.3850677755814,16.987761101134918,51.810385740134485,1005.3186642379983,6.5293306536917015,2.4290908120397443,78.67641615886369,70,12.394880226948125,1
115.03419828428999,22.83315566850617,55.618994262086666,880.1368698749785,5.452941593137819,1.7095430254610726,90.32238158398975,95,4.923808858958155,1
96.6987990603355,20.45497181643505,64.4743954492538,983.4435557484859,3.161730265602611,2.070735046114125,86.25718779797728,85,1.4790444682085655,1
97.88333018068823,16.92873215687645,57.053753382365926,881.0330231621754,5.109582250438359,1.7884377702465593,90.15975512310543,85,6.070300144829914,1
93.72266093915495,18.099231453518563,49.70451856066058,842.0324086122546,5.297001294264729,1.6562391209065268,76.20002735882609,70,8.85718194118013,1
97.11961126077924,14.281290139731858,58.19203807395082,1004.7542179311372,6.080355801273644,2.3885943993072405,85.50837339274982,95,9.991185902368613,1
114.18531345148037,19.734880137420813,68.66039111457408,931.2465866840404,6.819636571611568,1.5818965240617384,73.17735508481984,80,8.528306143975204,1
75.1219134346492,26.632069178047296,62.333651780712145,900.2663113565889,5.907725519708699,2.1171861175452373,72.03933832931008,80,9.950827088362395,1
112.76965386088187,22.414800172196976,59.38021224348496,941.2306485059189,5.440479797387217,2.1233406483064634,78.01521933762953,70,11.450313339470759,1
103.38023481101708,26.57125100356527,60.80472140385857,916.45290210781,5.676188271578346,1.6592801931845504,87.56187568747852,70,25.08839383925503,1
87.92978352142785,22.64719126936994,66.51963233142905,895.846835523509,4.831993193550432,2.0622741027830513,75.03692479523043,80,6.203844005961958,1
89.24687606950762,23.082438030058075,63.60501435214128,820.4139103615203,3.537122163192571,1.6260208650128092,79.91594076588379,70,14.165629665548272,1
116.76393027208204,25.922236063235072,59.53408304894126,883.767795770324,5.04149608622286,2.208716749963663,85.94421434102944,95,9.53240595681112,1
90.54493120057269,21.13178977802668,63.54913775672068,937.3953254075084,5.365290327458905,1.4740217141428424,84.23206580579651,80,5.290082257245636,1
88.46649489404041,19.43831803547936,46.346791229887515,892.6337144587914,3.796342374088077,1.8641577987232636,91.0809328935643,70,30.115618419377565,1
111.3731454236473,23.097972549866036,42.98187798127775,954.1395456678232,6.326621639499941,1.89889133613684,80.0168599610493,80,0.021074951311632617,0
103.38552876285914,24.361520711365653,56.25678920515064,923.0193014320073,6.005411015482431,2.4451821352842678,77.79185227684667,75,3.722469702462225,1
90.620744234636,18.560106071863373,55.549445677204304,847.3118209148756,3.628238584712131,2.0560172286847567,74.52759459460512,80,6.8405067567436,1
102.16624975404619,17.835292752979914,50.64871957189394,820.8496825300725,6.365832288789875,2.3820053960448235,78.160000299413,80,2.2999996257337507,0
89.74247316359723,20.41656809729264,61.60682135862167,890.56929000419,4.691685630790153,2.2218764193959517,74.48200520407048,85,12.37411152462297,1
111.00821398422605,22.494496600794985,40.09709130839011,868.5462931137248,4.221508434881652,2.2193212003583036,71.01777360045193,95,25.244448841629545,1
110.61370964873133,22.394273145984684,50.72182195153757,920.1793085773012,6.079277692746526,1.867226723907973,89.81696290671044,80,12.271203633388055,1
105.32006198821944,15.727497199437202,51.12035564097908,856.9117404742362,4.948945587239942,2.4083623534099545,80.24453399637696,70,14.635048566252799,1
103.61661061247017,25.734818201189963,41.90958571920432,863.0764604547073,6.89918532083687,1.857531836279199,92.95733435614564,90,3.285927062384041,1
117.61188124867374,18.076505211809447,66.95784805815444,963.1841830556947,4.147111956113249,1.308069808027957,75.80355781663758,70,8.290796880910827,1
99.99686327388225,19.20480500933426,44.126389850693414,908.8921781176739,3.268342476027345,1.9140851326132429,77.85595695647996,85,8.404756521788286,1
88.181258745792,17.29203692003654,50.29327954153851,857.8363760743624,4.719561718833859,2.1813905618576275,76.12315494121448,70,8.747364201734971,1
104.49473912832306,28.094986507811264,62.26383806244107,901.0585085241012,5.789222499060473,1.3573497125148746,76.79621967503618,75,2.394959566714912,0
120.86047049537113,20.726212010863904,60.16836274742985,982.734674580101,4.072857014464457,1.6459590565118456,84.36801872104722,90,6.257756976614198,1
89.85240506814148,17.447074757955306,46.13460242812203,917.6272012964833,3.669899617200121,1.5077646239290574,82.83161983132187,90,7.964866854086808,1
96.38537233306015,22.591770649887337,60.459913674085094,935.5770485655078,5.228927402702754,2.3146868418835855,84.37704712708882,95,11.182055655695985,1
104.16446038101452,22.307407337930098,57.31827582926577,854.8659278083535,3.5363127898324835,2.669145054804998,86.7113579607597,85,2.0133623067761164,0
99.4609515099426,19.436818929260347,73.66428449689174,961.585162628076,5.306692699613413,1.9161203383147134,85.53677522083741,95,9.961289241223776,1
90.17696419622685,22.52182013835015,58.23152332854644,1039.086135627828,4.659376948771823,2.212612145227304,74.95755127779006,90,16.7138319135666,1
111.21857856230471,17.524124117507405,53.87006543145175,852.5119414492287,5.494466488352373,2.2022077463598895,77.38090718165486,80,3.2738660229314225,1
123.2004072201726,18.52124517515224,48.14798434304462,829.0863615376807,3.616171196075398,2.6215187785759846,80.60741405035819,85,5.167748176049192,1
101.96131459023907,13.969350036301812,49.04605306435543,910.5325346301089,6.298163151443903,1.7389788384189573,98.63916672381593,95,3.8307018145430876,1
90.95931710264,16.02814674734131,48.393847236254736,952.5303029906646,4.81696551500631,1.9120484140966703,83.86200071065687,75,11.816000947542497,1
84.51039474946525,25.422892417012058,65.96879051129538,894.5166196769843,5.763522667904823,1.8636925402303766,80.53344404203395,90,10.518395508851167,1
102.5797598122118,24.924285883166945,55.143759320131764,836.8076162374402,5.95987546128489,2.030146896016105,83.36637360872875,90,7.370695990301389,1
111.03877343316258,20.19736594594689,59.52197699179784,893.4849502931766,3.842555047634044,3.0017267208467238,76.98442972794572,85,9.430082673005032,1
104.75167746495381,24.988794341569513,67.1139807998471,935.8855363666473,5.882257509608077,2.0123244460789254,81.31212755501153,90,9.653191605542746,1
99.97596159081147,19.519776540175084,36.13228686234028,875.5780903832365,3.574933224855674,1.658115738957176,84.77331092405036,90,5.807432306610707,1
94.10728348210694,19.269769092296276,65.230990117603,936.4353010652953,3.629862257240107,1.5382011092427523,79.8550215772933,75,6.473362103057734,1
89.07836367281911,20.16953194539667,55.44317529426667,969.8826471143946,6.963999235988434,2.5010580029252187,76.21723372976406,75,1.622978306352081,1
108.34751326324883,19.625235214029303,58.48038697312356,914.4138375462269,6.111853368796624,1.6562981984087684,79.61062973660154,85,6.34043560399819,1
109.13771621385585,19.354411029319458,48.37277422601399,898.3231337233025,7.0736641754337555,2.265434783679638,78.40211695701909,90,12.886536714423233,1
84.54270213309267,23.43019432144866,48.959004812411855,949.7606355135769,4.629785969392089,1.7281234682965487,73.21436290164552,95,22.932249577215245,1
115.89838978180684,20.45040696186861,58.910767118503905,848.6339503537662,5.102428664078008,1.4933229053667312,77.14223919903696,70,10.203198855767093,1
105.74071220894001,22.137445293301415,74.07678240265176,842.7174099784247,5.527354746752363,2.2420798401207285,73.03593606834778,85,14.075369331355553,1
113.99594645145794,23.094141575831994,63.02650650251921,884.0056629042609,4.987804433406105,1.7477020532945873,73.81602554751987,95,22.298920476294875,1
86.57872251514885,21.1645573869642,65.12418337134832,870.4872327111319,4.2538639793040955,2.1701702556955573,74.29527756066766,75,0.939629919109791,1
86.34175844584561,17.089186022275285,53.46398983790864,851.7994814825714,4.103915302119951,2.1997131763384177,84.76725649112932,70,21.09608070161331,1
98.51030690232703,15.941402333107884,50.198366203314976,1009.8281084999264,5.21386223282895,2.2185060980049873,87.44582531679751,95,7.951762824423674,1
105.02784426895194,20.446341904421917,48.753560387368054,1030.3195925696575,3.933140158337695,1.8927405264227253,72.31960161480886,95,23.874103563359096,1
117.96360822926964,19.486231085525198,51.093810202426496,878.777697464665,3.9051365076331477,2.2744734226018832,87.90091833137245,90,2.33231296514172,0
107.06078913815132,20.262174286760366,38.577740534635794,905.503136984902,5.393572011154593,1.6309814686207669,74.36702913519727,85,12.509377488003212,1
97.57318723187967,19.951837882254242,49.20064525686718,888.7294307961726,4.9048406485143845,1.0183638995743463,83.7344004698618,85,1.4889406236920042,0
89.73630792334107,27.7507209804997,50.51717475152125,966.4499544070894,5.937206270581685,2.2827568692480433,81.29279285383153,75,8.390390471775373,1
112.3000057271915,16.009321233075987,53.59713460484127,978.3387337104028,4.575088589917158,2.066236201934988,83.17925772356426,80,3.9740721544553286,1
90.35294574249285,14.030161190536626,56.05400087797833,793.3641720786212,4.418744050024465,1.7559687023944117,74.17128473594519,80,7.285894080068508,1
116.28468554772323,20.99713050055883,57.89960694900489,928.5606480039376,5.423553396035471,1.4115388952099819,70.93821358663946,80,11.32723301670067,1
97.1561535039349,18.870732336235413,54.88059702045632,821.5907195303311,4.187975125446173,1.1853686804658627,75.98545794933715,85,10.605343589015122,1
115.9058207261785,20.948203609189854,50.34845530925794,1005.4963294725167,4.341872274443315,2.020697339283589,82.13434324980328,75,9.512457666404373,1
106.78931290059279,21.751649066852004,39.29313085387584,926.4148818126239,4.381545609620585,2.659514386291981,89.7845208774293,75,19.712694503239067,1
98.63004510557542,23.852314085536694,50.39753113278565,850.5990276982418,4.790297893704447,1.944577033427608,74.8513820115696,80,6.435772485538002,1
94.80603628173873,15.478322538848184,47.22039489850396,885.5207167237288,6.772436543295902,1.8554658453233819,79.50581256675845,70,13.579732238226358,1
96.59092122653921,18.32984630642851,58.72853398622883,882.6613645040305,3.623211175042843,1.9902528630016627,76.2546040074519,80,4.681744990685122,1
104.28316692375238,21.286283776642293,62.27429917354955,931.506776573149,6.295507582117459,2.871682044763508,79.91386908611828,85,5.983683428096138,1
100.77156496217717,22.31139078706168,62.508568536479515,962.5147562506487,5.737786756289917,2.300761690661253,70.34607319485168,70,0.4943902783595482,0
94.06188591931294,26.580348650865158,61.05562188902256,831.1075624816974,6.566978847369993,1.6265698993198443,87.4902166769495,75,16.65362223593267,1
98.34368589682367,22.867111913341603,53.9317941163801,1010.3252700547268,8.136686048322273,2.0112415615608414,80.12018039143153,90,10.977577342853854,1
100.7857702971915,19.82963421234117,50.82435547619283,996.3414064692506,6.431453020787855,2.1329747644619763,84.58582831993043,95,10.962285979020601,1
78.71265905585187,17.328692741172016,49.02317797066347,847.4805859445373,5.925666947907861,1.577464453368462,78.83898988315445,70,12.627128404506363,1
104.58168114788698,18.307130441842943,42.94000866718599,904.3681076617386,3.687503648374982,2.303654648937024,80.95314038063472,75,7.937520507512962,1
90.20278775283194,18.22189153112868,62.93482960406286,1002.6485126468589,3.813777738488957,1.6728764811422585,85.64436246323373,70,22.349089233191048,1
88.46667596794255,21.96570088554128,53.60231169656021,973.9751152006489,5.360190184365222,1.3956216930639715,80.65858411547113,80,0.8232301443389111,0
83.12655652889289,20.77099233675749,45.02927765103301,879.7954181971263,3.3019238520804355,2.030453421535911,80.83853162057727,70,15.483616600824673,1
82.0610750213211,16.029051287473465,48.388068994318125,948.8603888740724,5.615439251291219,1.9671376562038578,76.0302947868725,70,8.61470683838929,1
86.44552496887711,18.6922955927287,48.064212348539584,1079.8318975031484,2.8650781092389885,1.9995912391189221,77.3278821916045,70,10.468403130863575,1
92.9097904236951,22.63264266035426,55.34419588012101,906.3095989110727,6.152233385564616,1.6941421529348848,74.93592181079532,85,11.840091987299623,1
119.53259137526568,21.054987064922177,63.539742808565485,862.0411049135988,4.678299688066401,1.7499549528515834,76.30991205760168,95,19.673776781471915,1
94.74120324104796,21.705933848038313,52.21608360323533,910.345191125484,5.126596945470189,2.4513786641476445,86.25614555232083,85,1.4778182968480365,0
101.77750106268032,21.14876513017179,36.97973188173081,914.7931257298391,4.251627703579517,2.176434246000299,89.0430465500357,95,6.270477315751897,1
104.00481386506328,24.879292203826576,53.486557318728636,868.5277956599941,3.1014735897774277,1.617301569369086,73.76362557685304,80,7.795468028933694,1
101.3106518621585,20.70812919147311,53.75044879922243,926.497504068853,6.234695279194262,1.219721242231957,81.97585892518387,90,8.915712305351255,1
99.22556539274007,18.841931606387906,53.20063815251583,824.7359364163499,6.3357013949547145,1.6342334391551159,78.41154304899779,85,7.751125824708488,1
88.04706236400756,17.25273487659932,49.980310668194385,860.0679679794792,4.648512234796302,2.0629196288640763,86.98484283357881,90,3.3501746293568777,1
114.50927548279212,20.748828374629134,56.73951264580674,945.4946865692879,5.661929564734008,1.7472273126582234,80.6743010908896,85,5.0890575401298825,1
118.07196643637886,12.677887955674747,55.52912892119201,794.707748907465,4.609108579789596,1.7161399179292718,79.96262147629565,75,6.6168286350608705,1
83.17341305877314,19.447132994501864,54.801357486986824,954.1900555196866,5.2884898442662465,1.7643358244277347,76.27615343920132,75,1.7015379189350976,0
89.7597140911362,19.382480420235968,58.30113089154373,779.2811180576579,5.75913919892011,1.970916974905485,72.34109980453793,70,3.344428292197047,1
97.20189657622994,15.906587439148158,51.561337414817174,796.1205252674212,5.555084924573873,2.3138511651833396,83.80469241374743,90,6.883675095836186,1
90.35462205089809,17.215202484032012,51.107314642394776,870.0612754166468,6.340969613409345,1.9998323184217228,81.76489287375722,70,16.80698981965317,1
105.05965553455866,22.428972590444722,66.0409863166832,917.2118305691611,5.5188806757053355,2.0247748086070603,81.88722070260215,95,13.802925576208263,1
92.71727797593387,20.692135247224886,59.47484327772349,979.5158161876433,5.028084617038595,1.9100558544468718,77.00336448670701,70,10.004806409581448,1
121.65056067806603,20.30536500112198,61.6155684875424,903.4573657895758,4.238581032122578,1.8002572671381043,79.27115777244981,85,6.739814385353163,1
111.90548594343596,20.91904260179607,64.80883668267255,885.2067835454407,4.521494619676079,2.357696348527972,83.95535493056792,85,1.2289941993318574,0
102.12574030632214,20.27788276384677,59.2075534449984,934.7748748790882,5.810051396725016,2.2969608271376787,84.91056314865556,70,21.300804498079366,1
110.26986263319732,23.728587688574944,62.42710943308937,847.746070771924,3.4981734810858813,2.8181119670664203,74.10764192040735,95,21.991955873255424,1
111.05900424357309,20.370287545110948,42.36523870343792,908.3649095607843,6.105807303412797,2.2442257193557014,76.83325964749301,85,9.607929826478813,1
94.36052511941757,15.625360658543748,56.63323097596822,828.0332245226784,4.718856273985467,1.8006342712770147,73.05058288963929,95,23.10464958985338,1
91.83782755458036,24.89038989462323,53.53825230548538,904.9554310125247,4.18139409559211,1.638139476355924,81.00632206296683,75,8.008429417289108,1
100.78143062969647,21.111020801986538,68.42147272719848,892.2098204490358,3.9012758232185325,2.3811781042846465,84.42169156051614,75,12.562255414021518,1
108.61636124497944,18.232238807614795,62.4211642544264,851.743924713035,5.674367785648387,1.674005246275956,78.6064224147529,90,12.659530650274556,1
101.39060398653417,16.239794845114943,49.95643847365456,909.9024381922643,4.985358646196682,2.3238946746088285,76.68571684500142,75,2.2476224600018972,0
84.23003517809003,21.187742662874136,57.982353268233645,909.5129791895786,6.58876522322982,1.6960344024429543,78.32349073097355,95,17.55422028318574,1
91.97175556049157,19.648483985076872,56.34145066759392,970.5272407403481,3.736924349474079,2.139663353514912,91.53156657488243,70,30.759380821260617,1
99.26027136405622,24.722440358097227,58.63465146521783,803.6619958162328,4.421836376938137,1.576099514053455,85.95964049961773,80,7.449550624522168,1
99.2433439567417,18.962278157999517,46.84926024500278,895.4370655381774,4.907778841872586,2.3119541417328326,83.6549858636483,85,1.5823695721784627,0
119.72542176789808,17.4878576309526,57.880131721905805,854.3842560177912,4.248143256030066,1.5065313377963003,81.60033947791337,70,16.57191353987624,1
86.14012057601002,22.687388654707785,53.174789205694125,952.1857234905775,5.006118664141803,2.109182931802681,79.93629267690476,85,5.957302733053228,1
105.05589241835875,22.775845678150493,57.259598112444806,945.234723911528,5.319500766415519,1.9208640263091952,75.4668391795231,90,16.14795646719655,1
114.8911310832829,20.505954102830586,49.20491867902264,930.4727907041173,5.48448423912974,2.040722574890504,74.69154787845984,70,6.702211254942633,1
122.71449745422797,22.029071143024726,50.31949462882721,857.7700045158322,6.506167130884461,1.8416784663353465,77.16044661743395,70,10.229209453477068,1
95.95602576816039,19.886938637773287,64.39073616293362,953.1282349764057,3.69652757121842,1.8322960210516035,75.23110060098983,70,7.473000858556905,1
104.914294527202,20.70159530302774,46.58761953327871,808.1921442754001,5.3377603199353105,2.0619124816039087,76.96093518990077,90,14.48784978899915,1
105.69760357198646,23.494972647691768,47.17796479166361,795.8813577844337,4.353057180411834,1.5991446487640593,79.49052186940212,70,13.557888384860165,1
101.9548173155329,21.875955002064508,54.587349942275374,823.4477400058846,5.430013380023585,1.5967911753333293,79.8734920571852,85,6.031185815076231,1
99.01154798760695,19.492176685002125,48.824876998512366,897.9915113803856,5.431332186353047,1.8565802001446352,76.89809362307763,80,3.877382971152965,1
104.35975389500045,24.05708763777845,47.91977094189761,940.5098640592976,4.0130806167676685,1.841011944112397,82.47604777320103,70,17.82292539028719,1
74.67753914780315,12.905433881625463,55.84060776966636,721.4380515594286,4.098847657365912,1.5978414144782502,79.05496813925808,90,12.161146511935467,1
106.82069490062631,26.156219934265806,42.959473144770364,979.3645699127871,5.511643063469575,2.3696858771658658,81.0734931558909,90,9.918340937899,1
101.26177903661967,14.882122715327794,46.9363021206909,907.866731770706,5.023404510744131,1.866210632627358,76.27704807533213,70,8.96721153618876,1
97.77525103221734,18.118721525683114,71.43276466338915,805.9336591446134,4.780378159268396,1.9093351188015555,83.46436277255003,90,7.261819141611076,1
120.46862195719558,19.87724739441479,58.67580047175207,906.0568182173748,5.657986829774973,1.4689886696121814,77.32576949874208,75,3.1010259983227684,1
93.25065981209448,19.560557987815518,49.02749318184071,965.5515248807052,5.731718475862132,2.8286543418448478,88.04277118369328,95,7.323398754007078,1
95.9692401093497,23.019233120079665,58.34572062612958,935.9664609183756,4.470369887298297,2.970826958221965,78.87504322954416,90,12.361063078284266,1
119.91553302204734,16.8264901441693,59.53864381589304,965.944383753238,4.1479468623575,1.6878405686382607,79.52657969252738,80,0.591775384340778,0
91.67938695150143,20.78230045244919,62.955315360721904,818.0252022361733,3.738081023162358,2.4904345524676392,82.96794243171114,75,10.623923242281515,1
94.4988471706346,18.26536370534074,53.982751764346155,875.1596858916957,5.033454120201485,1.9632746465049637,84.05925096727493,85,1.106763567911842,0
98.5297457656915,20.88542293801225,62.81198162218311,844.518466168588,3.5768397228514353,2.6415078371252423,84.59796840095666,75,12.797291201275545,1
108.4073448212955,19.80568322060637,38.69242780094262,1003.0548123026591,5.099428458229034,2.1344932345601544,88.87794016506984,80,11.097425206337306,1
102.07802507353314,20.278806958048932,46.54953495619397,938.3617706091978,6.21683679142444,2.0399048675069595,83.30942761702016,95,12.305865666294565,1
87.07374652847737,18.350225502606964,56.31097121389165,1070.8205753374584,4.6465402297137155,1.0002921841525672,79.66506755577642,75,6.2200900743685565,1
94.67831436872811,18.469808149711753,57.637068262462336,871.9434279949663,4.463795719459837,1.6485576106293267,77.35177042299091,70,10.5025291757013,1
93.92645566787789,20.86181754208228,47.70574169865087,856.5195472990617,6.997844773627145,2.008208267829977,79.3308585840016,90,11.854601573331552,1
99.22778954776955,22.831146517268134,57.07535993010527,891.4304016842909,6.5097018191876455,2.0794665010815914,87.42008245214441,70,24.885832074492022,1
104.25843658629829,18.205161997406456,50.009278010501916,982.7014332853529,4.235402129444585,1.514066514425046,73.06516848488816,70,4.378812121268802,1
104.18205755887972,17.39369736628127,52.78432724618268,878.0328186374792,5.139013181058975,1.7084913885294883,75.90495941770453,70,8.435656311006474,1
82.23988245951598,21.84038049701551,63.19819040532009,907.4662558744167,5.328678242348083,2.221378806900328,78.90506628233219,75,5.206755043109581,1
110.63940987560856,19.902488320826933,62.271499975108796,905.8014421732091,5.203660422726178,1.4467157081066568,75.8384226522663,85,10.778326291451409,1
102.52568845996623,22.491494401957855,47.0235173810939,902.3698056721314,6.814673447712788,2.0534918894894156,77.95614007578926,95,17.940905183379723,1
113.84532047593906,17.282608359886556,46.541988303839176,860.8560923722513,5.087229892419421,2.495181412595622,89.03117269173255,90,1.0764747869638331,0
104.44198327290673,14.661683223729707,51.71061283557347,891.762535925378,5.2372348756310165,2.1541878516447284,78.50953480185021,75,4.6793797358002776,1
111.01322957735762,18.400987754520997,54.7860295906166,889.1938439189186,5.688662295146416,2.1341946972663908,82.05824282581472,95,13.622902288616087,1
104.66545311450128,17.70094217220495,49.73681209140207,899.546120419521,6.189919716047667,1.1919394203288944,71.70901575002132,70,2.441451071459032,0
113.46225756202749,19.7636347997591,63.325139542397345,956.6110090891625,5.936899194304106,1.6712348894328415,74.48781365340768,80,6.890232933240395,1
105.22250636017779,18.08946435718883,57.77911873366844,1005.6376820774695,5.538084786311639,2.8216807334364162,84.66341804811,80,5.829272560137504,1
99.02084753557097,22.223050854009347,58.24868087899543,849.5739142398176,3.4413001946060917,1.760335232981627,88.34014219272444,70,26.20020313246349,1
122.72434720446881,19.13554921273245,44.867689368440224,876.4803825127372,4.511862275941574,2.505790483818827,81.10705298644262,85,4.5799376630086766,1
108.89037122279892,20.451423496321702,64.33832573907024,850.4992860956288,5.819421207205271,1.7556636442574869,78.46991870305168,95,17.400085575735076,1
105.73744421004413,20.472903675322833,32.43864942207448,911.2260922333363,5.250398697279306,1.8888717993962147,82.48080815444405,90,8.35465760617328,1
87.23695583461664,20.584865277236563,61.67244361479495,867.6990325493414,5.826128633822952,2.2062347381414074,67.01282741890624,95,29.46018166430922,1
87.11692382536462,19.92761266863508,62.474493901366166,914.3878100245194,6.887166061671248,2.040277206397604,81.14560671759021,75,8.194142290120283,1
102.92715482141854,21.531802071230942,51.54079050177631,966.2176146266872,3.8230367949406756,2.152604980400432,74.76944699946249,85,12.03594470651472,1
101.45521197768241,17.613034598522578,65.18328173797939,748.4500988517235,6.137910174804584,1.672643898109205,83.9704649111202,80,4.963081138900254,1
93.85877434991684,24.19825377996165,54.49521957636523,929.5067933760414,4.669636537506369,1.5454919242124974,69.03850545909528,70,1.3735636298638911,0
101.4098269961206,19.290387849894394,55.49945362661954,872.3887770661273,5.935349819274732,1.6456513542437996,76.85812012045359,75,2.477493493938122,0
115.88626928043595,16.065352586303955,57.71623029923373,927.6253360790633,4.958779256631883,1.7870727434150533,79.79512080946003,85,6.1233872829882,1
106.95402474550299,20.56422007097532,80.49259929448844,846.211833734988,7.1270045388929955,1.9082874471770355,76.19104408522023,95,19.798900962926076,1
88.58991490247261,17.446458552657546,65.75547126466404,971.7756592984125,5.130086936261738,2.414910152255928,78.12257799905929,85,8.091084706989072,1
98.88491172857056,21.996003603526624,60.60904960570335,954.796837082417,4.3594857756440195,2.0349365824100194,84.52217175338254,85,0.5621508783734859,0
91.9503351914744,26.628816728127134,47.69756410719044,934.1011289125586,5.419874622791768,2.193838841003434,79.87751992741372,95,15.918400076406616,1
96.12300083591438,17.640283725326448,56.14871860383594,947.5935430686059,5.32394278071827,2.056640405032053,75.34709597517713,75,0.46279463356950146,0
95.86384334370358,20.997116999671956,48.495007249228905,855.2627719696695,6.138097094110448,1.5538262985884896,84.70200033003896,90,5.886666299956715,1
95.22354417395995,14.733483233886117,61.576886778262505,862.8225747186426,5.448052798604926,2.0069078104022595,81.25490434535581,95,14.468521741730726,1
87.44864628026605,21.361715688324043,56.12373580587885,945.1461720490488,7.475064639169303,2.0523128440766145,81.46243739792499,75,8.616583197233316,1
98.7234531848181,17.34285860060093,46.003826563088836,853.9362514338833,4.888595864597727,2.303969288536523,75.53744487385949,95,20.48690013277949,1
94.3939236315269,18.125496144696555,55.64899666734802,986.7381027994852,4.900380050219526,1.572564772142614,67.26196663668973,70,3.911476233300379,1
70.70551309997732,16.696140530480516,48.204660242269554,880.5845357231381,4.396113949946946,1.1838356539406558,75.46934383321813,75,0.6257917776241773,0
120.52972024501663,22.196453678164207,56.20972977070038,930.1136633916373,5.085668338354177,2.070505526068199,74.96065710982259,85,11.810991635502834,1
110.88769654216672,23.02191307241979,48.127381469077946,1025.9549711553054,5.231059121082954,2.141540000635352,76.93351521409639,90,14.518316428781791,1
96.23699275075003,20.07015564397552,55.2199010668865,857.6265987559154,5.281210529955877,1.9282460774731809,75.79072167003848,90,15.78808703329058,1
100.18819049740598,17.406719883992842,61.00375889548076,904.125705050687,5.067187675493999,2.0112083602907163,80.56349254523482,70,15.090703636049746,1
88.28345652682438,24.76856910831159,54.57558406459915,963.2509898782384,4.3901787832727015,2.351508951433122,84.40438735522851,70,20.577696221755012,1
116.95722877810866,17.74876961673603,51.87289386262089,957.0766433325919,4.118334871917645,1.8164777693889964,85.38080713676439,80,6.726008920955487,1
118.97288694773111,13.513903100217684,56.6262097684597,880.3310813856385,4.624826275164444,1.8885436631365684,84.18605929181814,80,5.2325741147726745,1
101.56693728246525,21.375167029871204,60.57746096634283,868.9961737486888,6.141537660235113,2.0316145778455326,75.51187512094148,80,5.610156098823147,1
110.23530644185345,16.685675979075448,46.142533840945916,886.0118440472969,6.356799685491479,1.512074128332263,80.2945039665992,75,7.059338622132259,1
101.75286778933923,22.965826380497525,57.08524923764162,986.8714659690818,4.923035463559565,1.9392411099808982,87.82582924085027,90,2.4157452879441466,1
86.6327456112407,18.856586909979743,65.5403265521392,883.2536486184032,4.058417033532575,1.9745026730663175,72.07632833513546,70,2.966183335907796,1
95.88176631036343,21.81113972163259,59.58925570621372,904.6869415490079,4.9188263896832085,2.65481688572811,86.74115022212565,80,8.426437777657068,1
101.31927966771957,24.204501039656474,55.46203317333782,874.3928117445945,7.091665435270079,1.8807537369486158,75.0194833180516,70,7.170690454359427,1
95.45452281256556,16.373423406137835,60.11790005359116,942.3329138877592,5.998967835316621,2.080004495977787,81.46882643792041,80,1.836033047400516,0
97.81346722564965,18.302188607322783,58.61997164882146,909.3315022550194,5.550742691532547,2.367447042155897,82.06392558484515,75,9.418567446460202,1
99.08600442490885,19.77298678202881,61.028808873278514,839.7939713545062,5.962684917052569,1.6650061098758286,80.94956518284735,95,14.789931386476473,1
99.19121502134539,24.61265395710303,38.808547112136445,841.8705531579003,6.540566611341313,2.5502961547504666,91.1423644710129,75,21.523152628017193,1
100.52258490497483,18.024851846178663,42.57235093069388,780.0836660066695,3.84713379845288,2.705548092822911,78.49584049764354,85,7.6519523557134805,1
89.39394933603398,18.21648891215298,63.0386331958659,850.1207154524631,4.607960131302877,1.9884414849405299,71.80256062538179,70,2.575086607688267,1
92.82983850872064,21.434421726667424,42.957766590708474,947.6367482179303,4.471278367163184,1.784229575416248,81.78223533763422,95,13.913436486700823,1
87.1541573430003,18.268313822868286,58.21230908575364,979.4256322807361,5.587114397070984,2.650847769756155,79.1498000763777,95,16.684420972233998,1
109.778155496862,20.45757764869285,52.18360275174167,941.1335017930311,5.160110890639597,2.3182523491072593,82.77400604109586,85,2.6188164222401658,1
78.94353058159676,15.34538773709562,47.03048603523202,933.2779320384409,5.756311290689408,2.0327876818655346,84.41047620936867,95,11.146867148032982,1
111.53590343316925,26.64298982766979,57.79719805717979,892.408437028281,4.493112650132777,2.570737527846281,79.83155164147769,75,6.442068855303584,1
113.86349397262843,15.95687230907179,56.608268029732564,946.4948732948392,6.371952050679157,2.5283968754197277,82.18155215321148,95,13.493102996619491,1
96.97819413017379,19.034741888029377,71.88274121677102,917.176693384913,4.930666291850698,1.865497218416711,80.72118966118515,75,7.6282528815802,1
73.96862912172702,19.902556892473715,50.00151036371289,1008.2669383192275,5.694545551958183,2.09949194131966,88.95943722037356,95,6.358487136448885,1
96.38689438032709,25.738064403070386,66.52088096055338,894.0932811493951,6.19540649892294,2.2307169951703827,78.14719123566168,95,17.739798699303496,1
99.35815838711181,16.02546265720178,57.81938331507452,980.5804850241678,6.115124315494969,2.0114920119551405,76.56464900995068,70,9.378070014215265,1
89.89401780071087,25.951112406436252,49.7118249476583,952.4468449090716,5.3608284084017965,1.4436517636382877,84.40365451555614,85,0.7015829228751279,0
94.84781606191757,22.271530463306068,61.393971660137964,944.1265971722495,5.819346906382545,1.6246961985207014,75.35410092328642,95,20.67989376496166,1
115.30195198863352,21.251285973269738,59.52590803563161,779.3105204722908,6.7416606639722865,1.456694885815909,81.96078902791272,95,13.72548523377608,1
106.64927162301741,17.046098938946134,55.28674635886439,955.7513736928627,5.513601233974696,2.1971697212096015,79.15205423165423,85,6.879936198053843,1
90.754358856219,21.713423726114222,57.130362851524986,892.3495212654508,4.27035359793842,1.5262590731505024,79.49339657729034,85,6.478356967893717,1
84.02400830404568,17.8295401327406,50.224103751635745,873.3644103339066,5.583050730963885,2.0769672283269722,92.18652312005085,70,31.69503302864407,1
96.72982682390229,23.799983759595236,48.39370299796394,811.0252175293252,4.96271878198041,2.732761530510063,86.17043372461117,70,23.10061960658739,1
97.86543220649563,17.0868139126768,61.075537390580664,899.664771961909,2.6519988655956563,2.5711080739648584,85.10789766659715,70,21.582710952281648,1
104.96199187363317,19.66052451663175,53.20848460549381,902.0130958090946,5.461998023703092,1.2650333412264085,82.65285320238486,90,8.1634964417946,1
94.64683287432341,18.334180735960487,54.35933601400726,821.8198846911117,5.1166506500156075,1.4885194116915974,76.54242939279912,95,19.4290216917904,1
105.11499575361862,17.037431112719016,57.23857276755422,811.6031896263785,6.156417771497439,1.6893934303280567,81.30740843368861,75,8.40987791158481,1
119.35154040060229,22.223959450723743,57.12230675827047,929.1971688076867,4.249906342511694,1.5323905243122529,82.91662150414335,90,7.870420550951833,1
108.15501022444262,21.6063762422289,43.56538823220748,952.3023078636826,3.4942903376206926,1.3384742490713066,80.99492715069684,90,10.005636499225735,1
99.51911492669227,23.62703059670299,65.29001669163887,911.4169745953453,5.168680859410509,1.9956638641099038,80.47375163671981,75,7.298335515626415,1
98.16849528946706,14.660374675375497,55.96945721520542,969.0500789810618,5.380177387605446,2.2820402197666256,78.01275350605297,95,17.881312098891605,1
96.43326865820129,23.19251210702313,53.3787738974228,894.8169009389101,5.093832945385569,2.381613615489155,81.36729324840641,80,1.7091165605080152,0
111.80640912452145,27.516346716070682,58.44676804135797,896.7389235359879,5.020708683685403,1.8102095317024762,77.37214324273236,80,3.2848209465845457,1
93.72686554048697,18.64507673246916,56.8923375489189,844.9783182755525,3.9312730457936738,1.8912385198737633,83.5171158978363,80,4.396394872295382,1
100.45222708999982,25.68544583632691,61.136501515917615,806.3854813467769,4.861082863025077,2.1422708980499023,69.92114399421182,70,0.11265143684026059,0
100.51197901881085,19.21051618382052,59.303869377207526,1011.2797280315751,4.651594170495585,1.9566057752643404,86.79371783224971,70,23.99102547464245,1
94.98215807188468,15.88277078731608,60.742769831970136,967.8779430149848,6.07270874076744,2.324242710438321,73.44167049066056,85,13.598034716869932,1
86.27534452115898,19.083102672779614,65.80795124582014,816.4492459716913,5.379325364030614,2.1721459451338054,74.66372487965222,85,12.160323670997386,1
103.22974503617668,23.144611903025826,62.068996391767776,909.3451144698769,4.722002878254805,1.8494782305943884,82.04427092810839,90,8.839698968768456,1
99.38996028144616,17.485470553005406,53.716110237371495,893.99722133378,6.7238848764227654,1.2573454753386226,82.6997091517733,85,2.706224527325523,1
105.0024046943657,18.19898402298054,46.01679075138534,883.5604516102173,4.73109232378499,2.599612642192797,90.39138988202184,70,29.130556974316917,1
94.66399693560832,21.780618296879574,68.34238346403612,875.4589291311037,5.557786723886164,1.7255670842222715,81.48142264654562,90,9.46508594828264,1
112.20821298813048,20.00918035021572,53.0982130132231,922.8761488180787,4.833078666410717,2.143023458292104,79.79772617003583,85,6.120322152899024,1
91.23226218788155,21.753868857460223,51.21514069311582,949.0905315282885,6.631152515028004,1.233363332512361,80.95649689271411,85,4.757062479159866,1
117.12040284017893,20.71348862227501,41.106185457884486,924.1434701416923,5.086859775813611,1.995473366645678,87.95243880643889,80,9.940548508048614,1
82.52363490171739,21.43887595865472,57.70778484249689,892.7688975372483,5.116414227890673,2.0401047843448796,92.1219999533219,70,31.602857076174146,1
104.3477006455689,18.703096442571375,56.19109283163016,890.5663969865328,4.860129641227286,2.059440829019065,79.07599850545508,90,12.13777943838325,1
104.75430682526624,20.695192826091176,42.87908051000416,956.20885901536,5.1965119260012145,3.205517313087199,82.71386208086057,75,10.28514944114742,1
92.04442932059118,17.2178809829122,58.626192337065405,927.8066962869638,6.19953783864791,1.7475526504826269,79.62805407752236,95,16.180995707871197,1
104.24393937861012,23.865300867510165,51.01446463438849,904.361367782126,5.845843844684688,2.3282656907826773,79.52866829373068,85,6.436860830905087,1
112.7951866976016,18.09717584954806,76.52252005830955,897.8459221439936,5.028076181116171,2.2092929808837507,89.39525311932384,70,27.707504456176913,1
77.83181160645935,23.38654246264817,50.44511046327305,920.7162305767373,6.701325106456654,1.7285444029329655,75.37134138068255,90,16.254065132574944,1
105.02744807490815,19.299179117051406,51.51845334241766,871.8990786864331,5.872985641342569,2.322267761272372,68.32859395558336,95,28.075164257280676,1
75.06729179669922,20.605997032271965,48.00179020596506,949.2923290384927,4.561818880802651,1.934271625227679,81.58722179523276,70,16.553173993189663,1
90.34335196476792,18.515106347327897,65.22301216833577,835.448486289728,3.619651646266062,2.3500972870306875,86.00503264381037,70,22.864332348300522,1
116.29166364900945,16.95201370649591,52.01779364428197,875.312609414011,4.5849861982034295,2.784385049368686,81.09948313125516,90,9.889463187494272,1
94.18217966607946,14.765718837184096,49.20068676987603,936.6663657267615,5.413348778550253,2.06031955625364,82.51101775604006,80,3.138772195050077,1
88.26120035591028,16.83402752422262,60.65564007936434,832.0270311987437,5.597200370631427,1.8875499083726195,83.76196690563447,95,11.829508520384772,1
98.02062271015318,19.028273440352237,43.95717651669452,805.61948744103,6.359137683302019,2.420622473524165,80.55455536704802,80,0.6931942088100307,0
120.67906338163552,20.63563753648665,60.00088436999158,903.7846605257544,3.905454024881,2.5586612663737367,82.78153811724162,85,2.609955156186325,1
81.68317752793973,23.031137939849792,69.25119773280686,798.2125107332117,4.56084466605319,1.6466969842431802,82.6980594932683,80,3.372574366585379,1
89.48690088360655,18.662727620609452,59.532862662680714,822.0717867568883,3.822357330125487,1.81881716418477,70.20697701380256,85,17.403556454349932,1
114.97431683179626,17.354117707198476,60.1031865300794,945.3956471103859,3.6612007884205546,2.270169308736505,80.56933446864896,85,5.2125476839423985,1
118.57702343537733,15.671855641991863,61.960481735259876,887.7128845436558,4.372181254046682,1.9471871958341123,72.13608583520251,90,19.84879351644166,1
98.96568775709716,21.440190853712313,68.67766422940414,977.1292169825391,5.366612244294021,1.6182671948052851,79.80914247446289,70,14.013060677804127,1
87.60947297473358,24.14958354598803,64.67915168015283,827.7111395437527,5.771394434890316,2.216277931158158,77.52359525580283,75,3.3647936744037756,1
120.95843501809159,23.798990803868865,58.51735777818419,894.362858062063,4.051645893378325,2.268595886282709,85.17005627183914,75,13.56007502911886,1
115.94442391749197,22.129798244441712,62.23113120508801,923.9750731924655,4.19072408061276,1.8662456976412098,81.22206379605,80,1.5275797450624928,0
106.78946987762232,21.915629951802796,47.912520596279116,829.7691041922654,3.220176824676566,2.024539506132495,82.36596423044115,90,8.4822619661765,1
91.8759765106258,25.092871339128024,61.21034872597858,961.9057142699775,5.2143522082769955,1.7693707724215524,79.04274641018874,75,5.3903285469183215,1
99.50970659161963,20.99624438425043,46.95555223053002,930.6407329899623,4.267861098029262,1.5619050296352108,85.26090631303181,70,21.801294732902587,1
98.3963991895517,21.938389028072514,52.06382065094699,803.4427747987539,6.663031378211848,1.8011741573487254,72.01337329738634,85,15.278384356016073,1
103.30851304615578,19.037648414444003,30.3395025988541,897.735492227484,5.4098087996495945,2.029572940070363,75.5224877393933,85,11.150014424243178,1
114.51001438131335,15.913869887435727,58.2114372749397,923.157404175518,4.8285542565432245,1.4099643114122813,86.43153560804402,90,3.9649604355066494,1
108.79417041137403,17.94845329850127,49.84902391113318,864.5965995883165,4.358887572455547,1.8303948274991364,77.82175750433908,80,2.722803119576156,1
89.22623923015242,19.972522884396035,63.8891617216357,811.2081056694711,3.5053297798057708,2.0351320522370955,69.27083997414557,70,1.0416571797920378,0
113.76496450019538,20.182356117503907,58.12154088484322,916.7075273668446,3.6321282230545693,2.477863964049947,87.26320638306943,80,9.079007978836788,1
103.13132140013155,25.77885756456618,63.992767157613,1032.6745770169537,4.377859045427865,1.8749630580797876,85.384680356799,80,6.730850445998744,1
106.87065795858916,20.243831502773205,46.3312276426197,876.7809540505385,4.301097117975695,1.5016390599563112,83.55484703305366,90,7.161281074384821,1
114.66540859278602,23.536530332076932,63.30708829727706,994.1544708770825,4.000828157154006,1.9161359949209085,80.47203003475852,85,5.327023488519391,1
88.88419750486449,18.694768275271052,71.84685075490661,854.8626706943119,5.377094727442344,1.7733722783639638,88.30373509079348,80,10.379668863491851,1
99.64174421293536,19.064972342704298,61.113266399455156,912.9327381005971,5.514265592414859,2.2208714220229453,86.29309214531251,80,7.866365181640641,1
94.68545448640785,16.012977088329656,61.32279206953831,946.2913518525671,4.541367602698272,1.8648378694551082,87.73928034396005,70,25.34182906280007,1
84.32140574634545,17.773015961370284,56.35678141115948,899.4951800417181,6.935152268265317,0.9157733513682916,83.47750240223615,95,12.128944839751416,1
103.4670997760492,21.580944174091258,50.802649755477084,882.1358610671261,3.2532706334839077,3.4766498004791218,80.6139792562554,85,5.160024404405406,1
125.11556551584424,20.0226805411824,61.089538981612066,943.5676512810224,5.058163898972263,2.056945316636372,78.00417564492601,80,2.4947804438424903,0
81.59922255494247,22.8288158596917,42.95133671678345,1013.4873069161532,4.7814197959120746,2.0356766041234318,73.65538078767064,95,22.468020223504592,1
99.67719388950529,20.54376184503515,51.65795900063347,918.0352154783478,4.4492991180327435,1.3834360112011872,82.51022807733172,75,10.01363743644229,1
106.40542935074774,18.942638805086773,40.83154558130254,869.0363894081792,4.30233715398694,1.4141722936153551,82.92678667397801,95,12.70864560633893,1
101.23078201656182,26.444890591360874,49.37074898147934,888.614906564419,4.9930401170876415,1.963220416930787,78.25109334046338,75,4.3347911206178456,1
98.86871947484259,19.71828929386086,60.13636073514849,1051.1824587387225,4.774472172678271,2.134468532924656,83.06840514058317,85,2.2724645404903923,1
87.00783636554176,23.48900290911591,59.04314700976371,908.0944269802877,4.60812347288744,2.280845655670701,78.33911084200429,85,7.836340185877308,1
102.32786742940164,18.796372380365966,55.407309564283786,864.3351780853217,3.7012803650106254,2.094975062927304,84.3371384567348,90,6.292068381405771,1
92.43236022984074,22.1287984381507,56.36320795249609,831.2959250110476,3.381888182189501,1.5256231187327463,75.58946353428641,95,20.43214364811957,1
78.10078295021447,22.78404697745506,39.913083057086325,790.4459343532436,4.711483524804435,0.9982133563679804,74.72444232495648,80,6.594447093804394,1
111.94592220513731,20.625475911726742,52.01950175543268,921.8150564307714,4.59790389550347,1.959911060248718,78.79710636390676,75,5.062808485209018,1
109.58385819842043,12.936551231910194,49.54918714851832,939.2785195694702,4.802963139723173,1.7864101317563488,84.14392697751143,95,11.427445286830077,1
100.5166097685108,20.05475738256834,49.727522475883674,876.1982292020876,4.8913782021104915,1.494971310355086,74.20607267670488,75,1.0585697643934964,0
102.29074688205702,23.691380143279925,59.796629022510025,899.1017749181427,4.477497658117182,2.3312232896422502,85.24843509504598,85,0.29227658240703186,0
110.74318012715563,21.582442499083193,48.11594138795751,829.7722974426825,4.787592576181795,1.3697693003280047,71.78705932807394,85,15.5446360846189,1
102.24339656778082,21.33751662568774,50.16255319898071,907.97570788965,4.146471691896505,2.2467875357826332,78.76627062202854,70,12.52324374575506,1
109.04017554761315,14.833229198127443,38.30344603432387,928.8897192340274,6.523945809163283,1.4359448099930074,72.93461936448679,70,4.192313377838275,1
97.0251779912615,17.838634787974822,52.64701455699064,867.8901439699417,4.200259851850031,2.0536354742333325,66.95050317908384,85,21.234702142254307,1
113.11983738573946,21.234072893454318,46.29729961829104,1001.4271601751503,4.629019290534659,2.3735897288074486,81.83225902387628,70,16.903227176966105,1
103.20785725932684,21.231149830360675,55.63362342951715,849.7736203951853,4.276211210886119,1.8648266737590904,79.11094445684442,85,6.9283006390065625,1
101.94051943605874,23.64400034039871,47.39113562606028,917.0085962411389,4.259418459795097,2.6759679338027285,73.01450533584756,95,23.14262596226573,1
87.29938911287968,19.565399734561716,55.83633796439373,950.8990331822763,5.024641566637946,2.7671545302374017,77.4169307100761,85,8.921257988145763,1
102.86955854301709,21.21747226002144,53.84251391406126,895.362629991037,4.8977657901169875,2.0948700000078624,82.20912613464657,90,8.656526517059369,1
91.68045082505549,20.049122725793882,68.37633418433856,888.6913908663305,4.54053960962479,2.216554148236109,78.15925166505416,70,11.656073807220224,1
93.61717273471506,17.03917179049533,58.97774384362555,814.2680309730202,4.716524008445688,2.424283546526608,79.006594422158,80,1.2417569723024968,0
91.84624371683879,13.232626006715758,40.282897019501576,981.440489742977,4.280186449006729,2.2177705489941957,78.00771714838474,80,2.490353564519072,1
89.33765068100774,21.29302907639023,44.88088924717833,889.8064078999442,5.401725637726161,2.1748972870394176,77.0884893428502,95,18.854221744368218,1
121.24771403016962,20.521841625238434,55.44166407193867,932.2419254960895,7.055192742590714,1.7903722388895649,77.02331362628462,90,14.418540415239312,1
113.31339061988403,18.14547487369949,47.5612164128588,940.3632292716085,4.125158722766781,1.3250575299289151,76.87651316852133,80,3.9043585393483404,1
119.2036750214426,15.142480830452406,31.253052558113183,862.3020904789348,5.3939632237346045,1.4439618347002092,76.23428561963463,80,4.7071429754567085,1
87.77104980444436,21.889218543226214,65.79637051066995,888.1482837425272,5.0449489570207104,2.9529469435046076,74.91352701154598,95,21.14365577732002,1
100.71253749910892,19.202239777413343,60.76179213524326,980.0689410446103,5.66862975813259,2.1289835831220003,78.10143841141085,95,17.787959566935942,1
87.06492374795904,21.670624167104435,59.16781498793417,832.9681400555733,5.696792960496071,1.9017266074434673,76.80036073835991,90,14.666265846266763,1
93.04305122802936,25.592145591235276,50.14141563623268,1027.6750844854355,5.2054126972186605,2.5053309036471636,74.64150684742154,75,0.47799087010461483,1
90.81873016583425,13.575707359040885,58.42141416807944,855.3076328834236,4.960179423884901,1.7002168108552682,83.83007327678476,90,6.855474136905823,1
112.39584006441561,17.901197573892908,49.36511740623295,829.2289526015693,4.565549800351554,2.2332433069652753,86.16317985958358,90,4.263133489351579,1
96.0377032189824,19.37187316006426,56.63885840174153,907.9385412413121,4.235039646891365,2.0308768134240154,79.999486126983,70,14.284980181404286,1
110.68379333694017,24.364478522439953,47.63533419330818,1032.5008958603921,4.903154339048215,2.184011000441441,80.3323649396542,80,0.41545617456774764,1
106.04120889588518,15.090790942380545,67.13030760444812,785.3420438644677,3.7154111685823197,1.8654360522824573,76.53718017065201,80,4.328524786684991,1
123.03638752104789,25.807583077041812,42.438106767345246,891.5390568906184,4.4061440098825315,1.614122277083848,85.33515678395499,75,13.780209045273315,1
85.20555776860276,20.40756770469887,64.85827063608664,928.5759010353934,6.106853624472569,1.6708515707441431,88.6909055753817,90,1.4545493606869937,0
112.59233239786799,19.711998014798425,55.311326624138644,902.0189975121319,5.098512221079691,1.6864463190958812,79.1810308548717,85,6.845846053092125,1
111.46440870400727,19.40582071034328,51.08426403726408,922.9153002001806,5.892664418935549,1.9988118750711377,77.39276735803739,75,3.1903564773831854,1
90.26621161972966,18.691210903459915,56.33602337356591,856.9180150696635,6.4696438866584245,1.3775459278104227,81.70737632977422,75,8.94316843969896,1
110.0713333647316,23.144350277807465,60.86678405742545,864.0166892441172,4.822970544085183,1.5010285539911628,80.64465522019195,80,0.8058190252399378,0
103.36144963026229,16.794437737752684,65.93397389355518,891.094641170448,5.207325834193641,2.054209719011681,77.49922262271355,80,3.1259717216080674,1
97.72523740046593,21.03624254493156,57.50514418506826,832.2067147258349,4.6981541058472445,1.948929982234434,82.35597916516176,80,2.944973956452195,1
91.76064513028,18.847455002879073,47.87443131790178,897.3188159135887,4.1873942395243935,2.0760926137026794,84.69078803694948,80,5.863485046186856,1
92.80890548550813,17.713599654457706,55.44504099012631,876.6752823797099,4.047031740667595,1.9819825862667564,76.0709079933761,75,1.4278773245014613,0
120.49812095785926,27.757925527051686,69.53434589329898,871.7972888907079,5.843150372596491,3.0075800827552857,92.71016989857802,95,2.4103474751810356,1
100.00682818957483,21.25715220426038,65.781424684101,919.2303847559183,5.208627280485648,2.0506953735963496,72.33528921451087,90,19.62745642832126,1
107.82130001531459,21.839796633983433,62.27010782499487,790.7604304080418,6.846603072081053,1.8483681402050898,75.7415463682955,95,20.272056454425787,1
92.09100618332447,23.413330342005988,61.36549616097909,886.2545937970108,5.972052012923891,2.040452714144604,81.16984015151182,95,14.55806299840861,1
92.2014705377836,15.735950164044358,60.59560072485233,1039.0412259368916,4.268787010463632,2.407982017004132,91.23436559188275,80,14.042956989853437,1
110.81984809249943,25.256875727366094,64.27003867607895,834.8334188204625,5.840342180226771,1.980148644249014,77.18704654159687,70,10.267209345138387,1
86.50423788448468,12.473128464514772,51.346969714224755,977.1300297890648,4.694924460897744,2.2738913434544985,74.67126843702206,75,0.4383087506372476,0
95.84786232094729,17.693700769884437,44.15931147379995,903.279367254762,6.216859709129001,2.1584183857608865,82.74620739214373,85,2.651520715125023,1
100.34027411072232,18.6229049804633,55.55202800589649,863.8225314671149,4.513666122756979,1.8838337692629423,78.75702796140965,85,7.344672986576885,1
101.11372601840053,21.74517009491152,48.45934730577847,820.7615004282115,3.9475740397573276,2.044350319552781,83.32627847477215,90,7.415246139142052,1
98.20906714983843,20.656154798424463,46.55983395698252,908.380917917114,4.2042449229385905,2.6395688456768305,79.6460972504979,75,6.194796333997203,1
103.95819781095923,19.49955577790482,49.23777138729655,987.2038263488806,4.255335097585086,2.0972313180151856,75.71416728935021,75,0.9522230524669529,1
106.92855755817811,19.964007966116828,74.88251139626949,876.6473312881942,4.159748235381336,1.6055915903315718,91.74437985207115,75,22.32583980276153,1
107.3463754545933,17.065930929432295,56.08899707260675,895.1423145157936,4.4273917243948935,1.87219582914685,65.2280470045964,95,31.33889788989852,1
90.14196191332174,15.50830281654748,57.895262690887904,960.62225101142,5.856691870325237,1.154301100106878,89.10119375174885,70,27.287419645355506,1
97.15844902071203,22.17953486700818,45.22109754396597,920.4522474807768,6.796044208266184,2.054959482701152,84.66630952116964,70,20.951870744528055,1
111.94762861876937,22.081118337608554,40.24997632965896,805.6634532165253,3.6698104844464963,2.5248249375131255,76.27205354236392,95,19.713627850143244,1
108.94647187573872,24.753483125471178,48.44757885504956,905.933232951311,6.263513042833149,1.4634376927464583,89.36210052416882,80,11.70262565521103,1
86.27140548518936,17.629948709554377,66.50556468166998,990.7340946399358,4.522296284025571,2.0598930938032196,73.1429040037787,95,23.007469469706635,1
103.51479900352201,22.078445630902767,57.67420372861217,897.7835288119501,5.347882531202234,2.3941727223477147,85.04055481003762,85,0.04771154122072871,0
80.2177475062519,19.148879814905804,59.788760731555136,735.5106342313574,3.3458539694267024,2.436455453278594,69.58677443476445,95,26.750763752879525,1
100.4693490206037,23.571424955580447,60.90852831361649,923.2928994954643,5.524035017344856,2.5119204689103323,74.27060903514813,70,6.100870050211609,1
118.97767016745976,23.065888330034426,50.26920496161378,888.0926136273579,2.9946876031839373,1.2526984674617985,74.25819087176062,85,12.637422503811038,1
90.52107282731014,20.63362819767337,66.10372467178694,790.254335164727,5.313935072310166,2.201972381844724,76.246716697856,95,19.740298212783156,1
91.65676954508417,18.98140953000204,49.93753920622254,799.2475145967729,5.257256047029337,1.3977739259621578,80.05790557689329,75,6.743874102524387,1
107.6402978157286,22.882796535824784,66.24985887410043,958.5064285973285,5.191007634295468,1.6006671453710115,75.87011817945921,70,8.38588311351316,1
84.57198484790354,21.940713569769695,58.53841724908273,856.0570352642952,4.265089849367071,2.3284489038434026,69.81794524151105,85,17.861240892339936,1
93.6724497011496,17.94667879374145,40.68763876602942,845.5502171558405,5.549526674429644,2.0632188487406466,82.3172538435034,70,17.596076919290564,1
105.96441137581752,16.016603979561708,49.01592410719572,897.8616863440999,5.3910815094167175,2.2905344296957497,80.2447546146374,75,6.993006152849867,1
93.65714152310596,19.13440129795461,40.72049173702317,861.3478201008037,4.7900472163588805,1.6283533580793206,82.0446367044909,75,9.392848939321198,1
97.64030012789028,24.546241446044625,64.30625706235367,906.0029176666646,5.671850307175194,2.5894412440651506,80.85958954632989,75,7.812786061773182,1
107.44185710315034,23.439461476199114,54.802116633580795,887.8367982337998,4.904395853434495,2.2753335735364204,84.77117640992583,80,5.963970512407286,1
104.21546083536562,16.663017590988257,37.17326048040176,828.0002651943814,5.5287771589087615,2.3557192477173836,79.62258823419448,95,16.186749227163705,1
102.66818396295402,16.496727752300238,58.00597505375727,869.3281320863169,4.87412067260591,1.5679332895539455,85.06260317405155,85,0.0736507930018186,0
96.60877720729961,23.824051549038458,50.70268590089344,926.5651992785463,5.216701991109541,2.4685604960850474,76.12151675949386,80,4.848104050632678,1
103.70061115268956,16.593092285726513,43.12955315973342,902.5150824143175,5.574722941075263,1.8735353693438388,76.40664810330574,90,15.103724329660286,1
98.76267319900244,21.527885970926025,68.42372669574958,895.0834510564902,4.602087426381965,1.7555094919418437,86.88019697699096,90,3.466447803343379,1
104.57805609925785,18.151786353991028,55.85828692877263,1016.243054470763,3.7661634137458044,2.250185416018265,86.77834329113645,70,23.969061844480642,1
95.03067974882022,24.851134773565047,52.6525487814935,943.8622515231322,5.276079005548155,2.233284709915176,82.86871071390416,70,18.38387244843452,1
98.17431025620459,17.688725602586363,51.804601752111864,951.1464758892805,6.18939137861293,1.661272460897065,75.55446043570096,70,7.934943479572801,1
90.10042207447987,23.430084590617483,42.893764246737824,890.0418955323045,5.299150972957446,2.822520404077008,75.15183782352122,80,6.060202720598475,1
99.64992389993765,20.554575962181094,44.56360880332713,913.2087114210765,5.318142314696373,2.72574023055591,86.64031981180635,95,8.799663355993316,1
91.88999136371156,20.75658456270286,65.27933427900066,874.1340006284585,4.95782389350336,2.2420140563247077,86.3633246378908,75,15.15109951718773,1
88.85953549838007,14.089074255945796,51.20893704171425,946.6529859314477,5.739118652773201,2.172161369092675,79.68210321164938,70,13.831576016641966,1
102.58661147855388,13.391259940382845,55.17654160749491,893.3760057540574,4.814064583862063,2.1319144905041183,91.70942463484927,70,31.013463764070387,1
102.1273977585766,19.33830217919806,38.6453561903914,913.3426649358333,4.5461012188731384,1.3800013495925314,82.29450035973069,95,13.374210147651905,1
107.82873734948572,20.740718190249837,44.45526371363596,909.6366781293101,6.105298252874865,2.045122955168585,74.4640031298444,90,17.262218744617332,1
95.68874430424901,16.62440651678683,59.87850015899802,898.9099871156727,4.469461681707318,2.039816632758299,78.62184450166055,75,4.829126002214063,1
104.08052846836756,16.733919768570974,58.02169408091067,1076.2912840293461,5.889470946451749,1.7695953255046475,80.02735289002688,80,0.03419111253359475,1
105.50797572273663,21.6844178894784,69.02700158979452,860.0028433503167,6.105935461957709,1.8762603311993662,80.43199318374556,95,15.334744017109935,1
104.44773807831595,21.688563441371393,65.74365065304981,859.4573081904784,5.566816932062061,1.047483042113811,86.25001608925854,75,15.000021452344717,1
91.74346317197858,19.58677681883622,53.15431222012141,941.6458048087054,3.7507644804273674,1.5610908279500035,75.2185554366782,90,16.423827292579777,1
101.49363482271188,22.340605163558227,58.78362851770617,864.2898600554893,5.027154909222498,2.368730516602916,73.34243850443892,80,8.321951869451354,1
103.64140296054661,16.47739311283956,52.46717245677541,882.5156183190664,4.798000002941382,2.6924787606557445,83.01161841502548,85,2.3392724529111986,0
100.07178466907942,18.932195248739088,71.43847854910919,834.8153427986629,4.504000744664687,1.6226477258816916,77.46507745537073,70,10.664396364815332,1
79.13522341628915,24.94363281735102,64.19211756841919,929.4934751641553,5.142751587346427,2.0731394619903756,92.11753061733413,80,15.146913271667655,1
101.6048962397348,20.204966389819454,56.35748072686201,930.2554346690491,5.769206347497548,2.439352931758927,84.71610190737816,90,5.870997880690933,1
122.12531039397243,20.378937543761,56.60315827901081,881.0884764045933,4.541447339868801,1.7919139896420984,77.3730177382988,75,3.164023651065065,1
96.39960731243018,26.91783975790322,66.55880229807846,942.8890013088044,4.828617325726325,2.270499270893846,86.06426869392104,80,7.5803358674012955,1
92.7192290214468,15.801973502453688,59.63662277691078,788.5124991759845,4.7589410661680125,1.9864841217679359,83.65205397541503,90,7.053273360649967,1
103.73348559711398,22.389291099926332,67.46902413656069,857.5887959091394,6.163871045544312,2.4761607953701397,83.16848573731639,95,12.454225539666961,1
103.12378210466572,24.9919588394243,37.45081658992901,889.8012488273441,4.742899382189414,1.4870197041325506,79.38878034205754,80,0.7640245724280703,0
111.92735165416414,19.02542622050436,58.68982609199038,829.6630501858228,3.7655943422382547,1.5581693484929386,82.10225425819233,70,17.28893465456047,1
87.42131844091112,22.578892360564538,50.87652108254892,795.0772177548766,3.426565161009486,2.1118156675771242,69.48521049703668,95,26.857673161014027,1
107.31380252574992,17.053941508367284,69.05102390102394,881.5262420976932,5.36272956656597,2.038482439960175,86.58544702111026,75,15.447262694813674,1
105.90422061251464,17.939802813297945,67.37118949751863,941.6412052236445,4.239318260114098,1.9774704414026678,62.81968805165989,95,33.87401257720012,1
98.57853463059455,21.154899248142904,55.26268647281045,976.9265034855907,5.668724505272478,2.230333664081793,77.78938452987042,75,3.7191793731605567,1
103.38687317921689,22.39570001933177,67.28504783048825,867.1627270076776,3.668780011492869,1.6277401741769055,72.02144723402984,80,9.973190957462705,1
110.29457481598357,23.362809537218737,69.26491615994004,943.9929502572957,4.461087833389392,1.4522257553514286,77.49574429384238,95,18.42553232227118,1
108.7231538002845,24.70888576081848,55.59525337540918,938.19252228454,3.6694311504798516,1.7999567567885097,79.62941363793948,90,11.522873735622802,1
88.56980687926271,19.797660324334455,74.77547017945486,973.1164904600698,5.434610715548923,1.8446885765207606,74.01603233041894,70,5.737189043455626,1
108.20158186755485,23.580835265517763,54.74927077864222,878.9885381787599,5.64884754062465,1.8865011275768355,66.12761378680379,70,5.531980304566011,1
99.35311394967482,18.973085469652553,53.28383239731273,792.0899702889195,5.3386251576366,2.5076182845415507,81.03532862070529,80,1.2941607758816076,0
100.72874098015515,22.706273934764802,61.92698070867475,904.2111511453646,3.914063679596157,2.3081668987196835,90.43219891013948,85,6.390822247222913,1
100.73196991001694,20.622466393556547,52.16967415086149,839.1723755418166,4.254236255889333,2.2132959476621714,78.24359916574997,95,17.63831666763161,1
98.4975701120174,21.33703372124577,55.68271820635915,856.5896934562795,5.234313988611554,2.0887998378517243,84.796654781129,80,5.995818476411259,1
111.91707497107065,21.27052362206611,66.27547539240727,881.926851356809,3.312258591875636,1.826324617713778,87.52192418778444,95,7.871658749700594,1
99.16282040150789,15.185884970606564,55.153750817738164,879.6643421190514,4.758865055612097,1.658421937286622,70.499810377271,70,0.7140148246728627,0
88.80453871616831,16.627634423417682,41.43985765619754,908.4935560137477,6.516905353335881,1.5211370317231916,77.71362424260839,95,18.196185007780645,1
96.06470144030271,20.307624319452568,57.93855510279357,942.1893789851771,4.820044450819625,1.7221972598117299,73.618071941556,75,1.842570744592005,0
101.78694716810476,14.938162761076494,49.429651367580846,877.935865003442,3.5114553609680486,1.9828312046556047,75.96861481010917,80,5.0392314873635335,1
112.29214784297051,22.493633309599268,61.92216925835637,923.7418503964802,4.392590752323865,1.5380063199269334,88.51005850573314,80,10.637573132166427,1
106.03094684948833,22.614667898864425,60.569517726609966,900.8889605958303,4.369307674322425,2.0678079030946437,81.11839743212096,75,8.157863242827943,1
91.49464721252956,20.98151165863337,66.77120278533218,956.1296637527067,7.140308779836561,1.922224749105742,83.94411800522587,95,11.637770520814868,1
124.85189916678891,16.636597961726235,62.26025840634158,888.684488933621,6.665679080513896,1.841080635382719,79.78050447018107,80,0.27436941227366063,1
102.6477531097798,24.140416816605544,63.721954269264515,895.2643994535266,5.730935434101578,2.464613160484655,73.94723677132228,90,17.83640358741969,1
112.75390737999015,26.111631919155073,49.64722591889829,877.5359731200656,4.656924069258602,1.0157525511109073,83.39057848609353,75,11.187437981458041,1
98.48285566422771,20.44123048233792,61.43189196712402,890.2650876024903,6.200629660979723,1.846508181886028,86.26287685721411,75,15.017169142952147,1
105.3335924470545,21.53160613535371,70.74761031488232,852.9907122992475,3.8665403609495415,1.059025021748209,81.58687108084328,95,14.119083072796546,1
108.39468504518405,20.605215964388133,49.49080073090586,847.0441628313893,6.076575315244259,2.095425069171777,82.44562180879967,75,9.92749574506623,1
112.18194711754256,21.591107566996396,69.39790633381679,946.5459231169635,5.927973537420044,2.3048726332795706,73.82599306816608,70,5.4657043830944065,1
110.57368305378225,19.641323730120813,50.605199270389356,835.0078990089239,4.848654265350719,1.4595575183144793,83.53431816574613,80,4.417897707182661,1
108.72197000072978,19.89630728046859,48.18423003960021,880.8529146181259,6.139186313350772,1.5107769664434438,86.73006911463175,85,2.035375428978525,0
96.84913268805892,22.717152801492094,57.369603546838704,960.9205671762597,4.55277887053615,1.3206800673158177,82.02292737135727,80,2.528659214196587,1
94.28253958043939,27.036872485689322,60.72728332903048,878.8379522997835,3.7349144019017664,2.0254567970852673,71.01608377061554,80,11.229895286730578,1
103.32607510324198,15.799786296794784,62.29400099177812,949.7244272211345,5.977965012999921,1.863684689518389,88.1781475038764,70,25.968782148394858,1
109.3312807234107,19.6885625467911,47.30590063381439,864.5372567563895,4.91475707086054,1.8885381078433627,75.27588053178118,90,16.360132742465353,1
97.77279299223393,16.458618544303754,58.47632077803432,836.9301836189884,5.601780603298668,1.8528113442056475,81.93893413444955,90,8.956739850611607,1
110.65171965714387,24.77607469572825,49.515563428131955,804.3104487059508,6.820886591559406,1.6105603742528245,84.76488134280459,70,21.09268763257798,1
114.52616745486179,18.236786092040305,43.088621951435385,978.7634441563597,4.2777459276037035,2.4527496095584147,85.39809161025497,70,21.997273728935664,1
90.8367908092658,15.670397618642617,47.57010947573772,831.787729101935,4.8566204951600245,2.108936272052651,70.99971594110077,70,1.4281656301439634,0
91.6307929620372,21.91456099654572,48.992797072353454,944.8311954075056,6.569634504577714,1.5261345852889583,80.58608628036468,80,0.7326078504558531,1
98.59624941094664,25.232933344229334,59.17276128282006,840.0031783923971,5.668731730855283,1.7197812736669993,80.25510805441304,70,14.650154363447204,1
103.07612668189196,21.99079360568229,64.21770930454935,979.0430350763893,4.3002172557954035,1.6511724902130098,87.19514093863256,85,2.582518751332426,1
94.75432986232948,20.61439363184575,43.214346960997865,1032.406963476906,4.044982296460521,2.562371161389225,82.29361771205315,75,9.724823616070864,1
113.52202678867144,21.227422768327983,57.81568859366445,798.8081964185798,4.4719193598966545,2.2844877090731464,87.2405883052248,90,3.066012994194662,1
104.24066861518452,24.244521988476663,45.58641451383275,834.9146139504712,4.261585295197122,1.949404217230979,82.69958799942577,95,12.947802105867606,1
100.3944704824074,17.37740218995755,60.032683272112,946.3879118281935,5.237348119489531,2.6828884739815435,79.62916897719391,85,6.318624732713044,1
85.64090476131473,19.66445868774106,50.018155351970016,930.7825754019489,5.078434507197599,2.5808174380796736,80.96929710769079,95,14.76916093927285,1
86.84184183572494,18.6419295544714,46.58936785581377,946.6153112856115,5.279237754275351,1.907715642343292,87.61798458551232,90,2.646683793875203,1
102.81009250281807,16.49640407812487,61.397316122780595,865.5746669757374,4.159187198440217,1.835773871150476,73.51534082249376,80,8.105823971882806,1
78.67404373845164,19.014874221749594,50.304619156439244,1019.252049661402,4.929166092474745,1.8550544176410606,84.52977255060266,80,5.6622156882533226,1
110.12637409644071,23.323163287947345,52.472288389178416,907.0829680013865,2.9443002260437834,1.6189013616124277,76.86192004389606,70,9.80274291985152,1
98.4184615562768,21.699806445178176,37.24008729954899,826.9822453893888,5.145006317361366,2.693589779386865,75.78760457875649,90,15.79155046804835,1
132.43092969594733,21.932931500324603,62.57241089138779,884.8110899974233,6.175440644955865,1.5974349987764491,85.11713183308086,80,6.396414791351076,1
123.0791625061611,20.439426834959956,61.56726816935286,827.7859862262701,3.5752540906538197,2.347321726170976,75.58456372494503,80,5.519295343818715,1
98.18550930752484,21.569971348185767,55.04366275425051,995.4564815132463,5.483428230647461,2.276217252363532,81.88537358462662,95,13.804869910919345,1
98.93662997468685,17.598228972955685,42.77935246915393,860.380124231993,4.388985648239437,1.8780536087105737,77.55529288920117,95,18.36284959031456,1
109.95581514002029,19.071470342218312,64.6749534266781,929.5490090846773,5.8025011536933695,2.72401804146578,68.21531652051763,90,24.20520386609152,1
117.03172609918037,20.57601271090603,49.66989290911367,871.7596113010692,5.158647451212278,1.3763614715673886,82.38857990052175,80,2.985724875652185,1
83.61970942563983,20.83254757664567,51.3731723991953,863.0767614142492,5.404704112660441,1.968123479608444,80.63160636478395,70,15.1880090925485,1
82.13624534645314,20.960563564765618,73.49635245087624,785.384749123137,5.06482389875544,1.8043839340237982,70.44959742792591,80,11.938003215092614,1
93.77965194445619,19.584994153950866,49.37090844712616,935.890476179434,6.3283318063843526,2.3842372601083412,76.50705229230569,85,9.991703185522722,1
105.82737583173865,18.86772979660901,60.937679699412,977.950875157751,5.347410477695102,2.1414263457500673,70.96503941643847,85,16.511718333601795,1
104.96873590507597,29.473313849132893,59.49673809666094,845.0419451180909,4.2945762859975485,1.309081928533403,83.65844943648206,70,19.5120706235458,1
110.69771454983851,22.720361818797198,58.12137754304068,807.2862531000796,5.098715052321004,2.495791777498581,86.93996601355049,85,2.282312957118222,0
88.00302471634691,21.239442427857867,57.256004340436085,948.1989625642698,4.631118957033951,2.194184689169827,84.24745302523093,95,11.31847049975692,1
76.83856137031124,19.30037450538082,58.0111084951136,801.2255190536249,5.162399906519589,1.5858032552148276,84.94565078400046,80,6.182063480000579,1
108.58014195302145,18.646343519168372,57.17552472752432,973.1719761568955,4.580230287633187,1.8601283580854429,77.41084797166593,85,8.928414150981258,1
91.71803727034765,19.607598218819135,54.58465312979151,845.7362926227228,4.323189264453685,1.4800460340111672,82.73464005555188,85,2.665129346409555,1
79.81512135611362,20.87848653076005,67.09026499288593,833.8024354305225,5.199272212748446,1.931664789753408,79.9546568492892,80,0.056678938388508016,1
101.45063745959382,14.358693367810757,44.498715513605774,914.9077452678775,5.055789628616553,2.060047186943929,80.9265725804441,90,10.081586021728775,1
107.93175688218678,15.291831213875948,63.171664832123014,837.7116428993137,6.0639558450458475,1.8661411365464207,84.78715730227262,70,21.124510431818024,1
98.77942867878723,18.089352833183128,61.578738389500415,857.5733351224075,4.585044120867187,1.8198142000508584,85.87743710323618,90,4.580625440848694,1
95.42151613817511,20.621418310335706,60.58719297063521,921.2389159602604,3.0191461525046925,1.3549038523795285,78.05121805180742,90,13.27642438688064,1
98.40637767854093,19.282180558544447,63.93583542112103,754.2532597700013,4.636129201536687,2.1348965846012833,72.96177594322475,85,14.162616537382647,1
96.29417237599218,24.434363678298453,54.259204837852856,998.5451547556993,3.3735692410834233,1.2302181612548189,79.06297732653572,75,5.417303102047621,1
86.51952888059833,15.552809639012693,40.04820739338499,902.6184079479443,5.415671974096576,2.0124318072949046,78.90363357343058,90,12.329296029521576,1
92.85319323009568,17.745963591189888,54.421658722284114,822.4220392557883,3.3261020716512126,1.2803376703870155,81.42298940007078,80,1.77873675008847,0
105.21279905013814,24.560275222973303,47.07044625900357,838.9652778427895,4.011628937585899,2.020201956194515,84.16497959232062,80,5.206224490400775,1
103.216785413765,20.39335797402544,49.145126321135486,959.4987826956482,4.637665541725137,1.9975523981649006,70.42709017257971,80,11.966137284275362,1
101.6805980596682,22.654527748403474,45.060642609340704,936.0631761044463,6.543950604761145,2.1613379870714162,76.64543224404262,75,2.1939096587234985,1
90.0485151814662,26.15374082980839,51.18124113244932,983.2068394371126,3.9271098842850822,2.344914286720637,75.1805590534128,75,0.24074540455039065,1
98.18496837864333,17.918586746294533,50.227010448132404,859.0354293117459,5.0124049831465864,2.419035368900375,86.25446894345896,95,9.205822164780042,1
78.22934953557146,19.702056986623905,35.97944136058318,917.7950302290482,5.579976576957259,1.355982960249628,78.95814553323807,70,12.797350761768666,1
101.7847666388539,19.182719297207385,60.60177529025832,925.5940747070207,6.484060553220697,1.976717578746768,77.43558215219106,75,3.2474428695880797,1
114.28857707813567,14.136220986550173,72.76257486403905,941.7160500151342,5.77779475172141,2.8043763538240216,82.69150846223289,70,18.130726374618416,1
85.25867867957895,19.068809588732094,59.84989754797031,967.6368674059241,6.093906951632465,2.047640227399083,77.03496824541989,95,18.910559741663274,1
94.14072326682245,22.643186562141995,53.376608347726176,856.9641656493392,5.864307058851542,1.6674607438794746,79.92402611601575,80,0.09496735498030873,0
103.2910677871013,21.621768625436722,54.56202883459027,893.1497839343712,3.7908770286038607,1.9681195494242656,89.07035600056012,75,18.760474667413497,1
112.52842634427483,21.85724950816403,51.63211305589459,863.3910152651913,5.3596921043170465,1.8465336238743755,88.93145161943322,85,4.625237199333198,1
95.51775383699851,18.8734730580815,55.72033267093567,896.8432875986175,5.848660952172223,1.5294167371471383,77.9630783846859,95,17.93360170033063,1
93.07749670734104,18.031708291983076,54.70393524741413,941.9059669237785,4.04349971032598,2.3476416752828033,79.08819098920212,85,6.955069424468096,1
80.31076857583916,23.807767015695863,48.27161255681364,800.7578699843579,4.420240123275978,2.233741023310145,76.90485749634597,85,9.52369706312239,1
101.03438129308107,18.50804856092699,68.46310711158266,966.5622941675571,4.196807704872944,1.4661963711551487,70.37067362479915,75,6.172435166934463,1
120.42076040143743,20.882246116379644,43.10276611432183,831.649072544175,5.772622985968033,1.9626901664732392,85.1809467254836,75,13.574595633978126,1
102.77358461964675,20.490004042032616,60.74665234555397,881.5577808181661,4.930718879670868,1.7734145403271508,92.10671058335882,75,22.808947444478424,1
99.77721020816287,24.385151048771355,54.19041898145974,974.6365154979675,4.679154105664903,1.3593629941900132,77.78275281174614,85,8.490879045004547,1
103.22082310766986,22.91423707301708,70.20665452052596,919.6805830790044,3.7183300833470123,1.4340722170096059,75.91603136355364,80,5.104960795557947,1
99.88907996051398,16.114224137998637,57.72691679398577,920.3717968958196,4.932605746806208,1.493616070479867,78.63576601829996,90,12.626926646333377,1
91.8698562773987,16.437340499674878,52.12075570253401,829.1624372822934,4.432411645015251,1.9766280986228812,80.42523023914292,80,0.5315377989286496,0
108.23279915677705,21.736729454207403,53.01834241252402,837.3548438505695,5.243339565264162,1.8168187999186574,74.3223494489656,75,0.9035340680458717,0
102.25761523111754,19.8069870578625,55.31925355615809,956.4753838001351,3.857032801354549,1.6163248151616347,77.70760769507935,90,13.658213672134059,1
100.17613251933658,18.63448464813871,45.857674440028795,864.6513872709367,5.177906259506201,1.8432467881516195,85.0744862696901,95,10.447909189799896,1
90.2463397272175,23.046883651983414,48.86504379905671,870.305287602009,4.5610492295011795,2.299013988738191,80.63690317233636,90,10.403440919626266,1
113.03507931934759,20.56237814626673,40.72044824646514,957.8370750632827,3.7507030742648535,2.1426784389088223,86.3519301406449,80,7.93991267580612,1
106.6470274533311,20.15737216066833,47.61618481300725,837.0051872778283,3.6727159621218535,2.400747523048761,81.82383926430751,85,3.73665968904999,1
94.47079162632699,22.339485922265148,55.7512518532836,916.1541079731754,3.822979611977306,1.9086748541123004,74.5554136561354,70,6.507733794479142,1
110.01824853681937,18.874673015169307,57.401400394276166,902.5744395700615,4.793600942559458,2.6410228762726575,77.1199301164012,85,9.270670451292698,1
95.02429161614793,24.705556956417663,39.16536244002878,899.8388564482054,5.1209954343635005,2.139231953479397,81.24206031777241,85,4.421105508503043,1
92.17996507488964,17.635857130300977,53.9023063756464,868.8938620873498,5.269823632377181,1.8044330306634437,74.38705362019446,90,17.34771819978393,1
92.40296882519714,21.970787199026265,59.50727960657706,865.2086891122003,5.307552917728447,2.0371807238761477,73.73840133544697,75,1.682131552737379,0
82.28931446911909,24.301498515979535,53.69670245299012,835.298150172308,4.2414767390208,1.5007696189640731,74.03899723317137,75,1.2813370224381706,0
104.71542380418205,15.868113532183699,49.9296908337776,928.9599015624784,6.058402908095175,1.8775259455008924,82.57902193906908,90,8.245531178812133,1
81.6885512166165,18.969994472442654,51.70271083961429,859.9110485089958,4.557774473991847,2.171989692090643,78.16879992288732,85,8.036705973073746,1
87.71556168734237,23.42662217865667,50.673893160182224,958.1246772700351,5.450149760059732,2.2446678032394356,85.91220815546474,80,7.390260194330925,1
79.24411990921467,23.471733643193076,49.90615552713554,886.5266975045608,4.835844566506183,1.8359351108675213,75.51789808526682,95,20.507475699719137,1
99.13930307209107,19.48551319883528,56.390588201958785,836.4929706347377,5.375621231703041,3.093556171009054,67.71299866023075,70,3.267144771098925,1
98.49679539728128,17.79598671896942,73.4615058218836,885.7311670710948,4.785671933855086,1.9311169027378845,79.34647440598393,85,6.651206581195381,1
96.73303786813636,22.867807466992286,49.050400664758534,875.3485680518115,5.393634876574566,1.3286423831427385,88.2377751519691,85,3.8091472376107096,1
89.57422305329423,23.550647307744814,52.45485893870858,960.5462047036832,4.992611130119676,2.4853068768033992,80.17284708474303,70,14.532638692490037,1
88.2776624656336,16.506009954462815,54.586416484998146,877.8599886449081,5.813840570650688,2.242850921539871,73.13953378433565,80,8.575582769580432,1
104.64369863546574,16.38825905310086,49.50116452513365,883.4273771279804,4.1813149567888015,2.0926755283821,71.87861701896627,70,2.683738598523239,1
94.49448068291512,20.6757700459508,63.78588642818741,984.6928023295461,3.2301086641094217,1.8140316435632888,85.98950956961745,90,4.4561004782028295,1
103.16358321536144,21.888081900286675,36.032917013548484,930.496039287801,4.026642580565904,2.1573386064105766,75.96281614279044,70,8.518308775414921,1
91.14751313875777,19.102792744309834,50.751526636970596,999.7623609602098,6.068918415238034,2.6476064983990524,87.70897663828265,70,25.2985380546895,1
101.81062742771083,22.037881459947048,61.5465098905597,975.5427002438342,4.84544118011226,2.0806531749360584,83.27046724425642,85,2.0347444185218553,0
113.03278037316063,17.869590179487854,52.64724553289093,846.7702446982287,5.092062295546563,1.4119865652756296,76.15215642797658,85,10.40922773179226,1
105.86165800392783,13.655919202778794,48.433288329197666,959.3970512640064,3.946363385953613,0.6186583667248934,85.83568422155821,75,14.447578962077614,1
95.8758618178352,18.72829678300221,58.526054035510114,991.5181975244755,5.065553725150279,2.1538238242553542,75.38051423368366,70,7.686448905262365,1
102.57198970355927,20.189696439539304,62.25074588317722,991.9687879394052,3.9771873559273034,1.605634583495957,72.76331443777501,90,19.151872846916657,1
97.59334825469787,19.17248012031063,56.68508356172047,959.2857590146012,4.124218724947245,1.9601149130416784,75.66627303327778,75,0.8883640443703674,0
100.07880184694729,16.524190209021544,48.59023712149693,958.0513796945505,4.59751631717612,1.6763689507946402,83.8436832579511,95,11.743491307419895,1
96.74388947851496,14.553053072363548,58.64962655321395,881.840337379467,5.4450972578421455,1.6476364063213609,85.68983494500668,70,22.414049921438114,1
98.35664794114608,18.457733586896307,51.78360559780168,849.7570749390255,5.5518475806425105,1.693890346685493,78.01986368566044,85,8.2119250756936,1
102.12093353074175,22.69296731494923,60.96149505515062,878.8669608661526,5.579044897937837,1.7300498560333737,70.65844344430427,90,21.49061839521748,1
90.06641300418049,23.768592318241048,66.86607107885273,800.1126599140342,3.4119158849556257,2.310494395393134,72.21616769435973,80,9.729790382050343,1
89.84121173010021,23.563140152415365,34.155385954491734,980.5677189253023,4.9933354996097385,2.229457517254634,74.66177214070318,75,0.4509704790624293,1
86.1145744616879,17.552271394554342,55.88853978556506,883.0024224349373,4.803218166617264,1.5168044708755306,73.53001560374938,85,13.494099289706615,1
83.9972889549629,16.538881029108907,41.114128504418986,977.4798437438976,3.4678175839185443,1.5713061094531966,81.32715188032283,80,1.6589398504035382,0
87.82717307779521,21.489903844939686,74.53430868263817,826.110025366704,5.015983766722199,2.151648761787749,89.69057922362225,70,28.12939889088893,1
101.5946250680413,21.905300034793775,51.255003729630474,964.9574952601326,4.749572782563238,2.4210009461742086,83.97888287012793,90,6.690130144302296,1
91.07212484508116,21.20050881560149,60.97098593460298,870.3071605092408,5.511525672117887,2.41485654396565,74.3588457750463,85,12.519004970533759,1
105.13614464231097,13.95781017728671,54.717465123240835,822.9378355014495,5.081247076239802,1.5988364636879073,76.52812117166722,85,9.966916268626797,1
100.34713748752561,17.3993462453496,48.57532335424752,997.6270831295855,4.450679469716746,2.39572457276009,77.50354660350597,90,13.884948218326704,1
80.31495786561946,19.910933629142065,47.62357562258059,966.4387001604465,5.925762450456977,1.28949214627246,81.94607083496543,85,3.5928578412171466,1
106.5497558422169,21.46165458389128,67.68543338480607,912.707545211147,2.7787664992248757,1.9188462331959844,87.85627367926004,85,3.3603219756000495,1
108.1079864559171,22.301922087807462,62.64750448142649,902.0362731080978,4.93573487157039,2.1948105770434614,77.66299810274573,70,10.947140146779617,1
90.06137325165146,20.43276056684612,70.5486726990205,926.3706011291471,3.236749068008064,1.1684779947833395,87.69388645534094,75,16.925181940454593,1
104.20191542894992,20.99235141961471,55.44362668126159,911.6777146750446,4.08780672879388,2.837142769634185,90.51955479211114,80,13.149443490138921,1
91.43501762590802,20.254596375083313,57.303356969968,852.4634427497117,5.524813703009349,2.5306780731906464,78.25046566855637,95,17.631088769940657,1
100.97670376748336,22.05685812265545,52.86246747475769,875.2768638129047,3.7258025195591973,2.2588015889442357,78.12177689469347,90,13.198025672562814,1
87.35501593045035,20.938596954472732,52.70334237507993,1017.6430699223222,3.5762821812960652,1.6139887169740315,78.19690316304441,80,2.2538710461944866,1
82.06893547465424,20.197212980141863,46.664904540181055,1060.3294045576808,7.381944983415624,1.972758550169147,80.31244992843943,90,10.763944523956184,1
96.17182810387031,19.194893602587857,55.67208152739481,993.760110313841,3.6407109485798355,2.316168067905209,78.20910451609087,95,17.6746268251675,1
98.76271053725164,20.243874275127443,48.68602724091042,928.6934364097574,6.6505209030879735,1.5509353732000744,84.42088730694653,90,6.1990141033927495,1
96.02320306385396,21.453774136517826,58.53527137731362,879.7350580378838,4.827797835420739,1.9278103075047932,72.2558435980361,85,14.993125178781067,1
88.1596944177744,20.802426166694183,56.360081751841676,852.1088463661821,4.475170878561025,2.3641535399243927,77.32688952351944,95,18.60327418576901,1
96.00100937868864,21.14247925503576,57.301456349405775,856.0630553741878,5.566786390588205,1.40216199929078,81.64587336536118,95,14.056975404882966,1
102.69294752580734,24.028165584053557,68.40103951752181,866.8039404787944,6.336594075544499,2.132969884408182,84.35042253580256,70,20.500603622575092,1
99.55106969877463,20.795491768239764,54.69825640187527,1029.0698424855461,3.8539320578916714,1.2980921481515277,90.9764253184037,90,1.0849170204485543,1
101.82501030599214,18.053004438580526,61.05381602282743,1008.3769377829559,4.4897502102714695,1.6224612977685386,73.5548738618453,95,22.57381698753127,1
93.29884799545766,22.650820357982507,71.41207571268465,944.7767033961236,5.846869734684252,1.7981629577295624,76.73978792906372,80,4.075265088670346,1
111.7171791471616,15.901404986993247,65.45293655436038,842.3632094152305,5.287994312427,2.2054222450875116,68.66796713386331,75,8.442710488182248,1
88.23826663445219,16.755759857782138,64.22535758763875,953.5833556026622,6.101917830641383,1.7196843589975186,74.45065496323568,80,6.936681295955402,1
104.87560297086719,21.007541794160208,52.546494275836,885.6829782893637,5.515111954431779,2.0502193565316604,71.15537351532979,95,25.099606825968646,1
111.81891092959961,21.549190003359737,56.837144444542375,770.8194336813527,6.808224009149148,1.7251087448767068,77.39351302467836,70,10.562161463826222,1
104.80908092748895,16.264846329488016,44.45378966376047,917.2260382440755,5.178588598833651,1.787753291153939,78.85817203679184,75,5.144229382389122,1
97.9747577293517,18.85154755703975,58.99131520771532,849.4852175499567,5.2218111483309615,2.5002646031144597,82.34727119918782,85,3.1208574127202167,1
94.71702953337021,18.181748503341023,57.19568142091073,851.5167942545978,5.321721372015799,1.5399087287031046,78.50700234840039,80,1.866247064499511,0
110.36087651046256,18.53997103135521,55.187081001249446,884.9755203859196,4.857511148273442,2.3036615895788737,82.34968540206077,80,2.937106752575964,1
85.77025074738327,22.83079332881884,63.21755830594288,870.1006216234553,5.848087158800924,1.9995744458100073,80.57037083546972,95,15.189083331084507,1
90.29875739620357,22.11951639064176,45.337801420604826,897.9445908537596,5.237041223863026,1.7697785244368038,74.83338397124908,90,16.851795587501027,1
96.02442234508278,19.942633460438877,68.07890280928278,895.0601669989677,5.788180009145144,1.5129908670359526,71.56863147079561,90,20.479298365782657,1
112.37653757511998,18.362114218655215,62.214117503522274,787.4514544291421,5.94449985362416,1.5415054771603633,82.91840999948033,75,10.557879999307108,1
103.79767636040896,15.951050989339578,54.43492816278421,991.21667933297,5.428454681560328,1.7045419900968213,88.23251492507254,85,3.802958735379454,1
90.31954241489754,24.260554816345845,53.81016329746085,840.9973966230792,5.501716324234197,1.939978237111543,92.67692505841008,90,2.974361176011197,1
96.89692294615097,21.776341700854754,58.84488972198876,842.8560968921716,3.989670212403466,2.2414038544625607,84.67727350617311,95,10.866027888238833,1
93.85676855903705,17.87999268778058,67.16680985651024,880.2868048925822,4.449646412180178,1.879904296031055,87.28757605972031,80,9.109470074650385,1
92.90211007766464,22.158798492874674,55.81286174952009,893.4999091578424,5.843383452990731,1.9066756592471124,82.30729852019468,75,9.743064693592904,1
109.78889558556779,19.789329138276123,56.15224721583381,987.5387890099104,6.4236311818185134,1.966403910671078,81.51004692795105,90,9.433281191165497,1
86.28256870736494,19.13867148541297,55.14494782100697,916.165407123294,3.0595697744916395,2.1907110765754916,80.55500511895764,90,10.494438756713736,1
116.08780855734373,21.305634584868805,69.25619290161178,933.987929046572,4.432136852748585,2.257921127678604,79.47095177989569,70,13.529931114136692,1
108.28229690184622,17.775505250261826,52.04893517650381,916.4721712549969,5.02362060241465,1.4452138097712608,83.03538277714567,75,10.713843702860894,1
110.90861670603698,18.96873044146967,54.76393921104743,913.8876949499264,4.120725537919322,1.8871701161026753,77.39701459317638,75,3.196019457568506,1
95.37060487974742,20.364383192598638,66.70748523408795,918.5837701852205,4.177480355818317,2.4909616069391687,79.26278774206403,95,16.565486587301017,1
98.50059280920891,18.50164642134436,56.17608666890291,784.0359514458637,5.474919873793805,1.4735520185120181,74.11016858517806,85,12.811566370378754,1
85.66848185475288,22.00725563080257,64.09647088036418,885.0048909096283,6.581375969171433,2.0297251561795835,82.37463334532454,90,8.472629616306067,1
94.75337592933197,25.607199511034782,47.70975954477633,969.7356666342695,2.968176443677859,1.9316623984812877,75.20451229426749,75,0.27268305902331724,0
104.93654847643151,17.737105602178573,53.35765982697189,1136.5398606484011,4.829523851018304,1.7733297640253554,80.16872495240106,95,15.611868471156775,1
112.96063061781396,15.004624111087868,66.87547230752183,827.7414640476294,5.463280341790388,2.636313060417343,82.5024554682119,85,2.938287684456581,1
88.92843183197549,13.994779497571216,49.589282273891634,925.3847976194612,5.780213972200242,2.0147343235471498,82.92945715684907,90,7.856158714612146,1
96.34494063014733,19.548595575515055,53.78960768184234,865.7372053275395,5.319127343069038,2.6044580287777257,83.85754268907718,80,4.8219283613464725,1
98.48700779767478,18.010506229621452,57.05348184713183,1022.8591142338109,6.761402549936115,2.002250882097764,78.93354237425972,70,12.762203391799595,1
86.04210797807515,20.62358150320124,47.08676385605611,818.7730343525111,5.028906593325794,2.184102355727093,82.43031889694844,85,3.0231542388841937,1
105.91349241758401,20.397793016078303,51.689519051024824,937.4963694189528,6.311992790392097,1.7691113964292078,77.56687368443897,70,10.809819549198535,1
92.7600966825739,15.190349460157712,55.901093454605125,815.5673340297486,4.353632329654031,1.7735625298808986,70.14563143494888,80,12.317960706313897,1
98.04609648822976,14.555348511555781,55.37345387329569,880.8859999163501,5.05798294658885,2.163739012099544,82.6515463687078,75,10.202061824943732,1
95.48050628088123,20.887799721038284,65.24281616669708,897.9412001550114,3.787284924201149,2.1710789830534365,81.4924405343207,90,9.452843850754771,1
92.10661494280326,20.406286504159873,67.33165755865802,964.1815009043764,5.900864440548994,2.2391948266367416,85.06661751449568,75,13.422156685994233,1
99.92955014519445,18.722546004900344,48.15132102399271,835.3699904304883,4.879557137358824,2.1506713147818304,79.87355643564199,70,14.105080622345694,1
97.84390421431978,15.028569244603085,55.890148153339915,939.8029829308431,5.357821062519898,1.465431629198366,71.98418317141294,75,4.02108910478275,1
96.28142117721335,21.414173788294974,60.39398646739812,901.1266634032768,4.686631368714926,1.6774525293150337,79.54184607817889,75,6.055794770905189,1
92.71538378319657,23.81569863627183,67.13077972639358,916.3676031771588,5.586428501659016,2.339977154459478,84.43290282369864,85,0.6671731485898349,1
103.19524670782955,20.833947320656765,60.747922378537034,957.4999628811084,5.397433973855752,1.216613853838665,82.38017404398214,95,13.284027322124068,1
116.53617268492285,17.457578328304805,57.32730721273865,823.0465984196827,4.005348570028794,2.1170428966022414,79.26627713552583,85,6.745556311146088,1
101.39887232839128,20.133656496713453,60.33234025586105,948.6356983889156,4.063232567416989,1.9552479603723274,71.68220386043409,80,10.397245174457392,1
109.9611821491113,15.901657757198945,60.39015067469008,865.8657088146346,4.972231269658648,2.339832746988944,74.86991522548038,85,11.91774679355249,1
86.09778074846537,23.173882141516376,47.578285661725054,965.7524072986096,5.659573957406657,2.166648474428302,82.38619430925684,85,3.0750655185213684,1
101.57761439293769,20.245533003588616,56.54239034005015,920.0734580722728,6.862895553113848,1.7344078881166152,71.67421423962861,85,15.677395012201634,1
89.02631681028933,14.695529264740305,66.67328795350953,887.4282971089767,5.302990856665729,1.7162599846793347,78.40877542621583,85,7.754381851510793,1
85.23075072468099,19.09797691866895,53.341145850447965,864.5984418545507,6.0075314024885405,1.7908866108012322,80.1921108948821,95,15.587251689597784,1
92.60628592540964,21.389904530702694,56.035573140379555,949.3976996613198,3.387149065235832,2.2320252189482512,85.7496857792003,80,7.187107224000382,1
111.91899334413573,19.00085713707343,53.059868403791825,975.6571011288556,7.0129558494339825,1.0791145281779022,83.0724527556527,85,2.2677026404085825,1
109.50015828669646,19.172312835679477,36.489124035145,868.0289075483889,5.605686211129193,2.062951777742825,84.81405616411982,85,0.21875745397668356,0
102.430047220544,16.326793378858184,55.16472141787743,832.0196060531161,4.95039548884122,1.6467861651090532,81.50926662016305,70,16.44180945737578,1
84.6729944011007,21.69962296124497,57.41433544522298,941.6526625767135,4.835303952542074,2.0763341191229028,75.77294508894254,85,10.855358718891136,1
98.03719348612063,18.05459239994259,50.900052872952784,813.088143477978,3.892800202141002,2.1377991146013473,76.93169766045726,80,3.835377924428425,1
103.01700008901736,13.530663868984902,45.762904408922175,821.6692537450217,4.178713204279829,1.335069366828525,75.3367018037936,95,20.698208627585682,1
101.75536229578599,18.88622788798882,47.955148321746805,836.2379834683261,6.910435632133414,1.9092534291997476,82.95390420963103,80,3.692380262038793,1
81.56206416519254,22.94344914671106,61.113500929084516,875.0729710176751,4.010995561713988,2.0622281427200986,76.53038890538721,75,2.040518540516284,0
91.09682151980128,18.839211660200156,70.78019818437524,819.8200866470733,3.991732242133655,2.035180038110059,78.02999843485759,85,8.200001841344012,1
99.35922235851284,25.21395495537056,66.05946672724346,783.6720054371053,4.297779513924421,1.951119618753614,80.11245619093424,90,10.986159787850845,1
105.3629090951719,21.28690384564555,44.245231961355586,831.8733483397726,3.8018192470387273,1.5116449920743953,88.20656223290639,75,17.60874964387519,1
78.03872178900053,21.016274486841098,61.837018484405625,938.5484667943571,5.01530657484551,1.5725487877413833,83.28566953971615,80,4.107086924645191,1
98.37876024520142,19.614805202247172,49.69470099352568,823.707355672394,6.0889105126652385,1.4487810708984599,76.13573287699445,75,1.5143105026592707,0
101.43048769878952,19.79514137670713,50.34186349992979,879.5838193227498,4.389507673727967,2.2216182283359016,80.75923828616446,90,10.267513015372822,1
108.49611988516213,19.20972909464149,51.30419521622973,1016.8019077419337,3.6266757202391786,1.9537716632773594,88.25655880247919,70,26.080798289255984,1
106.92857584237437,19.09319182375242,60.648535598843445,897.0495521983746,5.291861313014654,1.9792987042829149,83.07589664214471,90,7.693448175394764,1
105.82571318808805,21.592601486201445,62.67402701159231,920.5518593837755,4.944225662320187,1.3178026224620423,72.0087382025047,95,24.201328207889787,1
92.00059493298066,17.192506310628303,54.2157514297617,843.2375989049068,6.002724550081624,1.986558881095518,75.42380285681118,95,20.606523308619813,1
80.91997862876693,16.772318513827223,54.351434071935806,1029.8084912220086,4.545491700697729,2.2534548287930734,75.0403224874844,75,0.05376331664587042,1
96.069472429386,16.630414847373867,58.71410994588634,867.5223306516942,4.7398432203733245,1.2632641701702882,87.20364912679985,85,2.592528384470407,1
110.0163182520856,26.136963643031464,59.543956316193935,886.313718932909,4.850469635456731,1.7858374965020118,86.28140617931828,70,23.259151684740402,1
113.93454527524432,21.59102870501174,64.40980565406824,979.0235206780419,5.089004110553482,1.3718603473820778,76.87481511107192,95,19.07914198834534,1
107.10549102297786,20.913476605040433,44.72502419592641,889.0959453087829,4.60743832264241,1.831887170108045,76.76709890096335,90,14.703223443374059,1
104.29340822801734,16.827455989119706,55.16021871843224,902.8733269605129,4.445355891953991,1.6396032409716308,80.22345891331142,85,5.619460101986567,1
103.79639648385965,21.870026902024485,46.45580499287058,883.0987007526522,3.1496223151181586,2.1523635334566413,80.3733452304673,90,10.696283077258563,1
94.43881253239219,19.650285960640012,54.59246176749278,883.5100573165664,4.434612790879883,2.067695825370557,75.18837035338501,80,6.014537058268736,1
98.6993970644638,20.64250682339525,53.190597698553916,922.2301206496855,5.715223268081752,2.5166017622536176,78.75434662550728,85,7.347827499403198,1
116.69069525826332,17.07013905240933,54.62600436877838,933.1765913518864,5.850245519368886,1.9783688602798024,72.73198365073395,80,9.08502043658256,1
90.57441994208124,20.48080657225273,48.602056895115744,861.405094127246,4.5288869764087,2.1353951208417095,86.36160352455518,70,23.373719320793114,1
116.14778790709852,18.72849938538055,43.10168165434057,854.0351726311842,6.299485998181762,1.7769170073406089,71.1983474358416,70,1.7119249083451396,0
96.77971845507942,17.703166528909435,38.24449978628078,863.4518346685462,4.971295928299646,1.5587741395085684,71.14280289053626,70,1.6325755579089423,0
113.25432109095078,22.202319007421746,53.950558765881276,815.9247591480139,3.6621536281840523,2.333904973876035,82.17519727255966,70,17.39313896079951,1
85.93184990502462,15.386876574409992,51.55199115333649,804.5741844888422,3.347615943545744,2.497302021418832,73.81561881082973,80,7.730476486462834,1
105.8590420116465,21.694328792942454,49.59249868156938,917.8300288334945,6.218257922619726,2.2822622796953014,77.4951752093273,80,3.131030988340875,1
92.63229864052379,22.05345840065899,65.58038770265328,956.3157481905067,4.626996274738926,2.052491249251813,80.31586430551307,95,15.456984941565185,1
85.84732808075813,17.361068973346278,48.124494505637514,952.262717588713,3.785935476927421,1.6103625782058895,83.37650414933418,75,11.16867219911224,1
102.18534042410946,17.539014616602596,66.33467265711042,757.0805236118005,2.740723828564465,2.4566512693707785,78.89458941025563,75,5.192785880340845,1
110.09471788595968,19.330922956200794,67.99074995415405,885.2960947774044,4.604283889124857,2.231803726254805,88.89585898639896,80,11.119823732998704,1
91.55058561406504,20.846108631386663,39.39279626568495,833.8744826644464,5.404750858996361,2.8099514437317783,79.99780505670046,70,14.282578652429226,1
85.00984039541599,19.541435024557323,55.73905167199176,908.6242462692514,4.302308855953795,1.5382304199040375,85.9539735412937,75,14.605298055058274,1
99.08155235665045,21.30068738057564,51.80242807331207,874.9305888714372,3.9467548398661285,2.345026600498952,81.39277890183247,85,4.243789527255916,1
99.12564671222819,25.288938957612196,31.705568442261875,935.5147143746753,4.450624231393273,2.219642601949919,90.65604879003665,80,13.320060987545812,1
105.48319627554498,18.476849692550857,43.44286997545269,898.8508145759196,6.243192019144856,1.8631891199007775,85.29181751962095,85,0.34331472896582227,0
109.49594571364489,14.854460087889738,61.199488856867795,786.2398863049267,3.607018382324809,2.5455339520812417,80.21734887736307,70,14.596212681947234,1
99.40584818727505,22.47777074909196,71.15359402169011,841.9748476320276,4.358298969577483,2.160938059369819,83.1441535845374,95,12.479838332065889,1
118.55503314794262,25.04994372778259,62.22142514159399,900.3471068895992,6.21075773961759,1.6252427886153384,78.69592072234533,80,1.6300990970683316,0
102.24234744535292,21.178305089153373,57.589059780103824,905.4066257538652,5.494176289423754,1.9526643934902361,78.64550080822441,75,4.860667744299215,1
96.535734939931,16.736753973938995,54.8293409469513,815.6593915377599,5.1791278137789565,1.6204564771587548,73.48294585982208,95,22.649530673871492,1
83.88432640897172,19.628322910294397,68.46130331718491,807.8124177872327,4.351553864583751,1.8125937138457946,75.95869198766435,75,1.2782559835524694,1
97.37340479683833,16.644429547365103,72.18591361566112,903.3747202543907,5.030504814500428,2.281530461415893,90.30485692577861,85,6.241008147974834,1
96.63613054588863,21.928566481888843,50.30525856380651,815.7799616369683,4.4621709315467,2.3957096180936865,73.9798431436071,80,7.525196070491128,1
109.6030479628147,15.946128791904696,39.00010751751767,799.8822344099528,4.140613868929249,2.0884849335157463,76.72253643608181,95,19.239435330440198,1
104.62483624066854,19.0996136395154,38.21450029383038,873.2915692421195,3.9199425246982598,1.6999700493641872,79.53140661520449,70,13.61629516457784,1
88.20630878367383,16.98698652111828,65.57504793727841,870.6932345196809,5.784095596372499,2.152643368158143,79.69795352623714,90,11.446718304180953,1
101.72254386411038,20.380474055404886,54.623531673804905,847.295971359642,4.939593867783865,2.2893598551830547,81.9186290986548,90,8.979301001494662,1
106.71531171729053,18.900974968586727,56.46593528366975,857.7757825965023,5.314513743802696,1.2111553019041128,77.65439645942969,95,18.25853004270559,1
115.28031359387833,20.530286309750792,40.67479205634629,900.8301433933436,5.151673185801403,2.046591510012367,82.22688183498168,70,17.46697404997383,1
108.8750396741406,20.067051664899097,48.974488697692266,856.7902257792108,5.44091882780836,1.9239240806402675,85.71192720573363,75,14.28256960764484,1
107.60846654311477,17.04002291682767,52.63615348879374,904.2418212998904,4.745281210014109,2.381484502163829,86.3331617199075,90,4.07426475565834,1
100.60085994615163,21.880631190587067,56.66270706691257,877.1718878329599,4.518342548945426,2.1542756659445996,78.6624409968158,70,12.374915709736863,1
103.8831200542345,19.853703044470652,51.81126368868993,910.0590093231993,4.184719670608878,2.1937406805891144,83.05671714451482,95,12.571876689984398,1
112.49504900706158,17.034412976402297,46.70139041358926,952.6923339261987,3.5860308665928864,1.807235613447615,74.26933188929405,95,21.821755906006263,1
86.6722260252035,26.722779668617378,48.72346405917982,950.3548707234357,3.8779668293770833,2.0006606868529744,76.39141977363835,95,19.587979185643846,1
96.50560672783044,21.429290500151374,64.66658628757786,977.292628263965,4.634582278899779,2.3774739879215554,74.1313330065473,85,12.786667051120832,1
92.27431251243759,19.540218339802085,56.958276956828,950.2888138138296,3.3969605155645217,1.9740481068118894,79.77127655620174,75,6.361702074935654,1
103.79153118726124,24.24561358010547,59.897254455644415,914.3134518925083,3.6177140958639695,2.0698678222926294,75.70390361820027,70,8.148433740286103,1
112.30222175650788,25.525446828159822,47.80900951298136,873.9941017415913,6.042139892635177,1.3856170806231736,72.39653220597603,95,23.793123993709443,1
94.03025713278926,19.563951733058346,31.369412116795004,876.7343446310266,5.224179484853792,1.9725839854691138,78.06997388709425,85,8.152971897536176,1
76.09695632530563,21.042192459304285,50.81516554492403,847.3333616138514,4.548163271796479,1.1952000127575562,71.35708112109523,80,10.803648598630957,1
95.8777925497553,17.035991545991177,48.067435564596025,900.2717574630935,7.27157445890456,1.7935420522566974,86.6359655182307,90,3.737816090854772,1
109.13473732017407,19.558421747695967,57.79209814902463,941.8432487227161,3.3517502812869715,2.02540622309076,77.21238469378363,90,14.208461451351518,1
105.3762990294988,19.40281233872039,81.28578970945473,856.4599438270187,5.975611276461822,2.3068123177938284,84.92658036819064,90,5.63713292423262,1
104.28186247810577,20.55448110086496,60.561328140946046,897.7669284801735,4.888533917220584,1.6003360226192096,77.53966254982514,70,10.770946499750197,1
97.2000669812552,20.998281435911032,76.8876812750679,859.3582662766938,5.785047022912812,2.149473657388041,74.025310870247,80,7.468361412191253,1
87.20969263780214,21.67948534648418,59.55015756271559,912.5612598112568,5.108953717270807,2.587397361744851,85.87761985677959,70,22.682314081113695,1
105.15294321624468,20.712927968899876,49.96091009941828,867.0369969630029,3.1277549377547427,1.743702453713751,80.44351791553869,95,15.322612720485587,1
91.65718189965375,16.367772120112505,57.78332862496707,855.6293657223569,5.095460467558828,1.381178831310937,89.43454642956148,70,27.763637756516395,1
121.84096733380456,17.184598682776745,69.24510879582166,859.2019983040785,5.335555854639598,2.1159359828228355,77.66738536883392,80,2.915768288957601,1
105.70507208354516,18.36077714160898,69.63650077056991,930.199726430734,2.808014701475586,1.5232011973854829,77.77534850216783,95,18.13121210298123,1
94.1935169744605,19.153278224230313,50.39730105565537,894.1950356801788,6.944048293801899,1.672400570610592,85.02395421109554,95,10.501100830425743,1
93.88614752611372,23.15232287141634,57.02546956559439,874.2946961999978,5.311207594172772,2.3693347766809945,85.05876325249523,85,0.06913323822967707,0
99.07055793386412,16.51118303944126,43.56586496263084,915.6842701528326,5.671987740136496,2.7507597101506724,80.76715193257326,95,14.981945334133414,1
97.60498077978251,18.9277548554879,61.59734899753144,875.129026951941,3.834470610423688,1.5997239534634058,96.67634094904072,75,28.901787932054297,1
111.16833775529955,22.85902849464215,67.42683759244716,967.5910736211422,5.690617522145618,1.7050321039938345,78.59719603839824,90,12.669782179557515,1
101.86416169744047,19.100367576510163,55.31839563292813,841.5680307784046,6.089504459563056,1.8240524150364723,73.65268381515492,80,7.934145231056355,1
92.68368261091472,21.38124694952847,49.660927565118975,888.7817092309631,5.253568228137846,1.7808767785898292,74.98722479709642,85,11.779735532827745,1
118.90440685155782,19.58137387121629,57.8810476102205,815.7140866999799,4.9906284414792355,2.773317005524814,78.62630255320387,95,17.235470996627505,1
100.49308331520223,20.770349771974168,58.33967225090533,879.1875364865944,4.106411875101584,1.7877728681248855,87.59387502745825,80,9.492343784322816,1
107.68839675968897,19.31458236857138,55.64915065479696,799.2218701376022,4.7837930822166745,1.8448992341895485,79.0682806892666,75,5.424374252355467,1
93.91773492555241,22.001196418185064,56.42972099468762,944.7789913535476,4.487970485740719,2.6464709892699303,87.83026049183069,80,9.787825614788357,1
103.63115627744523,15.364830777780695,53.609481196245035,945.9902260203347,5.571995637392684,2.2306705246157206,82.17212557689062,80,2.7151569711132773,1
103.11109991143195,18.910063974834365,62.96763942581125,947.0502104234686,4.150124074882598,2.3943596931796978,85.41684648180258,85,0.4904076256500937,0
81.10350707903847,20.889718030082925,60.88981956132102,901.7323488104681,5.564650721503558,1.6375548507910436,81.93584313313403,90,8.960174296517746,1
120.1527511046064,21.60108574401858,47.13517482284681,847.2077757173945,4.161014437270343,1.7879281267297056,81.89624003310969,90,9.004177740989231,1
112.90644460922547,24.478857868261482,46.91527517473124,851.9795620778431,4.737647445839982,1.5841126569284159,83.76355300553037,85,1.4546435229054482,0
96.02804683854012,18.826925999403272,52.965004663787504,991.8103233132313,5.616044397012817,2.3205046184143265,77.16645758957127,85,9.215932247563217,1
88.97730259544144,24.438445285582617,60.89469699284143,986.1406262279878,4.296203280013956,2.4900972831133776,77.22143227726256,70,10.316331824660807,1
103.47561613803552,18.022928520020987,56.18445931112652,907.3533094170463,5.650536488977602,1.7600902523273947,81.74773493082297,70,16.782478472604247,1
100.86697699414397,23.985939234633932,49.85479671901876,869.0619579551803,5.552994157671368,1.8543034708382895,89.70555737753011,75,19.607409836706815,1
103.55668948563229,22.452401380095118,57.09214877380664,982.1174053619106,4.729049326623056,1.8718039739845367,72.2962338736651,70,3.2803341052358603,1
101.9157739619409,17.259624261103333,52.353515843821825,858.3298103169114,6.16178320135579,1.3811104026887298,69.85407190279986,70,0.20846871028591557,0
105.06240989305925,20.921117711755464,62.04389168179305,913.7309524857544,5.0777843419771145,1.7304711688961385,78.68128081885693,80,1.6483989764288332,0
114.47305699391806,19.846292493403425,57.66446748053638,981.1174383239075,6.10227652658535,2.30930648590544,85.15423540246873,80,6.442794253085911,1
105.68103205128646,21.876753781025002,52.47777450038285,849.8196900201224,6.793464924877179,1.6498325982219624,80.2568804284009,85,5.580140672469524,1
89.50344501090059,19.33018523470007,56.852150176371694,949.7534151382267,4.758698978298689,2.0371927448819953,74.15335076592477,95,21.943841299026555,1
113.62562852712452,19.078261323014807,65.52038447619361,931.2336477506321,5.644954984027397,1.4767924102143373,80.39546748433195,90,10.671702795186727,1
116.40614563488288,24.107283748288555,50.44295938762898,897.6290074661064,4.362432074677124,1.942399635548453,71.33513393558421,75,4.88648808588772,1
131.52056734512084,19.70383731663298,58.22125585317729,840.393984052013,3.967185590491802,1.7746715381655969,83.14458530437088,70,18.77797900624411,1
88.76505966760402,22.4792669725753,54.436317276272035,856.5336143938034,4.8045403426135715,1.5113314064864933,78.45445991773454,80,1.9319251028318263,0
102.42882013150275,19.3239455448674,58.415869470896794,917.3670643710395,3.637399720250537,2.3161544384620445,79.58983750227284,90,11.566847219696841,1
79.17901296811013,24.999989777682572,49.76348046723416,814.5997923071168,4.06239222035269,2.3386509444804076,82.13592735255571,70,17.337039075079588,1
105.53149156379209,17.96499611199352,55.88268346527501,907.8446315410949,5.591432599321068,1.61218451510561,81.02844458688054,95,14.706900434862591,1
94.51799701833227,18.157569406258446,63.86258625933441,932.4630590436998,4.486350984551161,1.9135266143225091,77.29370213134445,90,14.118108742950616,1
119.23445794824953,24.57355154334771,47.50394415003114,959.113210368546,5.710514087121862,2.01772747322898,85.16806418823235,80,6.460080235290437,1
92.25385029981418,18.665160827314242,44.36475917339935,816.0985755323867,5.299411938017487,1.2740952851488603,83.98466282319526,85,1.1945143256526296,0
83.10816962032739,24.803222918493177,44.66835548410428,978.9748378296764,6.851154062019115,1.4411629094423872,71.12857903887868,95,25.12781153802244,1
95.2873625929748,22.67552173878444,45.63469975839849,1001.7218096507961,5.5243372855760455,2.5145137745467125,78.84878664263701,95,17.001277218276833,1
80.24512228782862,19.5360508803175,59.76258630314131,924.6090940628156,6.114218070279314,1.5739492413989717,74.59856603151862,70,6.569380045026593,1
107.5109945450731,14.560119583948524,43.75312251307628,837.7170851145204,5.401884663127547,2.5032732433006784,73.65970950402289,70,5.228156434318407,1
79.3491695374368,19.942045087184493,52.61683724205175,880.3134426983855,5.311393501078072,1.4618345302466675,82.67566811755809,75,10.23422415674412,1
100.28457581183159,20.304890160600273,59.946314426485664,897.1441652928896,6.1647330421133155,2.263531110856161,77.9036935966738,70,11.290990852391149,1
79.22188180143803,23.501653199913118,58.33327248438875,916.2278105238335,5.668797465865264,1.875478756995866,79.28614175526795,80,0.8923228059150644,0
96.79702195463358,24.765341528720334,51.91552816030012,901.3188931586161,5.210063612957428,1.9316934923382532,76.6515753311147,90,14.831582965428112,1
116.43378155804534,17.945038462568757,56.52738985404085,916.869908573677,5.205654665929718,2.7423743654135855,81.85087726409914,95,13.841181827264062,1
103.60647891435795,22.403545291964548,55.857162637900544,894.5551945596526,5.538229311830416,1.4983253462725272,83.39173442659516,90,7.3425173037831515,1
91.36506395035066,22.296206468040047,53.20607235561451,915.9064256707346,4.328626480540115,2.237919278504428,90.85127431488162,85,6.883852135154848,1
99.68796511060916,23.220238107231335,53.313322250763356,872.3685947303212,4.286200533861302,2.221395865423129,79.09512867750924,95,16.741969813148174,1
100.18016872044447,21.496069736406632,72.88341947805569,879.7087969810519,6.425405932372932,3.341829355666551,72.75791262612245,95,23.412723551450053,1
104.72630345843406,14.17250692711469,61.474487231450404,865.4384897714,6.864413663859998,1.5691476719072457,77.4805315478424,85,8.846433473126584,1
86.33141636719174,19.53373270241672,74.84520734009715,1015.0355720702443,4.071117541589834,1.7496060825986253,84.23529960690828,80,5.294124508635356,1
105.92567273847331,16.532877275249255,51.02429493663599,987.8340471704594,4.331005567560296,2.3263689143330217,76.13677404934846,90,15.40358438961282,1
72.95608368397225,19.392182681245778,54.32026722489482,933.317651400817,6.142522819504145,1.9198944563192548,72.5893620027251,95,23.590145260289372,1
93.70115447636189,22.94001270840168,44.342993877786824,979.5185398360643,5.533519993142397,1.8147796173073,76.24091156855965,85,10.304809919341585,1
95.11726157548455,20.915452507624916,48.52346558328342,947.907680338673,5.676428105320922,2.383004595329266,77.33317041125343,95,18.596662724996385,1
106.33326826071239,23.4442725991923,70.21530518930001,910.8762695708433,5.896601294853057,1.8933726254785117,74.58665226017672,85,12.250997340968564,1
100.22630852676869,21.02526176214062,50.82372568126595,809.665719538819,4.759267838255925,1.643256371847433,81.0873825705822,75,8.11651009410959,1
85.94436946143713,16.10502218099329,70.35425040115567,884.2701647924916,5.329969924990187,2.2904840619047926,79.60488859396641,75,6.139851458621877,1
90.15006874182986,12.437458980281797,45.05310191456088,879.8977264788989,5.252192150698092,2.1501152032111444,83.94852620409398,80,4.935657755117475,1
101.98680009547407,20.446426285038772,46.57224772741378,832.0154896144705,4.14150839975454,1.8748613617576093,77.77070082537206,80,2.7866239682849248,1
99.20932658135443,19.358220600946503,52.27015023181263,810.830263523603,5.315090943215704,1.8558793924959915,82.79032384284251,80,3.4879048035531395,1
94.20875890364253,17.069162781854352,54.49000062656658,929.5631607940215,6.2377106961496676,1.6340373580237748,77.53864602988168,80,3.0766924626479053,1
95.19166210488021,14.898118251045867,62.38469833960104,919.4702593422488,4.6658667611566385,2.2900387420461366,74.35193819095632,90,17.38673534338187,1
106.96167997159289,17.795770359581873,58.60616333749013,829.9561811959433,5.152569248740934,1.85595687309825,77.28490432377033,70,10.407006176814763,1
94.82307427130786,19.416525545405673,51.66947794124778,855.2472896138287,5.206708916010856,1.692061638570532,71.90866405474851,80,10.114169931564359,1
99.11908755970927,21.99763347111917,53.93347354785515,969.6733363892498,4.715335449564729,1.4857779331232581,88.9410781999149,75,18.5881042665532,1
121.69936588080543,20.56589324470394,52.447496641722395,847.3382091890064,5.6769012376943575,2.1568617431635344,80.71249873893001,95,15.039475011652623,1
85.76317363116077,24.824201741518188,47.68277011739416,910.2479342360282,4.319934368745012,1.796566808434801,76.02296554834768,70,8.604236497639551,1
81.48157268425341,16.893187831863816,47.896296507187024,888.6133020259211,6.332645518695934,1.1949298744043715,78.1117791885897,70,11.588255983699563,1
107.83589664798606,22.6431766761723,63.22307113146728,930.3818082637238,5.626205561632245,1.5186924841423814,67.74768008379965,90,24.724799906889277,1
93.21356938705897,20.141896229386184,40.37468057658288,848.6335408406142,4.063231399327106,1.9065612257364069,87.17176612535908,85,2.555018971010688,1
96.8176247225738,22.084007372355753,67.93886957956043,905.4050086524064,6.698009684886253,1.917784934033133,86.68274022107117,95,8.755010293609294,1
92.18843621868886,18.69045541020337,52.256046195182144,910.1233546407526,5.168101461261595,1.9025830998517397,80.53770952080048,95,15.22346366231529,1
97.40199859232487,23.21504112167177,48.81993114886272,913.8108483737532,4.277052482764948,1.8468975553729754,81.59731148031703,70,16.56758782902433,1
115.98538112096341,20.88567427503573,60.918074325578154,904.7444314777567,6.104554524991191,1.4096585109054354,73.6616161153717,90,18.15375987180922,1
108.0212845861812,17.96166504524675,66.88173267317694,920.6765592356466,5.494671519448025,1.6501805903403794,74.02515052369742,90,17.74983275144731,1
108.62223511886977,19.963927913260434,63.94105953283166,1031.5062199230485,3.228040295765962,2.4735107945936408,71.51351925406134,90,20.54053416215407,1
85.83772944207354,19.281332423188704,59.01481639487913,1053.6778666062664,4.474339682756146,2.4144912507412264,79.19465957113205,80,1.0066755360849378,1
88.4884626344713,21.46753505191338,63.694907917774685,861.6470315527966,5.279097337221543,2.2311807129376207,85.30517702432967,95,10.205076816495088,1
71.60921340514574,16.460669751876473,41.268019382849076,760.90542117885,2.8404333223573413,2.195801041616267,78.08392685648828,85,8.136556639425557,1
91.90619178917245,19.911944893652915,50.825355668094815,935.7297180433184,5.085070085387394,2.361902363226197,81.73847915088808,80,2.173098938610103,0
109.56703186385658,21.185921757947995,47.71063951980124,911.175147594076,5.15797937270526,1.5516821050031597,84.89416947446783,75,13.192225965957109,1
105.16946515748371,20.0990699215791,64.79710984972141,963.6625115510149,3.8165081176241777,2.0131713467027796,71.87949661010981,85,15.435886341047281,1
97.78486737047876,24.040823733166988,51.93217584860891,917.093153982919,5.270644886259964,1.551893139741216,89.22782712689639,80,11.534783908620483,1
99.77699716281947,22.32206832221316,61.763252454256445,903.5162363715432,5.007463839125034,1.5588342120938907,85.78660193715633,85,0.9254140437133341,0
93.11114457424594,19.97755760977776,59.286855539909105,967.7343957526333,3.8087058941149854,2.1472259750987766,82.56946358880214,75,10.092618118402848,1
102.04758882401784,20.65006729249302,48.10154451069055,976.1268353048305,5.919560546862825,2.37870017565435,84.62047265268036,80,5.775590815850453,1
107.65878279480614,20.886996654445998,50.304334320189724,816.8063964731401,5.837853794767805,1.9224603462309848,84.85538151637535,85,0.17013939249959348,0
83.84113212589527,21.209898812500473,65.3505415265178,851.003628771625,4.710262913147639,2.659600172883801,81.46319943294907,75,8.61759924393209,1
102.99647687837349,14.523026013006175,48.796138810524695,893.6644224426793,4.801418676608177,2.0847137308182146,87.14138976446284,95,8.272221300565429,1
109.32434870954667,19.09542111269196,55.99894088156383,905.906257435475,5.726263937595346,1.6892857870333955,77.73669825691273,90,13.62589082565252,1
95.8489971103663,15.546682795419722,48.73966970938844,886.4410077988651,4.799336856888194,1.5653085792505312,82.30905602597699,85,3.1658164400270756,1
107.00700612120583,23.83484284237846,52.48838250467311,926.0524306717132,3.0690917994798452,2.4072525936738867,86.60821400625031,75,15.477618675000409,1
128.14654444472552,19.817451439991217,54.63070444824022,959.766287359026,5.486936557399927,2.051383646295926,66.54400121970394,95,29.95368292662743,1
98.95657207013107,19.41997715096113,48.73706791762007,1003.3625826432437,4.186740679261492,2.270418951267793,82.18981672987078,90,8.677981411254684,1
103.93307050005323,22.690391996099706,47.31642436812895,934.734781426374,4.610156945582406,0.9368146958187032,83.62302489221678,75,11.497366522955701,1
92.61942916338609,21.266974392349624,57.29018669421954,848.8599792928134,6.457870567951476,2.0978688137387755,71.45779317057779,95,24.781270346760223,1
101.81251162602051,16.614096456862377,48.24210072967059,891.1574264881309,4.866021525991202,1.795290324601505,81.40910043008292,95,14.306210073596931,1
104.60271624982303,19.787283912417895,48.51473955441062,895.4788655244266,5.001734935873873,1.442496185633254,76.03147009820181,95,19.966873580840204,1
101.94842340270138,18.994499080320846,47.487574850384235,930.8784143988696,5.509667275463597,1.97492706282063,81.98403140795618,70,17.12004486850883,1
89.80304680291144,14.766401334181838,54.376735629349454,923.2900820060365,5.5053339438740325,2.436725413461782,79.52500351794625,75,6.033338023928328,1
102.0636177132545,17.929171300288385,62.54961307519873,1023.0237990666906,4.080802232622217,2.9064913145678877,75.26835915414853,80,5.914551057314341,1
114.62195938717637,19.449379033950603,67.05222909049813,872.3092118847055,4.939701484465625,2.096860962929004,85.54831831800726,80,6.935397897509077,1
104.48635764514528,19.65514720552447,49.19265531204977,923.0850320260082,5.036152527925827,1.716341364015391,77.90817488005247,80,2.6147813999344116,1
109.61987189071841,15.553305728968073,72.20248634664969,1041.2826838646456,5.272026896628827,1.6921989773926132,81.34981897010792,80,1.6872737126348978,1
97.62988029987372,23.454996749142428,46.96236111434563,864.8875861857839,5.28922194091662,2.3852529448260795,86.57023811742049,95,8.873433560610014,1
107.4990023942371,19.69369082332568,63.668388186622956,908.7089217702213,7.5874412287774575,1.6012503523388433,75.41652752808409,95,20.61418154938517,1
102.79267838216526,20.112659229981688,49.22642836787646,843.3071699325591,3.8241402294127553,2.248970951811105,80.04024623986413,70,14.343208914091617,1
90.49089270312768,21.20192491501951,48.03261384103992,904.9252139776459,5.980091620197956,2.1174724759838472,77.5233642747833,70,10.747663249690435,1
103.18521004798875,17.635771238288985,49.04195074572489,853.1869711117415,6.183375805833059,2.0732405567531518,78.63910177731138,70,12.341573967587689,1
90.08303336559689,21.369067919398088,54.58041840280705,962.8080542094808,5.492783973923527,1.372752564047683,90.78042603953229,90,0.8671400439247634,0
93.67119725115208,18.89877606194545,59.63977736826888,908.8391315418837,4.349684605126925,1.85721671910947,82.2838794203514,85,3.19543597605718,1
101.89328307292374,17.310243378058424,60.35894430323857,843.8761644010624,6.664668030267626,1.416736883456955,81.56796338311104,80,1.959954228888794,1
102.97244273380124,21.720342480066197,47.4481198772169,950.4340618675003,2.808017135259802,1.7647010394732938,82.6204366696573,85,2.7994862709914177,1
88.10767534922871,24.475021576405425,47.08272569990985,910.7799623322952,4.316733302782174,2.366855464608205,82.15129813791233,80,2.6891226723904182,1
110.53985771182876,22.174488120457497,47.666890453091625,957.1691266334072,6.171682197222811,2.492423161342226,70.87093230507409,80,11.411334618657385,1
105.72006278300474,22.76893269542129,54.10916478091591,831.1402423231351,4.629888396577482,2.085579459796354,91.48380410261103,80,14.354755128263792,1
92.95271564389117,18.438108180313105,53.318755166473004,922.1294647349197,6.596464524800186,1.7718637950264058,72.67815237430678,70,3.825931963295395,1
84.62415203550825,15.20714081249463,47.39859630344164,946.4005016786825,3.4881952553215996,2.6352397329441675,88.66297133013141,95,6.670556494598514,1
98.55095420918569,24.470412566299522,57.156829552505954,874.5973505858558,3.887898106051992,1.766563746497528,83.09007682511125,90,7.677692416543051,1
95.5405628613884,26.16354466821428,73.10055046668255,824.4598363819109,4.468361829873025,1.5457254032763983,80.90389509067236,80,1.1298688633404552,1
101.13140457053022,24.628420321309047,50.96227630531879,897.5035502777764,5.4173992775365285,2.2785931871667136,78.47257511961679,80,1.90928110047901,0
96.36883338844433,18.992642183060752,51.53190543037173,973.6869176268557,4.777979849619977,2.1830936170278825,93.02580275546649,80,16.282253444333108,1
79.9254313925499,16.53609698381347,59.47729256259495,967.5558198380434,4.509600747437579,1.7829696356296638,83.02244780087213,75,10.696597067829504,1
96.11653061698841,16.8029519065413,50.52946966610564,874.2942939146654,6.420396431098524,2.040090091827827,80.088440324592,80,0.11055040573999975,0
96.94380888931687,14.948802297157854,60.35171585374546,823.0148738174134,6.513444975389151,2.1768639955407094,77.3236864774483,70,10.46240925349758,1
106.33661024774058,19.677864144769863,49.25165834576768,874.1292167790257,4.585620234292445,2.0814715364207266,76.72425865626457,70,9.606083794663666,1
93.0180032538895,24.817033874247365,69.65695686061841,871.8913409560853,3.2902321926703375,2.1835755819858322,80.25305423586107,85,5.5846420754575625,1
116.78674673372566,19.57501210438327,57.75819978073836,926.7868069982867,2.8425161708126203,1.7977140553760103,75.34698484169378,95,20.687384377164438,1
80.88359449348243,20.906968701044825,50.03981640738631,893.6999098257527,5.239290114780356,2.2104980176958398,83.39825523972372,95,12.212362905553976,1
113.11167497802624,24.126790892912627,50.290466404245805,854.8041472957715,5.655955622218797,2.0070231350333128,76.77178816381831,70,9.67398309116902,1
97.75681029121895,18.7877140645028,50.88960197833572,966.2557840356401,5.0629977855785455,1.8112757913854587,85.02477757222913,85,0.02915008497544303,0
108.59584872343557,26.106594370158785,65.98199732999099,908.4255520466901,4.929091892919241,1.90164609510669,84.91293690655644,90,5.652292326048401,1
100.79801484058733,25.97628322249236,44.849991939189735,926.1249391638564,4.195457385305917,1.960839265630233,79.72282160437904,75,6.29709547250538,1
111.39555536025469,19.606665983958553,49.65646663632396,796.5008739521239,5.654979793913839,1.4218486651754882,82.90151114927488,70,18.43073021324983,1
96.12638035447189,18.267397207942363,50.506715544596595,754.5441077581629,6.67818537889891,1.7453363013720287,83.15181954763399,80,3.939774434542489,1
89.01379574822188,22.09171413917094,54.874496265944494,813.7472531133355,2.783122322664444,2.0259622062371143,72.688341954276,90,19.235175606360002,1
114.20504287271064,18.957425172443426,52.83112245882565,871.1673944635935,4.922498811212285,1.459603585844459,88.65846494326811,80,10.823081179085143,1
98.86519354117858,16.53033434879799,43.0701773488763,934.5813610568285,4.029651650586399,1.7520305352741679,78.72128142856423,85,7.386727731100912,1
102.2155847362421,23.84371596056894,51.80141853123626,759.4651877755621,3.5095340059461484,2.953857991348749,83.4778675670785,85,1.7907440387311708,0
112.34751914044796,23.64934216183124,54.20359453452025,995.5711238623193,3.870024129215584,1.5482966540715222,83.61811755526412,75,11.490823407018826,1
89.68044757905565,20.466534811290682,49.97521731936173,910.2339616062076,5.3796728556844045,1.8464744349398283,67.55231454232296,90,24.941872730752266,1
105.95490897639257,16.211405738815465,60.494203912381316,981.6176995769946,5.404962197591166,1.6665130885885076,76.71535402625265,85,9.7466423220557,1
94.10105243537109,16.31142124634784,62.35526743002918,846.8417950515523,6.4602877611748,1.9532519984186654,84.20184410213028,80,5.252305127662851,1
98.67830644355628,20.32168786525746,54.37290640216486,930.2315960503495,5.008781547145461,1.674032662746008,80.31126229717601,95,15.461829160867351,1
100.7227896538429,18.500386896484905,56.844332694805836,905.1117557982473,3.2417783701304215,1.902702750683027,83.44484668169035,70,19.206923830986213,1
84.99778138553064,18.976721203575174,37.71155202120583,949.0611787832732,4.761830457624028,1.7125811859400428,80.46183280722592,70,14.945475438894167,1
92.21162957179565,23.06588946518001,51.63117782270535,885.972517944017,3.613620927784216,2.42205112654793,86.14690896901573,95,9.319043190509763,1
113.5107289241314,22.199537952267672,63.0385735340633,928.3929125404553,3.7932041135779953,2.0326548150878185,80.57016944222205,90,10.477589508642165,1
108.86191188584796,24.13442804149284,51.61250733456578,966.131719126272,5.580559058406496,1.5988109372147117,87.12044548390239,90,3.1995050178862368,1
99.37360422672765,17.028130329868226,49.10190658886431,860.9294223664934,5.19418090559442,2.3363186095330772,75.09985711393978,85,11.647226924776733,1
102.43123458512893,18.970425293939865,73.22151140824744,914.5346539493789,5.587565595435331,1.6166933535879549,79.36179965260527,70,13.373999503721814,1
97.05757494363543,22.276945086380337,69.55261752156645,786.7282657666591,4.642507152728272,1.3743679244353395,77.03300215708981,95,18.912629308326515,1
113.56583385827982,21.344235023038674,58.74059929985726,942.1501811438014,5.790529563425356,1.9987830050268771,81.94318032031133,75,9.257573760415104,1
97.99647422205837,24.597141147762866,64.11128489184038,1017.2797526077494,4.586597101709889,2.762905769735992,78.60666027558712,95,17.256147078329352,1
102.31842092134848,21.26161011771221,37.19251665633538,825.3338371350783,6.1166828327422476,1.268934348433645,78.85242906453182,75,5.136572086042425,1
111.46030144142065,25.544327312316657,48.69958847497035,894.5171243743234,5.344638939471542,1.467604831372361,76.47616818374877,95,19.498770332896033,1
92.22628515154094,21.620053405169422,51.24033701461479,952.8288780548468,4.793003129515382,2.301010265264338,77.69632241535729,95,18.214397457518647,1
115.58789184496894,23.18650234276598,53.11215920906443,901.885048407993,5.212093044176097,1.7430714401552159,79.94861468041661,95,15.843563494298305,1
84.69538590256623,19.029455159646627,51.0804478322083,909.9059730895935,4.982139299025082,2.244779426898617,69.89327424408414,95,26.42813237464827,1
116.29642131112799,20.042861635651967,34.59978966786923,876.5400335085817,6.596106515312923,1.6650044372232211,68.49118071984411,95,27.90402029490094,1
96.27324416048026,22.732833211518425,58.08819694966848,874.3108648147252,5.245437622578789,2.0567848709636705,80.29572971153742,95,15.478179251013243,1
97.57301252174719,24.838934511779165,59.34923302624485,894.7983507848772,4.998387327605491,2.697789570154195,66.15411717383229,75,11.794510434890281,1
81.09989828817056,22.18771084793226,67.81519033271985,902.5002853283614,4.761509142949201,1.5221641411912517,79.03428861595964,75,5.379051487946185,1
95.45205282622307,19.75048468419614,48.69352588180029,829.1135243053615,5.8431842192450105,2.4095043240549217,78.11418119404394,85,8.10096330112478,1
89.60193468973115,24.132005088585025,48.038694737760785,896.0386808432382,5.707913339053505,2.2718827186528348,82.71018934930437,95,12.936642790205925,1
93.92353654626527,13.424064031160356,33.56012411228425,994.1120363225596,4.726158369687372,1.4043022995604364,76.63990810474036,80,4.200114869074554,1
98.62689034211121,15.73329649547938,52.65146530727291,874.8519723846657,3.8443584853771915,2.2235602094967093,87.84757384645984,75,17.13009846194645,1
109.57791614472906,22.04490267100517,62.20889424849737,825.7647010275223,4.098031861621647,2.0291224515450423,84.24081436615216,85,0.8931595692327472,0
102.07603351400626,20.042325068759375,50.105857102458245,890.9150359208144,4.815837460457804,2.0364376039654917,72.43852984174242,75,3.4152935443434367,1
103.07676653401114,21.816540953372495,72.14755854834918,857.1232312725422,6.348927506119083,2.134607026580681,78.57826821262829,75,4.771024283504384,1
89.04480611154437,20.193222567295827,52.94724131368381,819.6994904806836,4.749823370753086,1.8598536622336779,87.63592572091937,95,7.751657135874343,1
91.1924591039727,21.712837083811618,56.17593827430844,908.3501077039573,4.405876390034436,2.028039583576959,76.51184047300232,80,4.360199408747096,1
117.98725018351311,17.556791537020427,44.09517535534725,857.3830777709353,3.2392806867513535,2.0965809700161153,79.73553837487295,75,6.3140511664972605,1
92.64798965236753,21.711458258239073,57.29776276140223,862.5171499888035,6.5135414356022965,2.2984231755542113,87.02063787927388,85,2.377221034439856,1
116.56208252057296,22.983243584622752,39.16544164117844,909.2056428231233,5.56902814598146,1.3891355866487676,77.2970219196861,95,18.63471376875147,1
97.56938801119134,23.661651811793696,60.549583640105155,808.00952427826,5.796009970005858,2.5163543585964416,85.61489970041445,85,0.7234114122522997,0
100.02287936143505,26.040662883946098,60.79542540988329,795.5058209849325,5.961688051929375,1.5378838627763147,75.45000198693191,70,7.785717124188442,1
110.7036516022993,20.73229533050716,65.87433139469208,940.252331670116,4.835269771241037,2.304651385658555,65.56193074926941,90,27.153410278589547,1
112.71892421938657,20.821733260541535,46.84025024985849,784.149983956555,5.084590633747536,2.031778039709112,86.14264658220313,75,14.85686210960417,1
98.89187439720912,15.430482607478456,56.284496946379356,841.3993382815587,6.488601941951995,1.487537462880521,82.19367520028737,95,13.480341894434344,1
96.11756946478461,18.405765796584724,59.510532475092035,792.0096278766938,5.179580889319137,2.2112581878816018,82.52282137667233,75,10.030428502229768,1
99.44079551477788,19.420753777980163,58.53825310664248,870.83181198907,5.5875252900639945,1.6218373443219316,74.53518604347363,85,12.311545831207495,1
103.37957528232118,23.150958656829065,48.077605798921184,925.68352485907,5.870550717200511,2.427518222063056,74.93323691751569,75,0.0890174433124192,0
108.91303686869756,18.166996627731113,35.86414488355088,906.7402769239426,5.642931332422644,1.7156660645995023,85.7521825986807,95,9.73454463296768,1
100.04229858994151,22.389020059246498,57.775682375075846,1043.512403367437,4.871830829733506,1.402005560957849,81.21603653702131,85,4.4517217211514,1
106.18886298023153,19.99513484910986,53.78000257352065,965.2149370673401,4.966116157186081,2.6135380420145182,79.4127197133112,70,13.446742447587434,1
116.3835973227094,19.468495654655715,50.46663525630848,844.1305289906039,5.7776404379759425,2.0725294684947637,81.10463331057082,95,14.626701778346508,1
103.81309612264785,20.74668190739977,61.11156290972373,828.1766997104154,5.776002859934726,2.346876450304526,87.5425276500615,75,16.723370200082,1
103.11652856004778,18.826530883241475,54.640643694764535,1062.40127645853,6.168232599019461,1.6594112484986532,83.61844113526286,95,11.980588278670679,1
84.81089174909933,18.712888255722003,44.4464395778576,963.7543203440017,5.551096983309838,1.2432757853167196,77.62677401307421,95,18.287606302027147,1
73.69269863170936,14.885642282629657,39.548381687230226,935.3621764361743,5.596605613592055,2.670080969635111,72.98256069439974,70,4.260800991999625,1
103.88375729230168,19.25613737801633,45.968293878934674,904.491108732937,4.553766633215553,1.9974292751284206,82.94026880913893,70,18.486098298769896,1
99.05175768719128,18.56009556155382,74.1440983581343,916.4112940485011,4.418850488928099,2.1965407576654186,75.38015994682885,90,16.244266725745717,1
94.85217325085259,18.452057031952762,60.78221419146218,811.0756034710545,5.780630674351494,2.2626383122393077,74.08811531190617,85,12.837511397757453,1
102.43530204186345,21.25061918777012,56.508898735800095,909.422350211806,4.425814931983625,1.8658435787937242,86.57874593437033,70,23.68392276338619,1
99.39596270803092,21.97589585837153,53.546712582513564,904.2738838475409,4.979298996883138,2.0904918190462065,84.36202873379074,85,0.750554430834427,0
111.27780250633899,20.69658351392698,53.02085648042051,845.7516694139111,6.379023240971291,2.6375810370021777,81.92842963340249,90,8.96841151844168,1
100.86110868258977,22.986245571348423,64.33756786687276,867.6884127858913,6.220570292345089,1.987023508448268,73.80801469531376,85,13.167041534924989,1
92.53076714929833,21.726685777491095,51.075234064772545,990.9105836066134,5.301788830797184,2.37684052656783,88.94633030383541,95,6.372283890699569,1
109.90166238959289,19.114831430583074,59.615363285474345,892.4895047823082,4.70386042016629,1.2035012079877514,85.14434157357925,90,5.395176029356384,1
97.82868925053798,18.611431142856862,52.21257639766725,1024.2702781519865,4.876621089656496,2.449504252127686,78.48107199468802,75,4.641429326250697,1
105.26536683672308,20.93846671030054,70.5212530546805,795.559233810757,5.867660141055615,1.3911982807976104,77.42359970919567,90,13.9737781008937,1
95.225892938072,21.721301329705703,60.938308060626426,868.6721888264551,4.963500722553834,2.4037635296134003,80.39244870654467,90,10.675056992728145,1
93.50173114502563,24.193532921094494,64.96445451746901,807.1632869251848,4.4417176069897355,2.1562524881805083,77.60790666730675,90,13.768992591881387,1
100.84168230185696,23.573519134820287,50.32472180249409,827.43465276649,6.215774756407974,1.9616317295704486,91.05926978392554,80,13.824087229906928,1
100.12828643543685,18.375580980478492,63.46508890053937,850.3076576604421,5.181600139129281,1.9601647115168281,78.07235812647568,70,11.53194018067954,1
104.79827035366833,19.693981159618215,52.49938059684247,918.9185776062354,4.422744179008253,1.8989075626570662,74.66058564229887,85,12.164016891413095,1
97.31354246690258,22.01305341475331,55.8802785914628,916.0095702648232,5.478940188932631,1.6717321922225747,87.9420792916654,95,7.429390219299585,1
81.63640216229602,23.203993334176914,68.08038136495567,859.2425808223437,5.971218413192508,1.9176094885479815,77.15469083356447,85,9.22977548992415,1
95.67226116411611,22.816908406114376,46.65779954594865,766.3320265598051,3.9923269352122395,2.8832236310036357,83.93215054058365,80,4.915188175729561,1
107.93818467143817,19.80836650150596,56.6259818504432,988.6615723819292,4.799546086647065,2.520922684313892,83.37693803043035,75,11.16925070724047,1
97.02623920756893,16.23793204271445,58.504042068149815,882.8541170378186,4.753316632411588,1.6515987285910265,79.70718974727473,95,16.09769500286871,1
97.53616597485453,17.003190871263225,59.16003504640648,833.0225897819316,5.452287165783477,2.107074960930915,75.13501617738652,70,7.335737396266455,1
109.86376505905938,20.81790054295824,51.39372405525228,916.4958468642052,5.632008322859858,2.0383916652945726,79.75908536510805,70,13.941550521582927,1
92.88026772741077,21.026676738273036,71.69011280646465,912.2667102313904,4.448526088720515,1.9430826227961313,74.15069446833891,70,5.9295635261984465,1
84.57196781757101,16.703961879696845,44.64054491727792,880.6394121000021,3.507248824093975,1.5988889773450083,79.88141118731548,70,14.116301696164971,1
98.39368880474505,20.133708832667814,66.67108310905975,908.9118609384902,6.031798754599401,2.178359193922661,83.86390733229828,80,4.829884165372853,1
95.15826048751263,21.893673070915348,64.7205248447331,830.698209575519,3.8800547294227874,2.3384286519658546,88.58890033095999,85,4.222235683482338,1
90.33753680246745,16.54632002747857,70.20711031682947,945.5947705905891,5.271184205043877,1.666440525973288,74.56075442027856,75,0.5856607729619251,1
98.24621544101309,23.314991605413244,42.29418321033744,840.1879743145878,4.868019101269318,2.782216566915683,78.74770698002037,95,17.107676863136454,1
104.91505647246784,18.867406554320524,48.04934809688232,863.6658206817941,5.162443905204076,2.6088012996942216,77.3759445788736,95,18.55163728539621,1
99.90711438432184,23.772839337729952,66.93554447329312,938.9281089690945,6.6512339717068585,2.219266223580493,81.36869688753744,75,8.491595850049919,1
103.06981072686237,18.3996426626723,39.98368676295753,972.237537900614,8.038281613621827,1.5073121189324745,72.3909581184459,75,3.4787225087388074,1
118.13407698515422,16.920123551347462,42.14832879167669,995.1464740827803,3.3665625886013917,2.1605634503938247,75.35668661437516,80,5.804141732031045,1
96.57121138442436,18.625589030474842,51.09353770630807,963.3478943079944,5.983906155332924,2.1127912006257863,71.53991720965682,80,10.575103487928974,1
102.7834863464467,19.71455563076804,56.53595030897814,880.555668971893,4.843752227322354,2.2052621104873986,72.80847729667448,90,19.101691892583908,1
94.90786637400865,18.834560279685558,67.7378005891902,807.5380158539722,6.047854513712553,2.636185708915894,76.69781103043957,80,4.127736211950541,1
91.53640280113027,19.35199573528066,53.51787268055713,984.3033351361736,5.957263076179164,1.9296103781533518,88.35441306412943,70,26.22059009161347,1
94.1509234658223,21.00189544902857,50.134086815483684,982.2417593342985,6.409744807198163,2.8191306318622975,81.73800238466316,85,3.837644253337457,1
95.21241428478311,19.4864618906108,57.49111950157142,859.6814307987903,5.284964915162697,2.1626017383975,80.32497936799903,75,7.09997249066538,1
103.59475797547125,19.801662818143978,58.75677186635521,955.2713422694736,4.110423515044976,1.8838147297354941,86.73443002014243,80,8.418037525178033,1
123.49075786700757,14.872320802392212,58.52991857736217,880.0693323641557,5.92764948870962,2.9597508826825645,81.9179894059171,85,3.6258948165681204,1
92.83956563724159,21.17509404803142,53.57611033638924,990.0766130107037,5.117997576144064,2.331956760008036,82.38788055698504,70,17.69697222426434,1
95.83374694384537,19.732390106924996,39.359311088654806,869.1081202557731,4.766156784865868,1.8181064452170108,77.63487767410099,80,2.9564029073737608,1
99.36876986888751,24.830878941448614,47.65907208714934,1018.7190772529102,4.523776119295038,2.0336866355785768,76.81335822195459,80,3.9833022225567656,1
103.95798848709747,17.181304498238127,66.3621686821397,947.1672328558948,6.006335569105129,2.2540932087418137,73.4443652513429,85,13.59486441018482,1
102.63550811954785,14.575114014501459,56.496551503812796,1007.8526906811592,6.603369492007377,1.9396555892858633,76.99455216979304,95,18.953102979165223,1
112.84095793948117,21.854205481790125,52.419823047143545,872.1721638210072,3.8046474413003657,2.05356314761798,78.59738292950473,95,17.26591270578449,1
75.73607929464791,21.039581054939,63.945348386991796,924.3017762666516,5.6219522424789306,1.6731185585349115,81.7235947375846,70,16.747992482263722,1
76.13070129804328,16.974700938406563,45.95906694104841,841.8432480993381,4.627612814577355,1.3259221876768368,79.81620792477648,80,0.22974009402940257,0
95.0412182798985,15.410753134987726,53.197214930295935,950.6393551271518,3.5327276018078866,2.0425677290978848,78.17465267066156,85,8.02982038745699,1
110.97300187543709,24.61219019205287,56.1020672413923,953.9424919702275,5.147705820763008,2.056011128890355,75.44161624051625,70,7.773737486451791,1
84.34351968394404,24.242331171820346,51.468979973642966,1043.8214350920712,4.166862219810439,2.2108478366231417,81.99563403977605,80,2.4945425497200624,1
69.92367660306243,12.537629723881611,55.80610258321279,928.922387833179,3.4222467721998022,1.7695241171575213,77.5111695648308,95,18.409295194914954,1
105.71179406219208,18.625330912230496,53.49844854862588,943.4456521503656,4.218259527775466,1.463778282183734,81.76898253995995,80,2.2112281749499374,0
102.43657223702715,24.992576164351696,43.805255617713,871.7501774097731,3.9722260820861464,1.6138702121010606,70.43363945203232,75,6.088480730623568,1
89.0979159320057,18.5718123266664,56.45182305503245,932.4827623581143,4.353313146936609,2.4222535027359298,81.68210581484946,90,9.242104650167262,1
90.1446039927907,18.52816329792004,44.37318566789706,877.206527478745,3.674115923046311,1.7333554751169715,83.73453451398119,70,19.620763591401698,1
90.30256280365326,19.151722017111894,56.32492100077378,906.95164553052,4.604859891373786,1.8231676056784951,83.09765429681875,85,2.2380537684485344,0
101.1053531747394,16.637309078695523,65.99308659320087,910.4709396927477,4.286750871916027,1.8750345744675552,79.01639787324653,75,5.35519716432871,1
93.73684723816993,14.885672767315867,52.751814421791565,878.8617075990497,5.375613877145657,1.7522895322852838,84.57659157712189,80,5.720739471402361,1
104.9406391897552,23.157641932204246,45.62813496023211,903.7767057925196,5.593538986398316,1.7227156689868668,73.63520558522076,85,13.370346370328518,1
71.45373337095609,14.471189281256972,53.98409749436016,877.4822898171948,5.260148576778442,1.6515505741464758,79.55396967396734,75,6.071959565289792,1
91.431481348722,20.741814356326266,48.34423113537175,877.2161324979696,4.764555542126491,2.56026262982728,79.0330209941965,75,5.3773613255953405,1
88.73946039088949,22.65973847827295,59.75607202105176,964.5998790901363,4.737572404307686,2.272040273337172,85.18199844520544,95,10.334738478731119,1
97.43659321627507,15.646321103296525,53.816090019817175,910.5248185095846,4.162925012588635,2.4991283092600947,69.89753414737726,95,26.423648265918676,1
94.61952241509861,17.227194792214785,68.67810601331658,920.8239763320166,4.187005340590063,2.579735902584335,74.7093514103635,90,16.989609544040558,1
107.97843779895767,23.63953756517477,64.3039167654187,812.5617138608678,5.703603868078736,1.0600480810268076,88.73625404315258,95,6.593416796681491,1
81.40663228339943,21.59867516068112,53.77535596414878,925.4074999098234,3.240297401349536,2.137381856811231,67.84716938077518,75,9.537107492299754,1
100.45491476330751,18.148142879363338,60.72487254378473,931.8254078385143,4.919275061687058,1.7655285464406725,84.0721198584375,70,20.103028369196434,1
105.58336423211705,23.606747010083513,51.854108726697234,876.0996826386748,4.676470938438799,2.4467238577413393,76.49836418486429,90,15.001817572373016,1
118.56647436561954,23.619607170362908,55.27165508132135,1025.1017805756414,5.5991321013748925,1.7034115187029755,81.2735130182305,90,9.696096646410552,1
95.18234028906525,20.80715807904712,52.108526429197504,762.6463641489561,3.5749880165776493,1.578340097454516,87.06891201929677,80,8.836140024120969,1
103.24458604352517,17.299519316379012,61.13164767879767,947.0620281462328,5.01248070548594,1.4263816557387592,81.46603435539416,80,1.8325429442426968,0
81.96137207437636,18.759653889584612,66.46390621367662,942.7682882972917,5.342984341359107,1.878930035608479,87.17266688380509,70,24.532381262578703,1
76.08043795686976,20.85916023186617,61.38918565752915,932.4949759199648,3.095268781376005,2.365978105011324,77.53825409606598,85,8.77852459286355,1
108.447743757817,19.434215512557536,62.37549281028285,910.5727623383174,3.925672027138263,2.1024668867445246,78.19911872078546,95,17.68513818864688,1
99.94439706351929,22.816871534704553,62.38426749788584,933.0407593575022,4.908210153187209,1.5189406939455423,83.93421124423863,95,11.648198690275132,1
111.78512689798423,15.41067775967199,59.41004737867768,952.0905287733536,5.514146907634305,2.8610636361447566,77.80284769858834,70,11.146925283697625,1
86.26597111030252,15.517209412801284,45.88571072631785,856.4467449700803,5.1824993111127,2.2598154557966272,82.98673190519001,90,7.792520105344431,1
105.19902139528753,20.542613334447296,68.607772155332,917.9517373308054,5.560454252949807,2.3109640463030745,85.91902108288842,80,7.3987763536105255,1
118.68817840543853,18.525366758579285,69.4352866135874,889.0009894786018,3.9206274873593454,2.514011530939063,84.34168447143695,70,20.488120673481355,1
104.19705608357266,18.118854155906778,53.128963173493055,834.3738959864695,3.411249650271973,1.3439137645496881,72.10544217276708,80,9.868197284041145,1
102.7658150559105,14.695829842476808,52.034416678270546,943.0301984767974,5.084505805756789,1.635426344564847,78.29309611475239,70,11.847280163931982,1
100.0855608082435,20.058637534394546,59.899293223323,866.138374518958,3.770646761785885,2.329204542769709,81.40916242027411,95,14.306144820764091,1
84.29118542874087,19.841734675997703,59.40650268146804,810.1284795132319,4.134677673952197,1.6757046687914092,78.78053230185304,70,12.543617574075775,1
113.55572935710349,21.96043694585522,53.38443144997585,867.6533603579011,5.932278354826374,1.8899946110979806,80.39683006695766,75,7.195773422610216,1
93.89142360194934,20.206718399362916,44.99979475529916,852.0660661144121,5.189099556766851,1.96890373886748,81.4753537213463,70,16.393362459066136,1
105.04483256383017,19.60218776527851,57.445609525998215,961.7087405514067,4.431855094744586,1.489037844548033,77.36715939641215,80,3.2910507544848144,1
84.36965693428746,23.53100191037101,59.411492305404366,909.1915884334846,4.301968495359036,1.855673127146544,79.03280559772068,70,12.90400799674383,1
88.2054033549222,16.06259808965435,60.806569184310376,982.9429647413964,5.620921556889165,2.3658012869407328,74.09482635996572,85,12.82961604709915,1
114.35087399222236,21.609167656542727,57.79434217883366,860.0066261260173,5.211970935649983,2.2917815559271366,77.61079106546339,95,18.30443045740696,1
96.52697711042157,14.986558505613953,52.831078813104725,952.4501923137899,3.785443357677309,2.4452058647869874,72.36660698617092,95,23.82462422508324,1
114.53275476042545,17.48491435999758,62.952016316050226,1070.3773748884748,3.0521762668990524,2.4039503495163186,80.58248347846346,75,7.4433113046179455,1
99.21769340941482,16.36202860213006,55.526787980527345,921.3619480276284,6.88180183264015,2.162349570281034,79.03388897820724,70,12.905555683153205,1
81.58102227042143,22.345827606355755,51.280615885082234,951.6989317393892,3.777520774682442,2.1306713993238797,75.42102393975685,85,11.269383600286059,1
108.9206759973172,19.80376929921382,53.554772943634234,941.6110598535244,5.527696503300123,2.101332304042647,88.92629904414423,80,11.157873805180287,1
94.10107682244393,19.95949026622107,41.03224774020015,814.6754803544504,6.510692932338174,1.7491811330984157,78.7729425847658,85,7.325949900275528,1
106.98688813517043,16.679801036811646,53.54206540657169,935.149037848047,5.147597568833156,1.5880221105117545,81.4327647203981,95,14.281300294317791,1
100.25210867540082,19.100919512201333,60.50749215899735,918.3873792389742,4.399563323532796,1.72416106155204,76.80683417577269,75,2.4091122343635902,0
84.5688177205713,17.709604090072666,57.71826417711384,884.4151569961015,3.573950958304288,1.8695882733770124,77.9282598963135,80,2.5896751296081177,1
101.64294765370569,21.150365044562648,67.1653133838495,846.9578175477071,3.55998946367997,1.7376696221028896,81.62206735424267,70,16.60295336320382,1
121.96223142152799,17.026726594005158,52.89620068787437,941.6389944196222,5.376694848676386,2.165532695393566,78.33874475096556,70,11.912492501379372,1
104.92986458514459,23.989383095615228,58.89850530442653,841.6557756233627,6.450976322949985,2.0807580864257003,80.01651678444134,85,5.862921430069017,1
99.42482246994537,14.973258651127717,61.341921410446176,1028.0187362809138,4.6045409032954705,2.123729399488087,84.03412307676733,70,20.048747252524755,1
110.75343401956897,17.580440502630317,73.74285606629927,906.8501450092878,4.444279537850636,2.1405632263663117,77.40986910240574,80,3.2376636219928296,1
102.1066846520311,25.03160152989829,56.15812392894112,826.6015771328098,5.697481090811187,2.478265575113813,73.33919408381057,95,22.80084833283098,1
102.09534230262794,18.694583756113897,46.646502569087815,869.1602233002997,4.314052746095253,1.9965708430451599,72.36867855160793,80,9.53915181049009,1
89.08374827840898,16.055364006786764,61.783430026842254,883.311939702611,5.274482907628421,2.4033477735338447,87.19219518193431,70,24.560278831334728,1
102.33848025789598,20.657214687613006,69.92581884774765,1044.7425992354308,5.041801450085512,2.2066341431916667,84.65573350287785,85,0.4050194083789988,1
110.35443416416945,18.573823273356375,52.419610318187026,846.9246631914302,4.590531941421944,2.451853414654034,83.2789983359387,70,18.96999762276956,1
91.63937847899975,17.492389233145083,61.72865230885132,893.0269642049168,4.98446184126348,2.6458519337546287,77.81973597063994,95,18.08448845195796,1
114.24495821246948,16.712387567603848,64.82982444183136,867.7302978080986,6.763152114649979,2.230659831991628,73.33459994506083,90,18.51711117215463,1
99.08293975854875,28.305120816877828,63.136524351761224,929.9555091348999,5.604532944100956,2.0415072998687993,78.58849193251926,70,12.26927418931323,1
91.12230488461459,19.24534429944759,56.004468179788624,868.6869951776973,6.0925008042559785,2.0389231269773234,79.53322814356977,75,6.044304191426363,1
109.97632076920245,14.223297919001368,49.41220993429483,831.6566000316174,4.081305639079939,1.8119335681752646,74.3422416662636,70,6.203202380376577,1
97.13205764261731,24.481129277016603,54.34976361589131,888.2823252122281,6.095936147607574,1.7984911413695774,72.6517184347569,95,23.524506910782208,1
107.59514887486108,21.83321271533171,58.66880363102105,882.0363694000654,5.639020475468985,2.360846865324614,71.34843696798033,90,20.723958924466295,1
97.08241367741464,17.700600706940637,62.26578019273383,864.4653373425592,3.500403903440632,1.6145318830209776,83.28696593771922,75,11.049287916958955,1
99.40173856470096,17.200642733941574,57.671560383992315,867.671378466173,5.5397907333711,2.6459090542248904,73.97320842398493,85,12.972695971782436,1
104.93560204334291,22.020418388474692,51.96073626767539,971.0817478728602,4.486725863205323,1.9393106988383921,81.54705160357969,75,8.729402138106252,1
102.90897057590006,19.259245017531637,59.44303724919815,880.8155871439498,3.454196323674384,3.1448311572491257,78.01100073296377,80,2.4862490837952933,0
80.04468219548261,14.222066544664695,61.88068054194256,831.952340251294,5.129775732327619,1.722753829268153,82.94818954388069,95,12.686116269599276,1
88.78756259905607,25.361719893814005,58.036880451315845,872.2730421720087,5.53904259106261,2.1000755679921337,81.67912255984508,90,9.245419377949906,1
109.29409984790816,18.69802861335213,48.3105030836934,903.2601395679236,5.151608068644562,1.8592602919006322,78.84031291054357,80,1.4496088618205327,0
98.67863411098453,24.48671520944728,53.54875172226248,819.8238218069188,4.890861415154244,1.6827663633826913,80.65226712604608,80,0.8153339075576049,0
94.76268697228578,23.835304873897144,62.582566211299735,997.5586776003839,4.669414661541668,2.4255201403514874,79.44831945811644,75,5.931092610821925,1
86.41425984742526,16.996971366551556,43.93585753004421,952.0547686503763,7.466588009341557,1.5577783222408774,76.92326424683465,75,2.5643523291128645,1
89.20263678724152,23.099569593089445,38.25457582087073,985.8103646171268,3.8174306114713543,1.7295701972103061,84.90041392728932,80,6.1255174091116515,1
79.78201360038052,18.045672350408957,67.06466280115217,923.5276875292609,5.872921982357203,2.2345278835659643,77.88463123379,95,18.016177648642103,1
98.98719281298467,14.399898239588174,59.09132204017504,774.3781529921939,5.0154229708889835,2.2979843243797617,79.56574926874261,85,6.393236154420462,1
94.01562419418953,18.726205501933574,59.85384002016085,992.1200229983108,4.145533493732968,1.4432458315089916,72.92437450171246,70,4.1776778595892345,1
90.33412109014685,21.192912505328838,46.38546421098355,848.1858984174064,4.951600949371421,2.2326707540861497,81.37022301922407,70,16.243175741748672,1
99.31876574832047,18.61179005601099,60.900224507732304,853.0687953598741,3.6070673624113825,2.0515599653665357,76.9470920142727,90,14.50323109525256,1
103.63970630852738,19.078854977224697,57.201989500546915,909.3795086373266,4.404509593193146,1.632910656855388,77.61575670421048,75,3.4876756056139775,1
120.93197932209945,23.43069813478584,42.325379377212826,982.693790800209,4.953065674164394,1.6844473858657785,75.8021956955778,70,8.288850993682564,1
84.88116580436787,20.319481940870276,66.39426731419086,963.197228037144,3.4488829414008704,1.1866194288206398,79.38001776055826,85,6.611743811107928,1
111.59381043300522,17.47010506614514,56.26946658894983,954.3768672105613,5.506382538488058,2.686977771119031,69.96763692481504,90,22.258181194649957,1
109.73101561015072,22.10609097100198,51.83132827136585,881.2903768275268,4.036238959088468,2.406168165990803,83.4117850645663,95,12.198120984667051,1
92.209072606233,20.593026700862737,51.976082032118256,880.3435484344733,3.5482790419864476,1.4843419959287123,79.80667612660386,75,6.408901502138481,1
102.03235954586032,12.435185595613872,38.87822475654099,920.756620078804,3.9195822641716296,2.319563069116718,77.66357199398897,70,10.94795999141281,1
95.42366750662384,21.285058741314344,59.746692797050905,892.1957495229881,7.175954161835486,1.7703910624201333,72.2588466710454,80,9.676441661193245,1
101.85688580418739,21.175486123148303,57.094857657965804,953.3590744397612,3.02193585813116,2.3659242145398798,82.16533343239985,85,3.334901844235473,1
115.0913101340455,20.06036338874258,53.44735894133524,949.8070598697136,5.43612308876979,1.801570572336367,76.82836219852462,85,9.613691531147511,1
106.05606232631312,22.675101743208725,65.22788165961337,935.4804792703624,4.2483637289807135,1.8546583619568167,86.53043435124157,75,15.37391246832209,1
105.08608373233442,17.982819247020494,43.92912784803323,748.4423230938373,4.649871828482438,1.884661092896934,82.4315948116489,95,13.229900198264307,1
95.69690680045358,21.009499366462702,50.22582018905908,907.6793018206358,5.603930928680333,1.7370578633354747,87.67327844343562,85,3.145033462865436,1
85.15943335075664,15.299121886497941,48.19993396191691,893.468767156038,5.5548187148389205,2.5597085500933217,80.68485020394286,75,7.57980027192381,1
97.91531789459592,21.221271150196497,52.769640161827574,910.0815361055719,4.319303580838209,2.3594107972325915,85.38911380581078,85,0.4577809480126822,0
112.06608154863915,25.85917908661969,55.539760202057785,854.7405216872156,3.642175993366706,2.0439794153333115,82.31385522649109,70,17.591221752130124,1
84.72832143410352,17.015430942597376,58.44010819049084,820.5128453760465,5.622140973700639,2.4098272655943243,77.74509293898102,95,18.163060064230507,1
89.44910631823305,17.720593604036676,52.22421237515906,927.7883087985024,5.552377193009344,1.3491713139018162,80.93605009242067,75,7.914733456560896,1
101.26267736234068,17.869953671325344,47.98115411876085,878.6219209360763,4.715030491211811,1.508616488579587,75.83006866770532,85,10.788154508581977,1
90.15345215152738,20.389994677404786,68.48805559816356,934.4815796224559,5.441944383808378,2.189821904943185,90.34389716487186,70,29.06271023553123,1
92.07476552884788,16.810891181438844,74.29312153430855,859.7451373389138,4.554170519024464,2.2942146223231554,79.49567445147294,95,16.320342682660065,1
95.76401418271823,21.263742136072942,56.1462933750562,984.9546384295606,4.1729624349652115,2.1117630185023004,80.13105145759326,70,14.472930653704655,1
86.3438259580985,22.540519836407494,48.945757063833064,960.0638905542457,5.003962181121075,1.2469221299686726,81.9499293081676,70,17.07132758309657,1
90.25878153783631,21.603041640361354,66.80363304833836,917.8096265127529,5.519032741091517,1.5750661902649008,74.56527337841636,95,21.510238549035407,1
107.03427916787308,14.694753723085782,43.42594314937228,887.2026951968431,5.309250269552434,2.1666367466016676,86.60685552833287,75,15.475807371110495,1
86.92630217769036,22.98550299547582,52.32181340236138,951.1445326678918,5.509162680076672,2.970588915696507,74.87335224615974,75,0.16886367178701298,0
84.02127865505162,22.81210224276104,49.43106358922959,923.5528689142444,4.239421126710874,2.4871650660233713,73.74264718819303,85,13.243944484478783,1
93.69975020466106,22.490484117038914,45.72371559639609,914.3150512758363,6.581881124758253,2.630921719388309,79.16737993648488,95,16.665915856331708,1
107.31955502509845,21.118526745967475,52.75980613662584,962.5719245735766,4.657619144661376,2.1358901688761196,73.60351251105207,95,22.52261840941887,1
98.0307819200311,20.660567942615398,48.08662336660828,985.5921692643984,4.881084348523409,2.132996392315751,87.80970268095687,95,7.568734020045395,1
95.35418921884381,23.09716819437919,55.10123571318923,824.8553289308674,3.681344090782132,1.5866058130975695,78.84648365158472,80,1.4418954355191005,0
100.44358797515606,25.770540462810363,55.217417341379715,836.9769535590116,4.806144843702716,2.380728821220647,63.89416251079785,80,20.13229686150269,1
82.54292567140348,17.14087860990545,50.02934621182416,853.1843564712722,5.532237736851517,1.970727318983599,80.9997425906252,90,10.000286010416442,1
104.94705653775033,23.234376187384317,52.03589314724904,809.854524141387,5.762510612692664,2.2770929501854877,82.7675299342702,80,3.4594124178377506,1
103.83435031403644,19.741348705977643,53.15320825677031,896.2350884658509,6.561940737186783,2.012274541152374,77.89283875804891,95,18.0075381494222,1
95.90691525904279,19.6109808439142,61.47876848895542,936.0069873146704,5.520234895825461,2.111647369900296,73.22053487119396,80,8.474331411007547,1
110.05924511796417,15.390407928853884,53.812564791486516,898.7149023028599,5.276913195799703,1.9649087534805512,79.48346491666751,85,6.4900412745088065,1
88.72503901046962,19.145631771453814,61.59761392628878,867.9527015032263,4.553704888485681,2.089849879129157,77.59147266386577,75,3.4552968851543637,1
111.2790899325357,17.008205126094754,59.68650386843724,967.5874654277495,4.3382595917669935,2.4000306230180923,75.12214040070482,80,6.097324499118972,1
101.54493665595251,18.608436711482163,59.57224557520593,908.433384192405,5.970248514668156,1.4935081883723105,74.68087464952625,90,17.021250389415282,1
96.63447410121826,16.70544084866555,66.10276776276778,920.5789780419791,5.951070351738909,1.4028310294739559,80.78117874468693,85,4.963319123897734,1
99.80126364631688,18.65327483806098,46.04487296203272,969.2540882939855,3.9229872991512273,2.1703458310555597,84.51510900194828,70,20.735870002783248,1
98.92735234189058,18.78166892892979,51.21453514954309,892.6054836689319,5.723095887153481,2.5762297191630465,82.30771918998549,70,17.58245598569356,1
112.20282896417717,20.2902647553164,69.10639040239656,1023.6128443574809,5.6503836913958425,2.6770978467204327,71.3600107070581,90,20.711099214379892,1
89.23320872528987,15.155750413126007,52.94146799528586,873.1310997676941,3.886191114985806,1.5102359129159713,83.07739002277991,75,10.769853363706545,1
92.37480760853401,15.66344555676403,32.4790104807532,1019.876892270774,5.5404568047891765,1.8388504658390505,83.86237006013525,95,11.723820989331319,1
110.3630289207248,21.08574281219158,53.376253254816916,841.5158890852548,3.9504535405181924,1.4083138982220362,86.96848375423883,70,24.240691077484048,1
94.04465064816141,17.607685648789705,56.079516241305996,931.0490941728265,2.5707070323265113,1.779755349445152,75.25056121954053,75,0.33408162605403885,0
109.00533077331592,23.223589370689794,34.06309506055031,861.4480698716258,4.83989758630795,2.4491392380197445,79.71698680317687,80,0.35376649602891774,0
116.99435983008709,20.67580916604514,65.67148511910358,967.1739670188656,5.257814705254989,1.9948432865766401,82.83762125151917,80,3.5470265643989585,1
95.98204973058367,21.82028645061922,49.290300289075184,871.3060435284943,4.884929195116887,1.850450368150485,77.36223150930195,80,3.2972106133725627,1
106.81362326575305,24.232076961262685,57.628504921500124,917.4522714386452,7.867106817187974,2.218034302564484,82.75954925173315,70,18.22792750247593,1
88.46307718660141,19.070867564580283,53.1921476372475,860.9674802375058,5.378851229234974,1.6819791640762116,79.87986836891046,70,14.114097669872091,1
107.54733298067809,18.276539883751173,44.693188646367666,956.2335104199968,5.1471418192987,2.637191345952743,75.76772591672227,75,1.0236345556296935,0
101.99423985986768,22.61510775679644,46.435934922916644,860.6549243616516,5.429591303314091,2.0029139888965894,76.19378880654727,75,1.5917184087296996,0
104.73038282160215,21.528540691789058,47.51933730857962,1001.0048906845601,4.558680995599902,1.8392823028160403,86.24644678137429,95,9.2142665459218,1
93.54427927964605,19.438009070536097,63.685375273469106,840.2401735823166,5.929479062093539,2.2347396939182445,75.01790668801664,90,16.646770346648182,1
83.38916584432828,24.174373900867828,53.81969449519879,819.2623249003112,5.361001946177101,2.3757144640844188,74.15999857915193,95,21.936843600892704,1
105.03252064749505,19.36326707048021,50.82507586758603,957.0931246847451,5.31517170389249,2.6383900960597035,81.72189432365904,80,2.1523679045738042,0
79.36596847520545,20.098320912667344,47.523128699278146,864.5013815841887,4.375879777133061,1.9160124374967342,79.84713607828753,85,6.062192849073489,1
96.82649507757465,20.063667952502776,64.56920177220901,899.5657611930278,3.4356696735509065,2.4344226090774868,73.44189311286631,85,13.597772808392575,1
109.4118186641997,17.196218315304588,66.7136101801887,880.6655307698568,4.4986139109227095,2.040484644759999,77.40289912955238,80,3.246376088059524,1
101.91897735873036,20.232756168459172,64.47795118965344,821.2435039708386,5.282633856259892,1.7554479916105221,75.91609260869723,90,15.648785990336414,1
119.48342644789813,24.190280532195473,58.939498713233334,895.3803801516997,4.555300520255054,1.6892753883983063,76.79166226876549,95,19.166671296036323,1
110.25109152581773,21.33490494612853,57.31864033496569,975.8949536983381,5.291727167067371,1.5612066225467982,92.62485198403323,75,23.49980264537764,1
93.46101611674423,20.093190279196794,45.27249745619279,960.188220198334,4.767638123143695,1.7033224004443546,78.48710047662986,70,12.124429252328376,1
100.27313379851438,19.51469815650299,53.03344698631154,913.9075657575555,5.430579484626524,2.4462826487040337,75.59374527913926,90,16.00694968984527,1
99.52629297455564,20.992601085219054,49.529118373228506,966.7360975821065,4.023175874124686,2.282683840714415,90.10893745399825,90,0.12104161555361277,0
84.17823236653872,22.249299885467554,40.39590312812232,836.4288849183494,5.192890011885082,1.50351533762322,84.44127399096197,80,5.551592488702468,1
90.59601083515646,21.82771649266926,63.456347353322926,880.4727402656996,4.3590458536486025,1.3014436319140257,83.62412780292705,75,11.498837070569397,1
94.3923909302014,19.004405414534062,49.433360428861796,923.7482964438125,3.4617170578693637,1.5550827376814356,75.83452852849317,85,10.782907613537452,1
79.63779497144063,20.974344782330345,64.56753525948245,892.1751103909733,4.834845876971625,1.6893055167011406,85.95741678843252,85,1.1263726922735589,0
100.47493468251643,21.439819223444836,62.0539712060801,885.1906001714066,6.536317573818047,1.8786937157691965,84.08137294116419,95,11.4932916408798,1
97.50928155346959,16.978415037419065,59.45374381306735,827.9613760607343,3.5414235921540174,2.4691454092034855,80.73544790919007,95,15.01531799032624,1
83.27106098688425,20.504691623551082,59.90307257410547,775.1195166814373,5.119392250394199,1.7809132564401333,71.41848438563876,85,15.978253663954398,1
104.04212865277331,13.516088341092914,50.07748894341034,949.0719854969782,5.7975770632642245,2.6721999840709096,79.90039998761085,90,11.221777791543495,1
107.1587274469096,21.447601129463557,69.86280121032532,914.5932943951335,7.300030685144451,1.3279200430714528,88.6496535708269,95,6.684575188603264,1
102.27034478864888,21.981029163688046,55.34500344762439,954.1199026926056,4.507067017553313,1.8605469916950774,81.1019140987102,70,15.85987728387171,1
96.7593182479103,22.242638377359377,57.41545348094963,873.7658434704975,4.367999395395687,2.3142194676545604,78.11766736459069,75,4.15688981945425,1
105.91442151751855,18.814859443491297,49.80738933146689,857.2333269103443,3.8333078040607336,2.3388821009465737,78.85771328455665,70,12.653876120795218,1
106.80220360476692,20.927140505072103,47.55067791378432,900.3928779981981,6.140516334846219,1.865714417444643,79.20373846593091,85,6.8191312165518685,1
103.07403569719689,24.2718615366235,58.81836807047539,951.251978916769,4.132585670760925,2.400701373513679,76.0019289311153,70,8.574184187307573,1
91.75387749565239,24.241308944873776,56.74010796751028,886.1128671007408,4.6294035682246495,2.324878577002753,79.79377585318592,90,11.340249052015643,1
102.7660076551118,19.91248190232032,48.68518107277938,948.1071110597092,3.151062122628745,1.7271541362749958,87.21367264772775,80,9.017090809659685,1
111.95480650825479,20.41795889218868,43.492586249796766,839.6215196644148,5.883971842678526,2.125971387377769,86.6472743945549,70,23.781820563649855,1
94.0337094138827,23.3327334342033,44.84061530137962,890.313172009808,6.158258280778027,2.281445313630738,76.22832044837968,95,19.75966268591613,1
120.97939339132431,15.497593954213475,64.56906973672886,895.7931513553182,5.845775063584365,1.75578609297087,86.37948692275347,70,23.39926703250496,1
94.74369066014616,19.030772771968927,50.09396948279943,973.5833966353152,3.3946747186462822,2.677730180107665,83.80570656326375,70,19.72243794751965,1
100.32407013340136,24.006711366610272,52.28873163459333,912.4576438809545,5.607151040779306,1.665855221352943,83.1666926880583,95,12.456112959938627,1
93.27514403993663,22.9256016250543,66.6027220700725,1004.7646510976517,3.327329615275999,2.057637153317805,82.15955940820066,85,3.341694813881572,1
102.2327083592026,21.107791332949713,46.022795508108686,819.1389120031511,5.05804030206424,1.5000890734321968,75.34811810610272,70,7.640168723003882,1
82.57778307364725,15.482502784008139,49.184041394263545,907.7951342646768,5.205077579983797,2.041344079465024,77.97210907521442,75,3.9628121002858925,1
94.53958201183279,19.850269300876516,48.849865371514454,910.7638823508267,5.310183218108265,1.573170713571671,84.16459201560663,90,6.4837866493259675,1
89.07878799651432,18.2302538112502,67.94454784932832,937.205591855212,5.534636532637468,1.882348343468295,73.96564828062526,75,1.379135625832987,1
101.35338347892291,20.99311670845164,70.94706800465931,851.1984038130665,4.991966396440728,1.3653609754715612,74.79612447302063,75,0.2718340359724986,1
109.94447375508908,17.571959945615358,61.012505803217365,1001.0667803646502,3.0375704872714477,2.3199253601302887,81.53098712382953,85,4.08119161902408,1
106.46006187114551,16.922829815076177,61.267077793233916,900.7778364883055,5.535121008799532,2.142512019896643,76.05233669670449,70,8.64619528100641,1
76.28340639141108,13.805404166949074,50.35715997717815,834.775949223905,5.097608141127748,2.43496422145468,84.11947176850383,90,6.533920257217968,1
120.4206965292788,23.665414054930103,70.57862789523426,899.0385005751829,4.097380208628767,1.8608779341440655,76.22891021871727,90,15.301210868091916,1
102.95279940620868,18.800688465670827,57.1415700348693,881.2103086271932,3.4306025788633914,2.453538946752399,81.22190072431573,90,9.753443639649188,1
92.23500859507,20.471437351107603,61.824882115597916,1066.9941085348398,6.540022185924359,2.0157118581579345,81.64035782325365,70,16.629082604648072,1
101.5712791899094,19.993285650577455,54.155800489832366,962.9966159715008,6.231300538290682,2.0452669837714947,77.58952661051262,90,13.789414877208198,1
101.76189822502693,16.7976982011185,52.85573930137911,902.979681342493,5.705957407307455,2.8456213301407756,78.80176685172704,90,12.442481275858846,1
93.33151283048436,16.22280526565542,68.30433807676894,893.2849988880478,4.323700088765297,1.8061296140245584,76.59994259980023,80,4.250071750249713,1
101.97916667342075,16.984054622008294,59.317789437906455,957.0634117488879,2.4830044477884825,2.4909836124619398,79.90697647173882,80,0.11627941032648081,0
93.92527712379693,17.83049468351182,66.61100368856306,959.9317296196929,5.764679175435235,2.1918739762190453,75.19156379956037,90,16.453818000488475,1
95.95638007309977,21.099818741041414,57.042625373960355,725.307004840761,5.366686773855075,1.7712380431018069,78.88246124251471,95,16.96583027103715,1
93.13720864244915,17.612847009438166,48.21306770861528,938.579589284,4.625337690927823,1.4737236438146109,83.74245503897608,75,11.656606718634768,1
85.67328710260347,25.239471894783865,50.333256536972094,901.6779926387176,6.124806306697876,1.5867659798178038,74.31624460469665,95,21.77237410031932,1
101.45836470215384,23.08145310767945,55.82372193971688,821.3313706927814,5.84799753396285,2.4522699191418043,77.56465294011053,70,10.806647057300763,1
105.85299436516338,22.425078648997125,49.98799827165339,952.8128483774506,5.17609548823085,2.693759810734783,82.59131204992474,75,10.121749399899652,1
105.14883596076372,19.64102329258055,46.140308730978475,1034.7712808134959,5.035058417871113,2.0365759612840906,69.6117760915967,75,7.18429854453774,1
108.19925252635234,24.542842207161453,64.61133625429619,933.4077568096668,5.05096771759968,2.0575527050484492,89.27792018199669,70,27.539885974280985,1
103.24340210014869,19.345983106636627,50.641039433411905,966.0257065354118,5.679939872834746,2.3105813732625946,85.22628957015466,70,21.75184224307809,1
94.67274501783096,19.90621575753726,56.105541982330564,1008.2471455178642,4.142523653457012,2.029320811741274,72.3083220988134,85,14.931385766101876,1
108.39663864431189,20.509923619247807,57.36906871908484,850.1842709567969,5.425983121785037,2.439880015188129,69.47902100034125,85,18.25997529371618,1
86.42482460158065,22.105469121630033,50.294774997435454,788.545713289985,4.07940905553041,2.116648900265274,80.14808793667031,85,5.708131839211402,1
90.9932861748752,21.910724237008957,66.60639573046991,939.4119637985701,6.336555171752234,2.054216525460977,74.39877902048943,90,17.334689977233968,1
90.35799928576755,18.57462416466619,46.0628659103631,885.1433078135129,5.532128571575234,1.7203148610023529,84.80746645099205,95,10.72898268316626,1
110.80056059139311,18.401018841722138,57.09300210864617,817.5495928577075,4.31177173836107,1.621893168210687,81.97001081065844,90,8.922210210379514,1
109.42788514140075,21.919708871456255,56.96894165101267,895.3098038318524,5.08059582402975,0.7363647945819028,80.61689508168635,90,10.42567213145961,1
104.87305237044995,22.1457097516737,54.565963177086815,943.6528424274372,4.1462136199719595,2.4936467199767485,77.14871807488198,95,18.790823079071593,1
110.71929865211797,18.819946625531383,44.62469909382414,891.0617001141384,6.504112837700796,1.9413571779110699,88.00003819894677,85,3.5294567046432572,1
91.20717217588012,15.238435790964639,61.96654041490771,852.7903421558977,6.622875984471209,1.8398410621056875,83.76726050360843,95,11.82393631199113,1
103.4859511986098,19.378051711975267,60.94808536267677,886.5895763822094,5.696223682562848,1.2193170814458265,83.01582904510323,70,18.594041493004617,1
98.74825571616836,21.870577396477575,49.59545177127027,898.8314120819193,6.556656567654578,1.7439548936910592,86.0002798231372,90,4.44413352984755,1
108.46882103884914,25.41625053925934,60.659897657642894,784.2310642424351,5.1517959488725005,1.6913254166868417,74.90569568253565,70,7.008136689336644,1
98.84775767447802,16.406126112978015,57.999261490406205,891.4335028097584,5.763512567174797,1.6820907651076902,86.42368934519546,95,9.027695426110046,1
96.15057111589918,18.72028624150828,44.75510283711113,819.3395716713065,6.224724521909756,2.1331344572610513,78.67695851818681,85,7.438872331544932,1
105.4090851856099,18.83178931542387,48.16856868342914,939.5415571212658,4.994256404484083,2.0488994212784015,81.67364848301224,70,16.676640690017493,1
108.76169167191233,24.067416018294505,64.10625155911663,806.3374454647933,5.071103857317345,1.455481626552118,79.21768495164034,90,11.980350053732959,1
93.31654805153198,19.895175498624102,57.475329481136406,960.7615322730562,5.933656601428898,1.480863560037067,70.61067196813207,70,0.8723885259029528,0
99.38924328647624,17.278020321883204,50.48557643351499,875.4500958471635,5.6464979655959935,1.4801285790678536,84.78674130486124,85,0.2508925825161909,0
89.41559366358348,21.676085848765457,48.132192870618866,867.4214575936793,4.244539279798947,2.7242104350268708,70.87758338546271,90,21.247129571708097,1
75.0193898250706,18.78608443987716,50.87684961507664,917.6672758381184,2.813170628728531,2.597089051476652,75.16739699993713,90,16.48067000006986,1
102.00459631413729,16.32683817992614,51.44416376097836,848.0379332865965,4.824471937402952,1.659080400360161,77.73587684785939,85,8.546027237812485,1
106.08905356254633,17.321680078171546,48.23229573896599,916.7247452478039,2.903085820774821,1.2093622720017076,70.2319222699536,75,6.3574369733952,1
102.62066809086726,25.202125863267856,41.06588710093358,856.0734735186977,4.008982663894452,2.0512176972050082,74.49688688598145,80,6.878891392523183,1
80.50438282245634,21.152627664948387,64.12010629120628,866.5959292605138,4.125713042799616,2.0187760464950686,81.22410045392016,85,4.442234760093931,1
96.49150569923525,20.32328016635763,62.765069380891546,924.3212501597482,4.431357689059873,2.1267667947953592,78.26674404232232,95,17.61395363966072,1
77.81652239948919,19.25031879256386,44.813956385545126,831.685155975937,5.820438144163542,2.296549556990933,78.67923563137424,70,12.398908044820343,1
113.69701107654186,20.876446526356396,56.09049036450934,824.1397618942586,6.03767954073026,2.180681581358377,75.42496774505705,75,0.5666236600760612,0
89.13945417881914,20.840707838007482,47.78209437828187,914.8935304446205,5.508740719807207,1.5534241873998986,80.23090661878945,85,5.610698095541826,1
112.55403609459897,20.876506484621977,52.90746221418772,898.3860088506369,5.632506976061805,2.117616434865607,78.37375987401701,80,2.0328001574787358,0
109.45869643684145,20.34453527083326,52.24186736101075,910.1215646885635,5.6561204563686465,2.3415294301342615,71.79517299490817,90,20.227585561213143,1
90.99409647463938,22.606395014916647,51.57732627425702,919.6583542032853,2.503170008779076,1.7103993107986508,78.99540665214536,95,16.846940366162777,1
88.67215048732255,20.069313038002193,71.02357667261029,903.4425332284188,5.010197682007116,2.1199825875023435,73.7904408654093,80,7.761948918238382,1
103.50370216386338,17.066183493342084,51.47739452259048,936.4855574380241,3.203541278829995,1.7788877130128768,84.48848555971283,80,5.610606949641035,1
91.55675962816929,18.162731327297394,48.5338893994646,905.8461772187195,5.509139475671541,2.7984678883764915,78.04246632650698,95,17.850035445782122,1
101.02484642158207,14.062943919530863,48.89934856402362,779.5617660194819,2.906891852680303,1.469269144453192,92.60762215365394,85,8.950143710181099,1
95.17172409193081,26.080451348127177,63.35021565121404,795.1269243202887,4.819561464649301,2.4623795746114405,84.83451268260725,90,5.739430352658606,1
82.18841585534366,22.58826377585806,41.78318134645652,1015.676950814525,5.547769776019587,1.3316748954298923,79.34865412356416,90,11.834828751595378,1
77.69531980875541,17.50978851461229,48.89901666851584,900.0043120235318,3.882242051683688,2.717221074086643,82.8973941661196,80,3.621742707649496,1
102.26684248494597,19.1544654518087,66.57458272089227,957.0144991030259,5.96171596051322,1.5433803730302362,69.55100405644185,85,18.175289345362525,1
94.38442253669375,18.0893705773807,56.95188950398117,879.2577656623754,5.506622169951747,2.0758686175957344,84.81189703454878,90,5.764558850501357,1
94.46910183085868,24.62764163412235,56.53537604028891,896.5190943363642,5.38082469583791,1.348322725321278,75.89854751421254,90,15.668280539763845,1
106.95863839093785,15.740368507187213,72.05717168114961,872.7981207437493,5.698001587510531,1.4600075531913157,80.44866518522177,70,14.926664550316815,1
111.73442276632444,20.34342817645634,56.97078362358799,1047.9556398876819,4.640799912233344,2.3590988190498487,76.36188743574994,80,4.547640705312581,1
97.2745527863819,19.674416472305456,49.33451070912334,915.1945453418485,5.1519188637568085,2.4112649245877886,76.89340812378319,75,2.524544165044252,1
96.59401293090139,22.480515892127343,52.743383544989214,867.9085256696281,5.010051572234199,2.095743572947059,79.09433955010287,80,1.1320755623714085,0
105.00143033113883,19.687972316825913,45.91654152775545,800.9076171941886,4.987451055383855,2.2964326661960963,80.3841638750331,85,5.430395441137534,1
86.43064430300424,14.725373370033694,65.04749632012557,1018.4240065641511,4.327968923352923,2.417951497061589,79.86542059605354,95,15.931136214680485,1
102.23153054747696,19.246646496072678,59.596493740293724,890.2032968863018,3.7574678852772943,1.7263292544802742,79.99007687930985,95,15.799919074410681,1
105.51885971822153,17.083513346170026,63.99531319976711,944.6537471736958,4.663141650710525,1.440415426273274,71.87158646259279,90,20.142681708230235,1
106.80230208417629,20.23873863966968,64.70387142839496,951.3598374183928,4.608052092805733,1.9945186455188821,91.66024802132054,90,1.84472002368949,0
80.63247297497536,24.30253110956098,51.68631375257974,872.2301685941777,4.26326901248311,1.7691195256411167,81.15990164534006,70,15.94271663620008,1
92.3864473019106,14.781724267303165,47.441977183928884,940.3471665231693,5.8520537818100244,2.1554485920803983,82.18783672818566,90,8.680181413127046,1
91.21736747176533,17.59933179380029,54.586295109535634,863.7517027949029,3.827793382144387,2.2192114448351705,78.3000444460247,90,12.99995061552811,1
100.99886954409213,18.34192113864951,48.017911433691694,840.574418277635,4.828490841108758,1.7273396837722876,75.6292265272119,95,20.390287866092738,1
104.80744579767983,18.855106713760367,56.319655003272196,969.8678815507327,6.166339711561252,2.281643417186577,80.75517865485088,75,7.6735715398011735,1
114.96710407445981,22.22037699231573,64.05677504667752,890.508637210668,5.909129352599552,2.2616553503805235,81.44638455320514,80,1.8079806915064187,0
95.05034519631927,19.479366747315837,53.65488283160666,931.1107700161593,6.216293885097283,2.289327031555608,86.50904438727366,90,3.878839569695932,1
95.02427501690786,21.247408177161336,56.19996071926191,924.6552596329062,4.409219422625773,1.8368830491957626,90.38808841757398,85,6.338927550087038,1
111.49672018878746,18.12268086880467,54.24923507021307,938.2759176033173,5.7842881257277075,2.31196886593143,87.38511201995108,75,16.51348269326811,1
102.96576938530305,20.68977303625381,61.421820579501585,806.6077839479025,3.9370296030218683,2.208000912270077,71.16735538290021,75,5.110192822799718,1
112.67651511187974,22.333392892633146,49.65774084569368,864.8825681210178,4.72412604418346,2.2560738579026243,77.69790929595104,70,10.99701327993005,1
102.88728003009837,17.803101350788733,37.42842990685521,880.5314905502145,4.818244189219807,2.671115425235411,81.67908559977184,85,3.9069581179154844,1
88.4288338128673,22.344074359419544,58.76695087500305,850.1112796259106,4.424159787801989,2.1311096759701647,77.99857173793784,75,3.9980956505837826,1
86.66871645222193,20.157118306182706,62.902675370463946,925.7404108809833,4.638186011915475,1.7572151104010132,79.78086591627132,80,0.2739176046608449,0
84.48487750941071,23.13638072144676,58.570993958068286,971.2135846557538,4.506624072502647,1.5558181876002142,69.2743187795341,85,18.500801435842238,1
106.62051834758473,19.39574029976908,49.87815603625589,980.7110793207779,4.017606188898305,2.451174463997529,84.57106500491652,80,5.7138312561456495,1
111.88596823087008,21.143733965486298,45.91990321451145,879.6477140874069,5.856413506005792,2.142923070414179,70.62272380596771,70,0.8896054370967273,0
118.4936214138638,19.87818130496441,58.95598025424257,917.5179517474744,4.817549997125731,2.66800879532809,72.13755237926334,70,3.0536462560904862,1
108.4310533232324,19.711363213878265,56.13183162347739,926.738610269406,5.201436543917286,1.188179123519812,74.92664607854176,90,16.748171023842485,1
111.62838577534986,20.77679128467707,53.993658978733365,937.2753656522118,5.163776871192855,2.364266835114577,79.512330231156,80,0.6095872110550005,0
94.19983667346315,21.61042240767471,69.57970674395033,847.3118956156413,5.054726425110022,1.8955450658317488,71.88637322410571,95,24.33013344830978,1
88.43584183256144,16.251305264227984,47.425599246549346,1009.2348160958979,5.0928045460564295,1.8585916020475317,74.69803882967585,80,6.627451462905184,1
108.50079332417553,24.300900826453635,69.20029616901972,955.5912110607867,4.694582779968979,1.6940768639405637,85.74472521154772,70,22.49246458792531,1
104.176807522394,14.421010878350604,55.25427123896512,957.1589606215465,6.418396868514863,2.3598284055540573,79.43819823487287,95,16.380843963291714,1
101.07444374340892,17.94556367078331,40.315436185033,972.2076034140238,5.760744761635359,2.24541447091329,82.1677348934903,80,2.7096686168628814,1
103.8737148063299,19.717192787705297,53.56637876544687,932.048156535959,5.01838203277102,1.5430471899842237,73.81878607875127,85,13.15436931911615,1
103.23185482458206,21.237067907257845,62.67596861279553,838.3611946169417,4.552945564033937,2.0659685751700283,79.73081987721385,90,11.41020013642906,1
112.83816859853562,24.728517583224136,52.07955973756023,891.6616361066935,4.881179157270919,2.2824457322721883,79.32066696844316,90,11.865925590618707,1
112.94985584816956,14.425125535324678,43.20177167009284,800.936796296285,5.417621516371746,2.0712042103703627,76.02364764546805,85,10.560414534743476,1
105.44220352340346,18.476917614830867,53.68388374563064,924.9043505819451,6.4999400925363116,2.4431361200107755,79.74461447941071,75,6.3261526392142855,1
108.45802872562928,13.619499536602204,48.14262100886636,889.8471805100672,3.6269524553349557,1.883984582444327,70.5393735358854,95,25.748027856962736,1
105.14062552424775,20.094865921730744,58.9345152087037,897.5686569883841,5.6597747586417775,1.0982569307582102,82.19304372168065,95,13.481006608757207,1
95.3883026796538,20.815050753500092,61.18719852854089,972.2400678051391,6.126723636778634,2.074687024307295,78.00253641223429,80,2.496829484707135,0
107.5656467491314,24.772387226513757,46.549836738015145,872.5803576866124,3.513281530094768,2.072250307762032,78.71390304088261,75,4.951870721176817,1
86.05504931140739,20.361904282680364,49.353567559074804,884.8726104736754,4.818849123268725,2.1244745986817417,84.25882901058391,75,12.345105347445212,1
110.53891552295883,23.132075388327138,61.0531397208555,901.3183977577929,3.935482026916961,2.4427916391870803,82.16016738729004,80,2.700209234112556,1
88.05477060233964,21.751511244617177,48.129245773608325,789.6004650351821,5.430529611677034,1.2190146986826773,78.40830405469444,95,17.46494310032164,1
102.85803286794733,18.694255408984496,46.34273491337604,884.0361806542799,4.6416490676444475,1.9046066782669357,74.41706985443983,70,6.3100997920569,1
91.5484604157384,15.773117759623883,45.570470945629964,750.852305262829,4.869860933119875,1.6309368767993795,86.64330702393795,80,8.304133779922438,1
105.53388983074427,20.825006894875433,57.81630890366496,864.8687062862557,4.588944192721526,1.516787844752606,73.29938999036158,70,4.7134142719451075,1
99.66074774072091,15.523693948563908,57.47326175613971,951.3113432035697,5.720163432768269,1.971080400174843,83.14683451300576,85,2.1801946905814624,0
84.05244041836667,23.885621218008932,49.527631756967665,926.8359934950641,5.229032960598138,2.28072881211227,72.01303027896817,70,2.875757541383105,1
104.20699631018479,19.513813693889528,55.040683169025876,864.3107813727554,5.230926764039656,2.1203786419436637,84.58936651572563,75,12.785822020967505,1
94.22079223167289,23.58553223453425,67.21705907324105,902.4478930934288,5.160621825081454,1.7249910310016958,85.05300426441784,75,13.40400568589045,1
108.81146720813369,18.5593566976028,47.20751874465422,835.5006259721757,5.572490880452137,1.9418113601825127,70.43694578405766,75,6.084072287923126,1
100.01325688734407,20.806552359202975,39.386059127916404,899.8593958110288,4.7380281451436765,2.3719585778518466,82.24667526343967,95,13.424552354274033,1
103.95420985388039,20.628046572004067,58.64060460576297,1075.8192171295507,6.700774787540927,2.273251698024009,81.83251823874927,95,13.860507117106028,1
90.42431044984788,19.864867645967227,54.11679068878729,1010.7480792223159,3.7652052487814807,1.7788919947093482,83.51524652343014,70,19.30749503347162,1
94.10667768572638,18.702021459810222,49.31979930547919,903.1573278010356,3.274081551830351,1.7530014497344089,81.8262013750916,75,9.101601833455467,1
95.41361363898916,21.17736805541156,60.21664189883926,909.6086498949225,3.1913194313914266,1.3134063357604011,75.18842153604889,90,16.45730940439012,1
108.56702480242555,17.221510209550374,61.71380115735032,841.226081121927,2.9204118807075643,1.8282354665670544,78.91383516265064,80,1.3577060466866975,0
116.77377087805489,16.371694013122823,37.33377584095926,851.8926535229369,5.673169814820252,1.3056844278245934,88.32323268216985,75,17.764310242893128,1
91.94828248257124,23.728480679980482,49.77921672534809,921.7310593262816,5.551367699282641,2.826827874954446,74.46093262025214,95,21.62007092605038,1
110.7684814465768,22.181503966676303,73.54012984957484,868.506446061811,6.207776491775595,1.657952737253316,81.61428979175587,70,16.591842559651237,1
78.30322582274297,20.19767482580672,59.66723932638553,954.2489756910949,3.943361785294478,2.443592342125287,85.75626936977525,75,14.341692493033673,1
88.0581059890771,24.995427147631343,60.4088291063772,994.1811408586655,5.7454614547455005,2.7272424831567963,75.04623595569677,70,7.208908508138247,1
90.41221543813225,19.196703443825466,64.38315422905183,919.9572470868624,5.056824062149306,2.0864805634111954,72.91606676442093,80,8.854916544473834,1
86.47491310559278,23.968109659966938,55.13655060159781,906.1042323503956,5.166586499155859,1.9599942974452373,73.66948833174438,70,5.24212618820625,1
84.1641161021242,20.526722254777464,61.37347328073296,799.1532225053609,5.625622895349608,1.471053897577967,81.97485680788199,80,2.4685710098524893,0
104.12998912137797,16.925747749770828,60.74449635069762,944.856614716323,4.243718248937556,1.7981599513404898,73.62698113504153,75,1.8306918199446236,0
97.85932302272138,25.54412057531255,59.31233197402207,831.3797219076565,7.5872491354044875,2.6415860191476104,79.32319979683962,95,16.50189495069514,1
103.7940539760511,22.972132539872256,52.42390423506076,874.9194522819948,6.331880304275353,2.140501051848908,86.8563569815161,90,3.492936687204333,1
106.90472686121512,19.636936906971307,56.37647137893007,957.5745535431081,4.468294046004639,2.011339282983535,79.74345937795684,75,6.324612503942452,1
102.65616993172533,22.181513778601847,50.293107485545775,961.785489858542,3.909261942276652,2.524849283670265,76.11093605919598,80,4.861329926005027,1
106.57763176150374,18.78888969800628,55.10251443653196,872.009548358993,4.912095838195309,2.2785162193822863,80.62704836356693,95,15.129422775192708,1
99.3046771375773,22.487447105178624,45.65207286320586,875.4650679048008,5.182258443582042,1.9408507408880948,79.65663572965838,85,6.286310906284263,1
88.13006611694256,12.82676430414812,48.67500806981638,858.0408676045997,6.065615259708311,2.0865023342694387,82.26328819401621,85,3.219660948216221,1
110.57814180820796,16.94059599891622,52.741503664600565,828.1287752804453,3.831279088431674,1.692773985027477,88.09572276909427,85,3.642026787169725,1
94.10887867218874,22.937779232860887,47.45035654855939,861.9122710737455,5.2854869431991665,1.7755837414545654,81.98384429418488,75,9.311792392246502,1
90.64403701237575,19.25103338534324,50.95986183403859,803.2121988651187,3.470984975585211,1.9174805482965365,90.16891255882952,70,28.812732226899314,1
98.22082124195602,20.622626884666225,53.68859218595587,940.9837548904959,5.436357593411119,2.222988424949476,82.27650951738771,90,8.581656091791436,1
90.87189080703487,15.959643013653697,58.21809875731502,923.6714163097125,4.8924957795419495,1.5010548109239819,76.16334353645978,95,19.828059435305498,1
95.82569618010568,25.54360098710631,62.59405841482327,933.6317570922307,6.936679762285763,2.0304961321690915,91.44151497114301,90,1.6016833012700085,1
103.44053921563466,23.57158893115303,51.289725028975134,842.7357569654914,3.4539974557803235,1.844055135974774,79.37590991327392,95,16.446410617606404,1
103.48341739246128,19.397944344874013,65.68083693814899,828.2957661890966,6.370608381490105,1.639628312613518,74.72553884054497,75,0.3659482126067056,1
91.0216993357437,18.785912429410022,62.50888862900395,903.2108564588136,3.2961686648337816,1.8462033802033382,91.61864331814968,80,14.5233041476871,1
95.12294627051256,23.08881308425908,59.03275065555154,903.8461538970136,3.672789725593496,1.071438694779911,76.3344155690976,75,1.7792207587968012,0
110.74333004770244,25.947411350506783,56.229193034372955,891.1638103492232,3.3229054415278347,1.6969645303886483,76.13805283982052,85,10.425820188446451,1
104.96400117733941,22.86128076743406,57.55296673494833,882.631003848729,5.250352608451054,1.5602052471696175,77.24264745977796,80,3.446690675277555,1
120.75065039348542,26.515408002189805,64.49640920533105,1002.6465466616633,3.8263011892462666,1.8880335829596944,80.82313206661102,90,10.19651992598775,1
111.80128173741528,17.232946012814246,64.78863727807419,925.5615007075787,3.6516684947194618,1.0880840708144268,84.65430698724444,75,12.87240931632592,1
111.44293068559939,17.541839508503628,65.67957382706915,1018.2407034879894,5.20276760162338,2.0763570974037875,66.75604193155907,70,4.6342258120584745,1
86.12131449544198,16.433176645839954,55.33061465501603,976.137901525898,5.451775385874691,2.363769318562745,84.63250242655751,70,20.903574895082155,1
107.63860351633423,21.325281948948437,59.43973731998891,1002.1962555610407,5.039849304150326,1.9530814511080403,77.22732698835185,90,14.191858901831282,1
99.4689319830309,20.52681064941311,65.7483720529764,835.5322340186399,4.837780850978447,2.1995167493617505,77.93552778419934,80,2.5805902697508287,1
94.4901819646175,19.544146629584045,50.01027172066886,935.5902594598817,6.828909632437178,1.7949077774395028,88.57595905460659,85,4.207010652478335,1
101.68015340532529,22.427775884369897,52.45266517025357,874.0940706603976,5.14583626624197,1.3781515504896504,81.066540799345,70,15.809343999064293,1
109.45211534611484,23.69698581564399,55.12829330410783,800.196797318428,5.805691473922249,2.000676528514261,82.2385067393255,70,17.483581056179286,1
105.00831591004211,15.423012772139474,62.19678990383525,989.7601901733316,5.142922125689958,2.2721513507940876,79.75719942590219,75,6.342932567869582,1
91.2152619865794,18.209083916296652,62.32137720574898,882.3784484576622,3.9021237117453156,1.4702447497569369,83.81821291941168,95,11.77030219009297,1
107.4245891359262,22.46043078236918,53.153087110416514,836.693902183999,5.549887681902017,1.813909089471266,88.09005286477439,90,2.1221634835840084,0
93.62412457924036,18.596783948424253,42.931124364962315,875.1261682050784,4.344202688530208,1.9011534396382332,67.6246735846348,70,3.3933234505217054,1
102.16683118964286,17.605381770925536,56.969471554367736,852.2265526335708,4.909013861960764,3.1405630581139783,85.42308995368121,75,13.89745327157495,1
96.96649932522865,23.055612282951184,47.65347090137279,858.378121943,5.305402681893426,2.0893484778879565,87.73516531937676,80,9.668956649220952,1
97.81133748264374,16.13149979082806,43.08051036287822,886.7037965890411,3.058581933113357,1.237770568454489,82.50531623950296,95,13.152298695260042,1
107.6624297504051,19.095260576626686,44.88902751413027,1003.8489115826845,3.390497876108271,1.138859639263116,76.61318788647576,70,9.447411266393939,1
89.59806280184102,20.985932077414425,57.61104806276448,860.0209670073225,5.909459172497564,2.2921995321054998,74.23863776049912,90,17.512624710556537,1
119.45195074276933,18.278540258269643,65.88829888746245,999.5562398531514,4.336253553401056,2.9940127903986116,91.80922843456631,75,22.412304579421743,1
81.78913930705504,22.349466968039525,55.31115612988995,950.9302077587713,4.383678010891139,1.8876102061597124,75.47508156688568,80,5.656148041392903,1
94.02332316745142,18.29336907440789,56.69104523716772,923.7762938151652,5.16643839737082,1.8636721631765962,87.58820785528125,75,16.784277140375007,1
103.70211889941741,24.22585848033776,64.4631595110234,944.8872019351124,4.61432740287813,2.1723096704790383,81.95255662237886,85,3.585227503083689,1
105.8431416643531,19.622761107512684,42.644360727331566,900.8193398302475,5.41758838164279,1.6806814366619565,90.22915403007411,90,0.254615588971237,0
98.99524279428294,22.01381041011606,59.16141137280217,977.1630062318055,4.948878211266956,0.9823381518285307,78.40869917845068,90,12.879223135054804,1
99.42609296998457,22.238071858948448,54.90728172544943,934.018815796026,5.198602950180449,2.4149057557102744,71.96209538191556,95,24.250425913773093,1
104.10550085327617,18.11737999176778,59.52845967065654,800.1200408984693,4.298141609757748,1.7547271486392682,80.0108542359797,70,14.301220337113868,1
97.6893052254232,13.839540354032334,51.13212873276947,917.7751159133979,5.193594823280928,2.4200471463285482,72.56776181049791,95,23.61288230473904,1
113.93181257934906,21.082267263991504,48.45650167658814,947.0383885795569,6.105089086835444,1.6956052838757278,93.38530265603798,75,24.513736874717303,1
108.39349114231602,20.216865041374607,56.12407123428484,882.6599268839269,4.4322517838858015,2.0487116509842154,83.14749112040438,80,3.9343639005054776,1
108.72824351005634,21.66747808272538,68.19353058667569,907.5753523628359,5.915318300272151,2.341932778995478,83.89065224677229,70,19.843788923960414,1
90.33843276629582,19.320417582851487,61.887280836331705,863.2285203195356,4.948439681677351,2.428140380428749,83.89385141513027,90,6.784609538744143,1
99.20611575594297,18.708716903597853,50.938457838559266,817.3424606361864,5.7344816559779375,2.0931954669925696,76.53205159688336,75,2.042735462511151,0
96.99534051279296,26.0254190329451,44.27222371214976,806.9773877441256,5.1287713183531105,2.0732956383196,79.33984753741473,80,0.8251905782315916,0
89.94398624310534,15.582937815467666,41.54346173041772,807.7759207758681,4.966589079902073,2.2478824720716446,80.55182315679886,95,15.20860720336962,1
103.60164183945767,22.201851435092717,65.52879561480385,940.142684548232,5.349729682076366,2.185667813757661,89.71944231709728,90,0.31173075878080503,1
94.62354242220184,18.276194425449827,47.35934169491338,750.5830974974202,6.213597562302249,1.4835277863314746,74.21454100708834,80,7.231823741139571,1
106.55403829850238,18.992664146778733,52.395892696040505,860.0112043821912,5.236097294215075,1.491167058278463,76.357080551226,95,19.624125735551573,1
89.29808437105669,19.048691502278103,65.56968900862061,854.0608028852773,5.478530830908397,1.156376358791648,78.18534446886993,75,4.247125958493238,1
117.1904061284182,17.58969717748623,42.08878835616807,883.0704278407521,4.631515086423299,2.3066032003358585,76.63176670444679,80,4.210291619441513,1
91.03667341407939,21.713672630708718,66.93811607580047,788.6141070038278,6.570886473995025,1.8417080905156,72.70536772741225,70,3.8648110391603603,1
102.19302337200436,24.17193078784987,52.97087636885998,924.2332856844371,5.640337110929671,2.3280788981505207,66.47647739787537,70,5.033603717320899,1
107.91859310388068,21.410040983739986,45.81133347809009,823.610316350406,5.077708460025006,2.1614842293817964,70.86577767164383,75,5.5122964378082315,1
94.29359569799887,20.310145988636286,53.021192582808695,967.9443324425562,4.877346327745326,1.599029327371612,85.49514966290745,95,10.005105617992156,1
108.52468643432951,17.04067850270226,49.219225748788176,862.6940587446701,5.977908269273111,1.9519110265860884,79.95890549510389,90,11.156771672106787,1
87.70816402199584,21.550475797473354,58.52655839124573,894.2632185952848,4.393795922954741,1.8180711793343634,84.17769458127034,85,0.9674181396819476,0
114.5211769918256,26.469048895187896,49.81494052889778,900.2264313933124,3.217124983728667,1.756310607894575,77.0874320204582,85,9.308903505343299,1
100.14149264965758,18.857916128614722,39.70686231264766,914.6544631716343,5.072399599424456,2.3661149301973126,79.50832169870453,85,6.4607980015240765,1
94.0358859203112,18.8720492619444,53.235499724728086,902.2208626497685,6.190004573114344,3.004297388219069,88.06578750479441,90,2.1491249946728725,0
97.00818227572566,18.31673260705701,44.14763958170769,874.3733670760421,6.591308811184674,2.4464814566974193,87.76361302828708,70,25.376590040410118,1
108.08919269392719,18.531757296516737,56.63455907190656,920.5829118416426,4.89270605656612,1.9892174530570386,84.70986066296138,70,21.014086661373394,1
94.15544708149562,11.764101338982847,45.502957341733406,927.9688278296973,5.043587663941783,2.5038031039824498,81.01208893645209,95,14.724116908997804,1
92.50642310577223,21.21510615756714,51.095897574623315,854.0919199734228,5.519530432515955,2.6851610601243214,82.5898471377462,95,13.063318802372418,1
97.78463402416261,17.46334347093616,56.46070243371469,925.5820691384134,4.735650581136235,1.4430516870758812,81.85319149322696,70,16.93313070460994,1
88.23037887230032,15.169210643624599,53.30033019972584,971.5032181441018,5.5164059483911485,2.489941904545012,79.1653660317294,95,16.66803575607431,1
118.20543907941816,22.259569849197646,57.003442264008356,942.3536517662732,4.914598248931732,2.307872807497282,77.978150952798,75,3.9708679370640043,1
94.33605408785277,16.75394664487419,60.442297325742054,955.9425144988312,6.011368257190179,2.4752476226626,85.61183972650562,95,9.882273972099345,1
108.31616786180403,18.983992838348726,45.736530402149555,910.3152509344467,5.7229805130978235,2.3253149824067605,73.52186225551932,70,5.031231793599034,1
102.09470083647773,24.39932717356574,54.484819675002335,843.8309732355073,5.810227832302433,1.9089083969863436,87.43679138624321,95,7.961272225007142,1
90.15465949518033,15.772352605926459,28.363969619934966,851.4213324177813,4.794682355197912,2.813148257673107,78.62278596626093,70,12.31826566608705,1
99.94045290787271,15.402205296206713,56.97866641346019,919.1932780712647,6.925927320502261,2.1358394434328596,73.42973247651159,70,4.899617823587984,1
107.84002779310748,20.807918568687015,52.59348695700126,956.5658235091386,5.483911942379472,1.8262691917222986,77.27247571151693,85,9.091205045274197,1
98.11738664913693,23.448462092031104,47.13240189217623,1067.1547148396432,5.247294053486831,2.20239120601615,75.62796056454363,80,5.465049294320465,1
111.93112945851028,15.27697484680411,57.525755378372196,958.9093166663163,4.239057019433028,2.388958360691144,77.12162823948074,70,10.17375462782963,1
110.21515392781863,21.223069210511532,64.38158061748054,829.7738545501498,4.902928179851446,2.0379044303447986,77.03023240656418,80,3.7122094917947734,1
109.1891485465833,21.742998619885075,51.19185801920845,853.9636456584011,5.114379760702636,2.1572545534088903,76.83152614312388,95,19.124709323027496,1
95.40343227727003,13.822518548923039,47.44148407806624,1036.71103895736,4.2123227035757,2.0353468328414603,78.46021465930082,70,12.086020941858312,1
89.20157552218512,22.39550401372166,56.32020209950969,887.1366640813933,4.707682854230912,1.7359697067597426,79.67613333969464,85,6.263372541535713,1
93.86412394637206,22.62981763952654,44.315146666829115,902.8508780856773,4.83419998189699,1.6712702165488917,83.81929817590483,85,1.389060969523725,0
101.9624094066672,19.064643280231927,49.716949035715686,842.3749847754463,5.055920660923218,1.4388734853713652,78.77523684006451,95,17.07869806308999,1
105.45786713532355,23.757039086894025,64.77921729320401,993.9062043344546,3.237293009958396,2.607208013618698,81.63010403313797,95,14.073574701960034,1
78.28428595239552,23.409366722974536,55.4974338384983,930.0199924392375,4.864729459295735,1.9106331007481354,80.0376565602427,95,15.74983519974453,1
99.91886798388249,20.309353777151614,39.96426428843067,853.5239191268813,4.622653816920068,0.6289699592978841,82.7029038524648,80,3.378629815581,1
101.58089225323184,18.6456638290252,40.62406682176479,840.3704826685637,4.9791158503751,2.1586132317118034,80.2333766982793,85,5.6077921196714104,1
97.22455743684448,17.08151632225113,56.296685541174206,918.4322367538723,6.035276566180256,2.150330841802921,76.76589112341514,75,2.3545214978868594,0
112.9127383901588,19.887309471901425,61.8991246073415,902.6523704928271,7.052395492121205,1.2533729268678417,75.40900173679707,90,16.212220292447704,1
104.21780074250871,21.709276759112537,42.0590283309908,949.9266130332676,5.678377199644627,1.6670415166666952,81.05114799252107,90,9.943168897198815,1
113.10191908080897,19.027469416878077,58.597700859972065,932.818108387632,3.765577827933664,1.6494843861756283,86.3668924495032,95,9.087481632101897,1
97.84039479649768,13.40749698421391,65.64274805991775,884.1311790738827,4.654593048167466,1.7030929236830894,78.85437686495132,70,12.649109807073314,1
109.37477492506925,23.80614168372971,70.10287190366911,867.371904272318,5.595963308831092,2.485110344681428,76.49568173085899,85,10.005080316636482,1
116.3506639452752,20.57066966553468,57.649782078879014,890.40347110207,5.483290496429023,1.9404489807732652,78.71914662364216,90,12.53428152928649,1
113.11693449272661,18.8611265099695,59.054420756419795,866.9591492005942,5.987325735453075,1.8291060460735395,77.19302744548756,80,3.5087156931405517,1
89.07858406571268,22.571475165269867,37.934524578974845,892.1882680317143,4.902649005709404,2.4489559768882376,76.66509740444043,80,4.168628244449462,1
97.46323922457618,24.573915789448268,71.79802038396791,900.9864557171629,4.636499755634494,2.198139098073482,72.78202709249874,95,23.38733990263291,1
96.54835294550203,11.594265291536326,50.39607829523103,846.1241463971966,6.752424003916039,1.3036086968093803,78.77795856869056,80,1.527551789136794,1
104.89254535076329,21.302790949766216,47.53223073259967,937.8407917258728,5.058670603369637,1.7533505443328388,81.17888576921693,70,15.969836813167046,1
106.86353555014533,15.720052367568957,52.958350924483,877.7743371318198,3.9833256239788852,2.1287848348535783,74.59047921400975,90,17.121689762211393,1
91.61107325974264,21.497331520396823,67.09338731348345,849.4869389828795,6.475133657032921,1.6264439463951867,75.60830124866074,90,15.99077639037696,1
100.67838513916938,20.383781607123737,72.66436838034838,878.903554303088,3.5039045086055554,2.8118219153684527,75.25969002755893,90,16.378122191601186,1
79.80072667843864,21.90717957932165,56.00326943580676,914.5354893972171,1.5049547775113945,2.0451515054610336,73.06661016476899,80,8.666737294038764,1
114.4194500580189,18.502257156516034,62.98467338082924,904.9822919887982,5.769386758037574,1.69864946416899,75.22203948180366,95,20.818905808627726,1
94.87625759323306,14.380279664542543,55.34563238948403,925.3270868942677,5.910700971024632,1.55082254266558,79.01071785587021,80,1.2366026801622354,0
100.55863939844497,18.648895426229995,46.69763621585453,953.9007675045317,5.414012941944691,2.371011035214281,73.28971096977581,70,4.6995870996797295,1
96.90350286011939,21.22054290541935,66.81394936630633,978.296412240482,3.69754391600795,1.7408552252024172,79.31228766267581,95,16.51338140770967,1
111.46027575013414,23.04617698602567,50.022980157148886,917.1291697612832,4.941130144757679,2.151969671316683,76.48266603769792,75,1.9768880502639,0
71.62493558602621,16.484506098582425,67.28424618697505,835.8358567658702,4.721831426446129,1.5393922572502268,75.35508970589852,90,16.272122549001644,1
99.83389657674091,23.081181280619052,65.38833063815267,883.853351848182,4.46271098910761,2.0280791166098013,81.88604408186566,70,16.980062974093805,1
98.94181242502302,18.056383131060436,59.91229011165767,839.7408969370196,6.41206943080928,1.7456456408466154,76.79937197343048,80,4.000785033211898,1
95.46363612408317,21.08734964478358,69.63179805003483,1001.8112444227369,3.953333941368311,1.8738422346099786,77.64993066966174,75,3.533240892882323,1
117.26226545635633,18.4703181414031,72.8587682654859,1019.2440529516298,5.3161044531064,1.6814876798458172,86.49003405000109,85,1.7529812352953948,1
91.12670541144229,20.546511883136304,53.59805309628551,939.0186718497806,6.194046983662575,2.410250511123308,75.39972183129014,75,0.5329624417201824,0
107.71796177235662,22.675632903710824,48.52964705266855,951.5075305583418,5.381441525319038,1.8035984099502695,87.82937273796182,70,25.4705324828026,1
103.56252788706084,16.318957768134393,40.08584130194822,915.0565915941995,6.241118372495373,1.9426171220321191,78.2610443547367,75,4.348059139648929,1
112.61519252535516,17.960282309759506,72.95745804344205,921.9633549276475,5.563714722428929,1.9619430876805024,74.31932683564017,80,7.100841455449788,1
93.32810915222494,20.55488776202626,51.482543928652404,804.1527469002526,5.429349670492029,2.644908048653451,77.23025829468992,75,2.9736777262532237,1
92.67031100876241,27.204750983091056,64.08029485681392,895.5640580845854,5.366834868832147,2.35612343495656,80.34387453311186,80,0.42984316638982284,0
110.96069907477398,17.410430863499517,49.069957059924135,847.1308162592244,5.61344326665015,2.316272303311184,86.27251929920357,75,15.03002573227142,1
104.2532130833011,26.120401657990758,67.30612512729628,916.8813922523022,4.61446090258774,1.3688453507894793,83.9941240428164,70,19.991605775451994,1
84.55062653323242,26.013269911025514,49.399059265476694,896.423409276688,3.6981261481272134,1.7374430449589844,80.31953424917855,85,5.506430295084065,1
94.60694985536729,19.708066547895225,45.46624693106126,1016.8093177407668,5.954043411463309,2.475447486331566,86.29977990744563,90,4.11135565839375,1
103.86382653848061,19.1055424214003,53.331948552369994,954.9976613233705,6.161742300505766,1.5316276738313401,70.59481476066257,75,5.87358031911657,1
108.3776422154659,17.923804404005924,50.745794392306905,917.0707189512987,5.251978810906044,2.033605419248692,81.24720765029927,85,4.415049823177325,1
93.20769346807045,19.79539240900199,59.7703982836897,883.9836187716224,4.4516243803656295,1.5738953982956845,81.549698633128,75,8.732931510837338,1
70.85744010183059,15.779841702321326,54.58884058245981,1000.5612875255958,3.4422828834703623,1.6140370978362375,81.61071233789492,95,14.093987012742184,1
105.23223185737034,19.771282948038206,60.02161915641537,898.2027212324082,5.085807099923388,2.6723142611456816,71.94924417005646,85,15.353830388168872,1
87.79679310056024,24.490640821552567,52.671828215317646,919.9004376981167,3.6510496552820286,2.2877082566305553,74.91543799160763,80,6.3557025104904605,1
79.82661201877589,18.16674481256985,49.67914103184956,902.5349762656101,3.511012497362074,2.393256091117835,79.16762788921137,85,6.861614247986618,1
71.67674075015859,19.277827088032847,50.33151561683141,875.7507656575607,4.979268471984307,2.3134965920655115,85.57395752480738,90,4.91782497243624,1
108.1398086019774,14.896578577198275,71.35951038424821,902.1903733431312,4.236230498811985,1.9442846551081991,89.57632247858831,85,5.383908798339188,1
101.28617450404967,21.12218626439313,56.80136745781549,782.2819889593011,5.3453095561647705,1.7233613168384412,76.6778237420829,90,14.802418064352342,1
97.74343619287748,20.79344505485412,39.12990232437564,807.1376159255287,4.840704397438126,1.8391638962330028,73.45076604014452,90,18.38803773317276,1
113.89024362962762,20.191107079297314,50.83832789236735,920.9778325001777,4.39336543377739,1.9232694182453014,84.07880718212562,85,1.0837562563228054,0
106.37324683023073,19.34951884933357,55.774928259807005,994.0919814316492,3.2950849192710345,2.710514427731167,93.07185005650442,90,3.413166729449352,1
116.16300042721916,19.121726243682637,69.76319745000303,920.8932662486501,4.147111874169642,1.465457427588188,85.53470316650592,90,4.961440926104533,1
86.07264527833003,21.505700701102015,63.2295897271192,856.7778687062008,4.183863509948909,1.7785354205524824,76.25683638002987,95,19.729645915758034,1
99.65449376046037,19.91355019523413,47.62625730814468,813.4287747559599,3.774692326485038,1.634814653477847,94.30569646608606,80,17.882120582607577,1
83.83286625051986,20.944915614665998,74.3468460285796,947.0716356285383,4.670955704757615,2.422649279008192,83.43399810234457,70,19.191425860492252,1
97.70617668144533,20.644948452363643,54.75071708158818,865.9682909390939,3.8527480088253485,2.7415153037356386,76.04493393204153,80,4.943832584948087,1
97.51384146233323,23.370281861287285,64.97063848859955,938.5941251131536,4.836257252708785,2.1235145439305585,89.67151083168855,70,28.102158330983645,1
106.26613637263071,22.030982292125163,45.75993202080078,923.391909483943,5.240411213668656,2.1564063339374338,75.65004094300579,70,8.071487061436846,1
100.45563881141898,20.57858552945057,35.81469523799282,928.6980235352813,4.173830045610822,2.036528369216774,76.89455740669028,80,3.8818032416371473,1
106.23407138279916,24.55526609195654,43.73254807705311,902.0161024412133,5.425408629418585,2.17499159571245,83.63310411170562,90,7.074328764771533,1
107.03440133138895,21.260805587169685,28.997332190434353,923.0186630981784,3.6386421287522963,2.309262064943051,79.87547341055372,95,15.92055430468029,1
121.54928677383143,23.914888066371258,71.89671461802327,892.8327359246199,3.8878226016037094,2.1702562051547285,80.18503566002383,80,0.23129457502978568,1
96.84703344713876,21.820827825159913,56.71626335109133,861.8816079379078,4.886782702375231,2.199533731311318,80.19345750821398,90,10.896158324206686,1
90.58977299333621,14.474242763205371,47.60284785241575,842.1900563690369,5.687041091888639,2.31016574539755,85.5723996293508,80,6.9654995366884975,1
102.4608361531641,23.91450428995799,58.620992239840966,756.8994721217413,5.867399541489267,1.288688759497973,68.37804680144188,80,14.527441498197646,1
91.97719972860456,20.405528724028006,56.51467228944133,889.1334262557294,6.61239062215756,2.00080357205829,81.42256942943236,95,14.292032179544886,1
114.81960768436537,19.844135687297666,59.96746716491193,991.1626909771172,4.62341112518249,2.122083616833807,78.5489831145974,75,4.731977486129874,1
97.16781961054767,20.844045042468732,64.67625120909015,943.8048055522559,4.872498681321695,2.1664592722077165,76.23751983734692,85,10.30880019135656,1
94.3442363212601,18.965050514128798,52.68063077579988,913.6625471085575,3.967324470982013,1.9316454952864184,76.22431791033333,80,4.719602612083342,1
95.28684278848883,20.681086581166834,47.961285551192105,855.959700342651,3.746233668008977,2.064300599918861,66.8144516539039,85,21.394762760113057,1
107.18417423471641,18.224371800970722,61.62220171497534,959.8403535455446,5.2285720863275245,1.712037438127693,76.00790948199403,90,15.546767242228851,1
98.42253016768515,23.82281677620311,61.41866222307573,892.8414412918185,4.224128500553757,1.290062105720908,86.45231362469669,75,15.26975149959558,1
93.58333179869618,19.65923565913685,55.80588646497076,994.4960588273435,6.23237920001729,2.3932548405222627,84.1602743901377,95,11.410237484065577,1
116.6535191762353,18.8522484718327,72.42043350944618,841.1347642023192,3.537614268132609,1.5462513586721987,79.04309118802753,75,5.390788250703376,1
91.4383015933825,17.22522255284218,51.49742301710678,855.0018283216406,5.486353205824696,1.9358184547544952,72.94372139079672,70,4.2053162725667494,1
100.35566074032994,20.806327367445924,47.801136226917855,849.1638033468223,3.9942607611829706,1.7003481468391977,84.10934886129564,95,11.463843303899322,1
106.5230615161023,20.561321300375276,58.34473142005281,811.0728977739592,4.179551533227916,2.6348037119504317,86.54924205830208,95,8.89553467547149,1
83.68664889582926,21.16527384103252,49.600497144692014,843.7773188884943,5.539112065252031,1.9681421141965139,85.17097335398832,85,0.20114512233919535,0
104.80260501405925,16.918244337484612,58.964132193159166,906.1929755859551,4.324119563892092,1.8758174148471736,75.15637222506815,75,0.2084963000908715,0
89.4489232451955,15.196456403565282,48.33593395328448,857.2679385089624,4.4842159324801,2.299146347490393,75.67560659568656,90,15.915992671459378,1
108.22782780834002,21.87677390751968,51.798061736544916,668.6174802455641,4.187841636448431,2.8625896670432747,88.27955629422107,70,26.113651848887237,1
90.37348988081024,24.453925585629523,70.12672336031332,964.4563978452073,6.785029791613441,2.1622758108232354,73.95364479251519,75,1.395140276646411,1
106.9276903184886,16.920939132830313,51.75530114601857,798.9543762391556,4.382513688919991,1.8490322153472658,82.39106682757786,90,8.454370191580157,1
111.05833066294713,24.768323850685096,48.60918764786163,935.3536970931982,5.051552217432763,2.278637592541876,71.11131926463403,85,16.339624394548196,1
108.61436525632804,20.851733176209144,64.365430309652,901.8728753801739,4.798086399718926,1.3709283725673738,78.49842316313043,90,12.77952981874397,1
102.51316648238102,19.97881128634751,46.59166439770645,1027.0423689852205,5.221417061724261,2.0185717040257587,82.92575200367178,90,7.860275551475805,1
97.686990570703,18.807353910362664,49.456454158823455,959.8174488913572,4.385263053034064,2.797583061982565,79.85017021428943,90,11.277588650789518,1
94.23580423665156,15.84644594172501,59.61248896407196,869.7237242709016,4.79918276545835,2.063098958674309,82.61956660527554,80,3.274458256594422,1
114.71034690817103,22.963185547773797,62.50729139098633,857.8761862586813,5.393952008993935,2.0431110624630593,73.86897462173127,95,22.243184608703928,1
93.00504779832357,17.67318091568719,64.7638111286486,990.1636608479571,4.136992861997008,2.0082546161430024,75.89999017752173,75,1.199986903362306,1
89.62933926430004,17.6605799727872,49.02222534223612,811.4477341739153,6.0893213566281545,1.8418094878295204,82.40909189249435,90,8.43434234167295,1
106.6536893503283,22.975778929660862,59.76806938388896,911.4527961551224,6.185480519041633,2.125796268945948,83.48444071026188,70,19.26348672894554,1
92.03863196813505,14.35104965998482,51.27113440364656,892.1327722050197,5.606492626158739,2.3101092046641214,81.09906426531431,80,1.373830331642889,0
90.49936502533873,15.4292065679955,50.154754931914944,879.4064358777194,5.069876383596483,1.86727197900369,84.73528870829156,90,5.849679213009375,1
85.56395737830235,19.945597269475755,64.62570225833828,921.2108390669056,2.009398551795464,1.0036993046796716,71.71396030714362,90,20.31782188095153,1
95.17090160539482,20.879853287014555,50.60356483312331,911.3735916305205,5.424291132654463,2.1862470021115015,77.6690102482657,95,18.24314710708873,1
99.17284976103507,21.454203943906773,57.22563676816784,927.4440445675046,4.608669594771135,2.8532504306080417,89.11341886613091,75,18.817891821507885,1
102.43091727660699,19.09460451981124,56.24463575384511,908.338539141797,4.75372558858246,1.8494954367775478,86.4173441449686,80,8.021680181210744,1
109.51306244299484,27.59110900592507,46.43396498929198,925.0608843010349,3.1026226694771832,1.4115346468973586,83.16819082503773,90,7.590899083291415,1
105.26897923665794,19.316322323702497,62.728742842850565,905.6019115758957,5.493588485874192,2.270965193892992,79.22316513322248,90,11.974260963086133,1
98.0912778044682,19.307641543691833,59.48224714943163,860.4343867670211,3.5514189531730453,2.6975329056736013,85.17407814174985,85,0.20479781382334747,0
98.0180432362028,17.60903999355837,39.10967510503663,900.2400756141957,5.118424545991394,2.2117494278860943,82.14570759830804,70,17.351010854725764,1
105.10157468915183,20.371720449563213,57.219368889898746,857.1368064177587,5.904657481909841,2.689880021666604,72.41279817696386,70,3.4468545385198017,1
112.7257016292857,21.844883696140325,48.81621252666703,853.177403716149,4.530671818682448,2.3174674182502852,84.97881223528064,75,13.30508298037419,1
101.263141994832,23.61073416360038,63.776602451301024,879.8309998369349,6.21605172522844,2.282740394271077,75.66978292838884,80,5.412771339513949,1
95.3086914578959,15.532147206679346,43.43680130575393,892.8346103558495,4.2530096217928195,1.792799726903155,83.79844125009089,95,11.791114473588538,1
90.07133998914455,19.2620139849329,52.148184250963645,902.1135183808686,5.600433076731002,2.114162756301287,71.92013605627851,95,24.29459362496999,1
85.54794735587774,21.34011083242743,57.89619640790772,954.9827296417998,3.6952142485414727,1.9882116173128894,87.99509666050105,90,2.2276703772210578,0
106.66269672043524,21.761172603783606,55.434722353135,870.0921550475493,6.031130434680524,1.9745057117733393,78.6255181059894,95,17.23629673053747,1
105.77978523639557,20.019645973413617,61.10366605371177,911.8111155884892,5.87599038257929,1.8984539488195733,74.45331833889412,80,6.933352076382349,1
105.77363525106662,21.627271908596306,42.852624111925685,907.0816628366291,5.46835792296373,2.0902453869834217,76.55747383464613,75,2.0766317795281757,0
98.71340553647944,17.5731083212226,68.21531469493902,863.482302752036,4.606715863386189,1.4814620063453094,78.31575451343147,85,7.863818219492387,1
114.0693474589175,24.67371629695507,59.20115727030617,904.4244471723927,3.597999376571888,2.32468735971263,79.97115141786365,75,6.62820189048487,1
95.15881505415182,22.97788430893829,65.87774570400717,960.1632849106388,4.609359684780543,1.6489018828879214,86.59072818169832,70,23.701040259569034,1
109.55269237207206,15.965216638804483,61.993921353865936,911.190373013004,6.110307175748122,1.8998915099981168,80.35071308238705,85,5.4697493148387695,1
99.61257105010456,16.774690855649734,54.90711908435965,913.5950357416384,5.129961871569115,2.132223957214066,69.1454160113874,90,23.171759987347336,1
93.91649235320662,16.85923474967928,44.726414312710716,857.6803001434399,3.4469630704875502,1.629090632641795,73.85130743915545,75,1.531590081126069,0
105.92530307317762,22.033909912689587,50.49157455001039,1018.1315310722925,3.875272360580059,1.2134147750778987,93.7876739620805,80,17.23459245260063,1
104.09636118683993,16.1458167007476,67.71650666290061,861.0986177806499,6.25315140085228,1.8467813289209971,80.67694397831463,80,0.8461799728932817,1
103.56972759266927,19.006926997375757,66.08350225325105,799.9329923671513,5.487912752127886,1.42756100296652,84.75395057005242,70,21.077072242932037,1
100.812784220562,21.36411318925032,50.04320015917048,951.6110472130846,3.765999879260072,2.284924373068188,78.45826930253081,70,12.083241860758298,1
99.62106918283169,19.801502196360698,32.45356571038257,893.1109776210944,3.2341685038254067,1.5385985709831496,74.97694342896568,95,21.076901653720334,1
123.88371992870438,20.776662547138116,53.29848212555905,881.8174907431755,4.374957865399933,2.5940622254836647,77.59358888809098,70,10.847984125844253,1
111.84256645196173,16.802591865953726,52.69837689496707,867.2667731753083,3.1486412920100806,1.99768284430591,80.641630420292,70,15.202329171845719,1
107.22826894985512,21.784563120191734,53.00181910367694,1012.3028774589503,4.844165509992999,2.0236696778376917,77.69881831386466,90,13.667979651261486,1
101.11799158203388,18.16036432257201,59.22831361465121,921.2754167162809,7.451625371836304,1.2077474685821343,89.59233883264882,85,5.4027515678221425,1
110.07157200596669,19.026140976806175,62.009700634573306,932.9850732987051,3.403043924300828,2.0579450515402096,76.91873602886687,95,19.032909443298028,1
105.17994776391451,20.713195183717957,62.92239637679619,909.756937414936,4.813974336793785,1.9679280332506985,74.72582194874869,70,6.751174212498126,1
100.26204752774035,20.309234664592545,58.56567312108294,916.2029768067117,6.311926575331251,1.4803643860298121,84.04401379851159,75,12.058685064682113,1
96.96435674734086,20.071940057046778,40.593834384618916,983.9174766335649,5.749087858300095,2.0349073355187235,84.66001251922474,90,5.933319423083627,1
99.19082662337311,17.748119534069733,52.27040213845363,884.9487203263383,4.851259285200862,1.8408307956770305,80.14988560769243,85,5.706016932126558,1
68.29574264121945,19.101351766402423,73.43271826839351,812.5837472687562,4.853651329831803,1.913284872841856,76.98928188729636,90,14.456353458559605,1
102.10600839297642,20.00655077251111,57.993733878419825,952.0832792536667,3.844090217575421,2.0103527048776186,70.49670592913492,80,11.879117588581352,1
95.1152391988964,15.874744300498746,57.94255654755092,929.8020967345435,4.732344229994447,1.8114183147367193,86.10360761222056,90,4.329324875310492,1
115.92669998282884,18.612401101059863,57.875887518190865,906.4787887731026,5.24344071424013,2.098582650779547,84.34280454960856,95,11.218100474096254,1
100.19344070811755,21.16303963709854,58.32303698004792,928.2451944928672,6.10511354327409,1.9653778070596146,77.80055840125452,90,13.554935109717201,1
88.11036580465039,16.167690188463972,35.93510255131261,877.7553467823495,4.379824376485244,2.18910738735463,80.29786239214863,80,0.3723279901857879,0
99.50119845871882,23.46974495478272,53.08380546471145,901.2415549712556,4.8101648719365375,1.7885301624112033,78.86661408739194,80,1.4167323907600782,0
89.53878914937496,23.808839787799528,54.696857345642485,892.0979847684054,4.050786519243317,1.5740320988264163,88.1436512064317,80,10.179564008039623,1
104.73407415712467,16.264548272119743,65.2519631940273,864.510704575745,5.225325179540505,1.7164525886247446,74.81040848522886,95,21.252201594495933,1
102.90947364339485,24.072858899150418,55.381383156978366,971.3503669863002,5.7837794503089635,2.5770627075407115,76.8996925299004,95,19.052955231683782,1
109.57839631108267,19.569255233863597,41.82790890718447,815.2644823549319,5.629648013429895,2.3823866104826985,76.4163688046801,90,15.092923550355438,1
92.09118208305435,21.255543677471163,58.44071324937402,1041.652930308778,3.8298129245576447,2.485351653039644,81.55080643221137,80,1.9385080402642176,1
100.34008096228146,18.51004684361526,48.56940281405804,952.6417325523885,5.146863209456415,2.513085583268088,80.28064726848636,70,14.686638954980516,1
86.34978204573365,22.769134481680286,45.265714871348656,793.321467917859,4.322687471749812,1.813472777130719,81.00034081731408,75,8.000454423085444,1
107.01494781924714,21.218282056546002,48.326727626267356,886.5500202305442,6.011050015652834,2.1183247741633853,75.59696437229417,75,0.7959524963922225,0
105.18871180440122,17.557540230207188,59.34003383731612,889.8872450457866,4.838687277226462,2.030335601139185,87.42448415205197,80,9.280605190064968,1
104.95805021027572,16.504394000104135,65.07008991808054,923.5131977365268,3.480486661758916,2.263815410236569,77.72977446389382,85,8.553206513066096,1
100.01619031356941,15.619092694372332,58.86343956142069,840.6373037556168,4.780197294392266,1.884332701907613,85.93794974698262,90,4.513389170019306,1
104.14772890788791,20.56382532929827,60.05618578893617,901.9215206020931,5.458472569198881,2.0371896628364015,95.69556998640672,75,27.594093315208966,1
116.04339108308596,21.717414235339206,58.78436218270401,892.7328361126412,5.244006063142799,2.028908591047874,75.63331973092811,95,20.38597923060199,1
97.14905742957986,21.952897036338324,55.810617414883744,855.7428982455937,4.48820398634802,2.212904959966279,81.71192449935648,95,13.987447895414226,1
101.38645183710085,19.646056716177867,60.575445079702064,847.3948661117261,4.414726610128854,2.2622868884286396,79.3419818087204,70,13.345688298172007,1
89.1387370081859,16.52901063300691,35.64979626344463,955.1282788021414,4.012495601783684,2.03746841293608,90.15440777461416,85,6.06400914660489,1
91.31739038401668,17.95377560592865,55.88870681043866,798.2050475974444,4.605250379664694,2.0495963136263233,78.5967303625745,85,7.533258396971171,1
100.97813293093307,23.45704591688578,46.640599723021985,928.6727361657631,4.144321033474197,2.090359208299482,81.24345738759042,70,16.062081982272037,1
111.03933546701907,18.546114306199755,64.30322058035311,947.8506184126875,5.970085986177315,2.658620568249217,81.13434159755663,90,9.850731558270414,1
97.43719175748427,20.43025289204443,53.82275755826512,886.886499699695,4.098862609268384,1.3080008834732273,79.49800615026079,90,11.668882055265787,1
97.64083470687876,16.773048549275337,55.24758470614264,903.1423703834997,5.1222844623622015,1.612128135512877,83.77736883933423,80,4.721711049167787,1
95.93114755495625,21.009749136377106,42.95942500596957,969.8096999818429,5.054303903326333,2.2694718385783768,80.46698200227522,70,14.952831431821737,1
94.65243329155678,18.626946314962765,63.13464711210281,857.7089093565565,5.945667447884912,2.1079137595356365,82.4092586902254,70,17.727512414607713,1
102.94971455708821,23.14013814132729,60.01862496219047,863.9008542666526,6.0893682889583705,2.105099820060351,81.06801352428482,95,14.665248921805448,1
85.02742354821355,22.32067311862044,59.455583058724024,870.2709791340415,5.695969943281328,2.2669981994853425,76.9773113714468,70,9.967587673495432,1
112.80939576666728,18.5128821602753,48.49581718264942,969.9195359533969,5.35292834329013,2.0855971572495053,78.65518970137396,80,1.6810128732825547,0
93.34577701870539,19.62000791795701,48.81088124049496,977.5376248130824,3.951353853905942,1.7762870086203106,82.77711426371481,75,10.369485684953077,1
107.2190348543814,18.346651279878113,56.78879563556724,816.2465859321828,3.9311299122617425,2.2515236560433034,82.75680150951673,90,8.047998322759184,1
87.30001402606123,15.74170041036497,49.444012718015586,960.3744448386982,4.154309180235051,2.0083548651996312,86.22504524405848,80,7.7813065550730975,1
106.68840130546218,17.42767271135835,58.47914370141871,949.134498380837,5.751920999627915,1.8209691284441787,89.29622073919334,80,11.62027592399168,1
106.71944607814497,20.59465198316246,37.71269917786623,993.2156886269896,5.073329928250636,2.2761442498311646,77.39465561379495,95,18.531941459163207,1
103.84202072005897,20.975778494688747,51.09964354874726,923.1064819275828,5.868657240735563,2.2604135433128,80.67437079139819,80,0.8429634892477367,0
90.05571478200208,20.445643710777915,69.37402772341193,897.3443927832853,6.002802734320083,2.0859065966403167,79.03297095224097,95,16.807398997641084,1
102.49548189598077,19.094800838124094,58.51588662396612,968.7130011942995,4.274048099700752,2.686847661597823,74.46346181300562,95,21.61740861788882,1
88.16943815265611,22.799199817162958,56.334349316247945,941.934227490106,5.032074327557187,2.530730693908114,82.82277569402211,70,18.31825099146016,1
97.47236744903815,20.190625713682813,70.88181228537086,1034.6939048489237,4.98700632131641,2.400742877621521,83.88918582002928,80,4.861482275036604,1
110.29413100955325,22.10976148428784,36.31237104958851,957.5224706977097,4.672212310375785,3.026546229123499,74.61504386906742,75,0.513274841243439,0
107.96701927070742,14.678674603392444,48.47751108169514,909.212878585435,4.465157145475288,1.9414146392009135,78.12750330412341,85,8.08529023044305,1
100.15182942540433,8.232799245144973,51.79061462602089,829.5537371774298,6.184755503411057,1.8140798682735624,77.63955238785329,80,2.950559515183393,1
90.25193424077158,20.85136408351424,61.86680986404312,865.1449693683529,5.051971726715501,2.344145239721344,72.45787648387416,95,23.728551069606148,1
106.45587712174193,15.725703038835531,62.00525090582589,813.8427013183191,5.013144788559768,1.8989462808022877,79.81811334917438,75,6.4241511322325096,1
100.19381237698025,19.362644891860832,48.07194632813899,887.0962778363482,4.1972223251314045,2.004771086259129,74.27379161780715,95,21.817061454939843,1
76.79684401769576,19.093708876926183,62.9836345771404,955.5640555939707,5.675212430413504,1.605632013699878,80.79496845627664,70,15.42138350896662,1
107.82629826316519,24.762201807246612,51.77348186142634,899.7797346911691,3.9948924991619847,2.242663783085251,81.34560762479894,85,4.29928514729536,1
99.75767166130308,21.19998965883082,64.69311700519333,961.3035161256043,5.454905528844682,1.411597101784956,81.96511391652363,90,8.927651203862629,1
112.02451247983072,20.497577080396017,46.738858415023536,920.2544240063409,5.482229360055163,1.9614247115362522,82.2066108886494,90,8.659321234834007,1
89.04729481157196,22.51097346390102,54.01350720747072,875.8144626147595,4.587484950676432,1.9938577049936974,87.65470358298768,70,25.22100511855383,1
68.23296186804,21.105492760517116,51.07866147698751,905.2575093101979,5.31765208118318,1.8255844630320675,75.95676929592204,70,8.509670422745778,1
102.79083858345184,18.6269690210347,63.44824297252571,928.3258014633058,5.185669559044487,1.2971140965354,76.20759091991381,90,15.324898977873541,1
102.91563676681973,23.21442779076368,50.81775026747063,908.353403907817,4.96063937518985,1.2941475624902197,83.2758194858807,70,18.965456408401003,1
83.09328372393549,16.67074961633518,54.66041176790595,909.0410537311149,5.0129439801452325,1.70153103733128,79.34009237342143,90,11.844341807309524,1
90.21500454133394,20.969741562600685,59.05449118130439,853.8569935447977,5.061781823193521,2.2156201315048256,85.62663303529139,70,22.323761478987702,1
127.55217743719902,15.357290617591067,59.36206786420895,874.0214240854671,5.129911672672049,2.1155699445767775,82.80844396183022,90,7.9906178201886435,1
96.94389385846196,20.611831572547985,62.09562085978537,1035.5076477692787,5.060242031343707,1.9934258564675433,89.5905566414643,75,19.454075521952404,1
107.30958976376216,20.578968925318787,56.68899821475733,973.7079894254125,3.8961358097878582,1.646164605593009,79.54335775113654,70,13.633368215909341,1
93.49340172631616,25.029364885743988,51.654008677761354,811.5695461914171,4.847789048994395,2.136452888504443,72.58980214006708,90,19.344664288814357,1
79.09697101146844,15.305078319674662,52.202410037129994,757.9818625496183,5.264948601196872,1.2803882887844327,81.70330709989574,70,16.7190101427082,1
98.29741753204094,18.197338472438563,55.2053785216609,904.5715452869233,5.097288728539292,1.0413802070512088,79.64162921042961,90,11.50930087730043,1
97.34395439713894,22.46804727972243,56.996739808595066,953.6083736655594,5.953750259395139,1.902771379513998,82.67243743257285,90,8.141736186030167,1
96.00121761331629,21.005951769191924,53.82262681721251,868.8034897546676,5.620086589499454,1.7815794479611884,83.31303593337601,95,12.302067438551564,1
98.85359164493607,20.54091515401251,55.153627367724376,961.2995236918763,4.129590464946864,2.4052685190589833,77.32725742452038,95,18.60288692155749,1
102.64268271645636,17.13159289112438,42.86196911542316,903.579273900425,4.833372891945605,2.0631935111091337,74.95497170737423,85,11.817680344265614,1
98.49883048746193,18.227544955725712,60.338842275637425,890.2163232163815,4.688663346552812,2.6602941239999405,79.27028324993807,70,13.24326178562582,1
87.35993832052637,23.735123024669768,56.44889831111544,945.3669105705109,4.995651513372816,1.7807139725218162,68.09404232112772,75,9.207943571829711,1
104.86184791561939,19.845472418738215,63.0149633083287,868.0874524258638,4.9970186001613,2.1947089166088642,80.40333629393109,80,0.5041703674138631,0
80.50628244677577,21.12607908843342,55.001284059256676,882.7976206917808,5.611521669239849,1.899089148233748,77.96280962431918,80,2.546487969601028,1
79.496425427158,19.654435013670565,41.09281937182571,940.2100357278277,5.177328363141144,2.552687889652455,84.3083752224634,95,11.254341871091162,1
107.39180494701569,16.450743454250706,52.1324304855466,898.1162437760386,6.23054500520855,1.918379821150368,70.07075733228442,70,0.1010819032634507,0
105.07020272135357,22.80143127822499,53.40056061505267,1014.5265764026642,5.24100313766236,2.3417627120583058,80.03172654900318,95,15.756077316838757,1
99.42604634925964,21.50969715359749,60.94322644346879,941.629524771361,4.169409479662724,1.568952414190336,87.8811214235857,90,2.354309529349226,0
86.04551495244928,26.916910512101566,38.43781164389284,937.7288296999657,4.53271937983178,1.8339149427471821,83.3770066397551,90,7.3588815113832275,1
92.92089059325924,16.953255861048365,55.32943613559148,897.029721236096,5.603789070731758,1.9663826352290132,84.90335997843931,75,13.204479971252416,1
97.37253252313496,22.467718763601443,59.10940172634645,952.4852806025764,3.385831735494315,2.5053670159851205,81.69866761314974,70,16.712382304499627,1
84.04106031425886,16.065368101888996,49.708096917747845,880.6435336319013,3.654119585239955,1.1211252235967843,71.6923296504967,80,10.384587936879122,1
92.60971341976767,20.472039703019234,55.59702407853478,916.942665071971,5.01069720712523,1.8669422214216884,80.83264586551239,75,7.776861154016521,1
106.5233033817668,22.929519767189493,49.983707926801245,845.0224171797264,5.950922118521166,1.8534079494290798,82.04244680032002,70,17.203495429028603,1
114.27305364289217,13.783594651710539,49.16341653423687,962.3664835338355,6.307035431954878,1.169210591042248,74.60887727904613,70,6.584110398637323,1
95.8056524734145,19.385202577275177,51.732641198949466,917.4362818357075,4.782894252978228,1.8143856957012738,79.36723078320334,95,16.455546543996487,1
107.56488354316099,18.31037079787214,49.314464060263916,1018.9507838218726,6.060828686985884,1.3837331475234824,65.49464685478041,95,31.058266468652196,1
80.85939929412532,17.894128105114635,60.46894649549066,1043.5379030201855,5.072267909768898,1.067734608785043,78.32950912029096,70,11.899298743272807,1
106.59451241113612,21.15563795677806,49.120384985316974,945.7991670859889,3.4685850177567694,1.8950748686018708,77.81812028591848,85,8.449270251860609,1
91.9605158527252,23.362057119267785,47.776719943616584,904.1055186724742,4.991923463521631,1.8815419516784566,87.01119677806675,75,16.01492903742233,1
103.0734561670797,19.600163854312534,69.14342933471627,843.2361292724659,4.3810918753784485,1.902018566816267,76.98388448685654,70,9.976977838366484,1
97.52247581760291,20.616459282680058,62.685920094592284,954.2849881955294,5.918230880477741,2.1011432983593408,78.6682147070226,95,17.191352939976213,1
113.20414009783835,20.342926259177744,40.107893114726394,912.6170738337137,4.974324739645513,1.6482412707145204,79.60385611361596,75,6.138474818154616,1
91.25564351660081,20.005410519069244,48.881853681179734,932.2820903492677,3.7220868934435294,2.7163424053783682,77.0483998803481,80,3.689500149564875,1
106.27606297561832,16.73197208686368,56.93970377378169,1003.7872432473746,3.500285189091441,1.9866823967473988,83.59895710916079,70,19.427081584515417,1
97.20492536703466,23.32533380516868,57.59004053785195,850.5346026801992,4.979020042585549,2.5145721852245937,70.0380399307156,90,22.179955632538224,1
98.41694521990337,20.88558610447651,43.07605707410485,844.5417498911198,2.5797825285402944,1.3280403034045152,85.68288352072065,70,22.404119315315217,1
98.1614610684079,21.184644470007733,64.26852394257858,885.8144436977592,4.481834710172099,1.6661881399632503,79.94060940842066,70,14.20087058345808,1
91.54326895505888,17.580471112923252,61.60179535345301,949.2720689851094,5.231030325742842,2.274525922017692,86.50823567397713,75,15.3443142319695,1
99.85901034093328,18.62233880603228,58.85521305632271,933.2920344128693,3.9429834959446417,1.9093742897288266,66.26383928942865,75,11.648214280761806,1
99.37351777878179,19.471597406867666,65.85382792569698,846.2586892982537,5.993987156905329,1.5707282450508133,67.81885339694446,95,28.61173326637425,1
102.41240248406729,15.397625919653445,58.618319940567346,945.393174042149,6.191006549750692,1.2645480405423675,78.5401072020725,85,7.5998738799147,1
100.84505145692863,14.935897024406964,58.58864703401478,827.9272308664042,3.9832990472480483,2.2932814688961463,82.5295769400028,70,17.899395628575427,1
107.97994549612237,18.197756208084297,67.46143417457793,849.7354995390685,4.7019558258035135,2.260640901979542,77.22533641998413,95,18.710172189490386,1
109.23508616047368,21.56756229932717,63.80975664582167,893.0725609686486,5.994693151321472,2.0973282765676915,82.91922915041258,80,3.6490364380157203,1
89.49376678172199,18.04058783021018,48.26794032870775,866.7941252414868,4.998692465744911,1.8016375236856332,84.90654878721482,75,13.208731716286422,1
108.68772500590771,16.94358440722786,60.06556142937532,953.3915693190561,3.6055214219009804,1.554763988948078,83.32999773510684,85,1.9647085469331254,0
88.13663572890145,17.55594304028699,49.685857080331346,917.1827089800656,4.856678931435647,1.9788073840413192,80.51634252190041,90,10.53739719788843,1
105.87855888137736,18.63397273056406,59.033236407602224,1005.9336706576356,4.147071677704161,1.4738725585418397,80.47801424827028,90,10.579984168588572,1
106.1973878470287,18.938423111539688,58.81290805615851,885.1688780787351,6.108197896425885,1.699366367774164,76.92602456805808,85,9.498794625814021,1
80.88683108337496,26.496564356619672,43.93226150035211,892.6678709375554,5.605932094324588,2.5045002325598196,79.72312837898112,95,16.080917495809352,1
100.9297924652941,23.163861885461955,54.02523510951172,972.6229565437058,4.686243054734372,1.2596656947474323,74.87884556382636,90,16.8012827068596,1
95.31503886639685,23.074322336845185,57.12205618864322,894.5447518125723,5.142148012530041,2.271011130760147,76.07635266319471,70,8.680503804563873,1
92.41234742064626,23.505741092820145,51.509678472046744,989.6403148624528,3.6918784230275135,2.5976783805796653,82.57182099773378,75,10.095761330311708,1
113.50852330699006,17.003537391997853,57.51767953912608,932.4496926230695,4.246222541442388,2.3265038877530615,77.68559434234325,80,2.8930070720709367,1
93.46320859362581,16.332906155038284,61.44718221600855,758.8328118068785,6.5532791876924925,2.1592851513705935,76.31219052915334,90,15.208677189829622,1
91.93623070881951,16.67938912539783,54.755255486153956,970.6542248489678,5.0535146525796675,1.8145708615315503,82.24615506592497,70,17.494507237035666,1
100.75694940005093,24.003518400013512,56.79679581366607,954.7636087871886,5.930085804791365,1.7416447782263949,81.89949828465208,95,13.790001805629387,1
106.85589746298416,18.358424633352527,66.0673926284478,957.0799563666327,5.232013088408029,1.1007476535746716,78.92350207275695,75,5.231336097009262,1
98.58351413989872,16.24593145328214,58.78557266580181,785.3412972872845,6.314281843029525,2.0148026721069257,79.2553228463918,70,13.221889780559723,1
111.66370545669253,18.707011399340562,56.60659431739579,860.2206023237371,3.00116246740078,1.8391038205083625,82.07973944939954,70,17.256770641999342,1
105.30975661964091,19.28418340485612,47.335364962869114,864.6777099865938,4.811782415980994,1.7207862365272373,84.84478558191945,95,10.689699387453206,1
78.2178868026857,20.805239821083685,60.36820809111079,849.5327179463765,6.644781646216389,1.9919675884483947,81.00542829576881,75,8.007237727691745,1
94.70533036492992,20.75285306213613,57.641199595135504,1004.5153519136363,5.956173435560644,2.024947792081862,74.03983044811444,90,17.733521724317285,1
94.38157900648301,17.515458308379475,65.26991546961126,899.2939297305819,6.325372258790191,1.7457770810531785,78.89286253618275,90,12.341263848685836,1
104.79360953429422,22.056969177541134,55.37502834642649,897.8063434422497,4.993235406343509,2.6452323133907147,77.96425081103291,70,11.377501158618445,1
73.75182943625887,18.082419398749526,40.46986799892804,933.1204986189467,4.462893584586617,2.29224111164497,74.73506946812778,85,12.076388861026146,1
125.49009708717722,19.53117098988487,41.399033049373905,934.1581000733629,3.9728355403120714,2.3585114233493116,82.4896638280105,90,8.344817968877214,1
105.3102609489421,22.060322211510066,60.885446110077865,699.9064373624502,3.9030719083384895,1.9586788865442364,82.87426289697667,70,18.391804138538106,1
101.4887680391769,18.074535788166976,50.43845121841477,861.2185477710382,5.807060562208519,2.204494292904457,83.6310421085298,95,11.967324096284424,1
111.81567716419146,18.291945729256586,58.494142008883976,815.2326853325234,5.513211050420852,1.6417181597605748,75.04543522958956,80,6.193205963013053,1
123.43654052812624,21.775004149079393,55.91386115601885,924.0183655892891,4.9334265506696395,2.2665034161001225,80.78725468539587,80,0.9840683567448317,0
108.70746644588404,17.42680047018494,53.66528265844863,882.6664551399572,5.50819065485168,1.9182389570745042,79.96862383577937,85,5.919266075553685,1
109.4881309647162,18.845623929187788,54.229109715294214,900.9232538700761,5.142451759052061,1.5912065859942697,81.53701546670943,95,14.171562666621648,1
101.30690024464383,21.667226534128677,48.07688395963819,775.2888150665686,5.962217701399483,1.990893331512308,80.64863245749096,70,15.212332082129945,1
98.58474246633051,26.162277324307926,54.873778488802635,881.4088665185701,5.95268675490817,1.883178387900044,79.93727027541847,80,0.0784121557269124,0
95.242045559951,21.81621351428824,50.32405253764481,966.907815109969,3.9341258995151573,2.9292277308883667,79.33638120262727,95,16.48801978670814,1
91.73888008285458,21.417919288970033,52.021947838994365,984.5669689861301,5.27364598746979,2.1741576993919645,85.5342030501276,90,4.961996610969332,1
93.12985900300502,21.59240475101819,52.41080764232671,943.131805172442,3.3311332498059176,2.6318869869792887,75.69092996240357,70,8.129899946290818,1
86.49444035657017,16.78042917779885,53.186453840810245,819.8720823931129,5.133020738090596,2.452514842543491,79.13414564617476,85,6.9010051221473425,1
99.24128549314976,20.346790216039725,62.37738765205669,975.5641081795275,5.604304279701585,2.0151122399189996,85.4068533340298,85,0.4786509812115348,0
83.15332422773614,19.910700534990795,53.961673366362454,943.440135300001,3.686280655206839,1.822512318827982,75.94472037984295,90,15.616977355730057,1
101.90916524143711,20.96475362111827,63.189618692720785,892.9686579561277,4.583537264539168,1.3039093675198707,76.19956036128006,80,4.7505495483999205,1
99.63669391957659,20.349524157427613,67.30283961061185,778.4978211294153,5.009526377219802,1.651622579734104,83.66970472225904,95,11.926626608148377,1
101.46935298386688,21.139099032251337,61.83955720844919,957.215697039751,5.233914916373389,2.2651013831016855,72.88043079676478,80,8.89946150404402,1
94.77868429980008,19.065598415302397,59.275748280548086,864.4700202009973,4.721396296775166,1.8791478459517188,83.30315561513247,85,1.9962875116088612,0
130.76860370180503,20.175826752115377,57.61465767586816,920.7699492632869,3.827711847595328,2.1503281302953767,77.55182710376518,75,3.4024361383535697,1
113.60115900180313,16.316514301829024,61.92286967240056,904.1036316381998,4.945992798080741,1.187889939461065,82.05000307760211,95,13.631575707787249,1
87.55457499915278,19.040278165991257,55.714885908769915,992.3036990662966,3.347756433059022,2.1814059396389496,73.89632716472187,95,22.214392458187508,1
102.32868087426898,24.17250064452993,62.876558767657585,892.4779808401495,4.767358563317855,2.4385926228797143,85.92538133279184,95,9.552230176008585,1
93.91993857062677,20.95642501888477,59.91284644231747,899.0931845948431,4.558626386303071,1.2896966840774986,73.91380675055228,85,13.042580293467903,1
89.85520273292586,19.93723688785077,52.121276313756894,994.7169234287178,4.865734326560579,2.14862556254272,83.62475176773327,95,11.973945507649187,1
86.59927928876066,25.68836982876304,62.16680704082245,860.5066653749886,4.440678022524317,2.537413861443384,74.12268808112007,85,12.79683755162344,1
104.32216690759255,15.917495065096762,55.73184004782055,948.8593710844666,3.4923191618438,2.6720346597357865,89.04150435544531,70,27.202149079207587,1
93.18619764930426,16.67163333366134,54.150943939101474,888.0830566272922,4.633656679410488,1.7986003716568162,79.64309109072435,90,11.507676565861829,1
109.67826024025204,25.13813423382882,51.190406716808106,839.8474822797042,5.930820125037319,2.3119721378446134,89.75428547498493,70,28.220407821407033,1
109.9378221453044,20.137882808146802,56.32815078299658,900.0696592032524,6.261460803988805,2.571915928002166,75.9055625629467,85,10.699338161239178,1
113.7391438521145,19.272250891130618,62.97170092330387,941.5023068164793,7.439334278719267,2.1605525563121515,77.78674651975602,70,11.12392359965146,1
91.47613233925897,16.40238702471307,62.111520044744296,981.2225903985907,6.691650408397664,2.5140310355987245,86.05359601866084,80,7.566995023326051,1
104.7536561069201,21.343088799185036,57.82715037967166,988.481639120741,3.803062073331896,1.9856553386646798,72.86901989112442,85,14.271741304559502,1
106.32454216642302,21.633379608582388,59.79714912580028,882.314155546468,4.591562398727341,2.157725657508319,76.50366672065029,80,4.370416599187141,1
95.25821824896035,16.716516917495312,65.17357433218046,840.7650460780671,4.977214365162223,1.751356309415119,82.47534214844666,80,3.0941776855583214,1
92.28228042607125,19.579173243348716,53.800269670633114,880.8756660253513,4.9144401657663,1.9341599369304965,74.90609711651834,90,16.771003203868514,1
116.09520665775973,18.9934525039008,46.076639971758354,829.1081548001906,5.069533329896226,2.1734864679505455,82.60908711009522,80,3.261358887619022,1
102.27495875732053,20.767931439256312,65.40903881742858,886.9568280350097,7.407591421547559,1.721352269981693,80.85202192510859,70,15.50288846444084,1
106.35967750711738,16.64224927333807,50.76177398375425,879.5000829828145,3.9179484542076026,1.9105654507436984,72.43177188128908,70,3.473959830412972,1
91.77923988172073,23.75584236353947,49.477295013248764,943.6494122494059,4.286468863785701,2.3043494723787212,84.83884393991733,95,10.695953747455448,1
87.80715533477806,22.747471344792814,40.63041795732359,767.6438892051373,6.6438259300890925,2.82102301327044,73.68783453402716,75,1.7495539546304524,1
94.30550225507889,18.91047332380155,59.57026442531437,855.9835232348016,4.384018656915147,1.1802246033405706,83.85639548486469,90,6.826227239039231,1
98.75978612610002,19.350743865084887,42.02837900358223,856.468901733485,5.393580650335716,2.790630666929447,80.64237699122141,95,15.113287377661672,1
89.3577999318265,19.59073354916715,48.9979295384661,971.2276351444815,6.034657369868208,1.896051294230893,77.72493767647128,95,18.184276130030227,1
99.90155191349616,17.66507434098049,59.70589435612047,833.169337355939,5.486499016732029,2.385959947610954,74.47298737519559,95,21.607381710320436,1
83.114948119315,18.669711745294894,60.77537001926697,913.5994415789396,5.191765633102492,2.464437079996696,81.64634662704074,75,8.86179550272099,1
88.79952577530128,19.189188896976173,49.78636681425413,892.3122951348131,5.938610769693984,2.6257987095762187,75.63737603261237,80,5.453279959234543,1
106.70911248276875,24.838605112121385,53.92677338406076,962.5825516101829,4.1069314434950295,1.7088152541080837,86.03976738026289,95,9.431823810249593,1
106.03790520277894,22.83985492499131,48.01924378875078,935.7499118706328,4.503636870503999,1.9098914767528807,86.222253046517,85,1.4379447606082314,0
96.08123234613133,22.80396412200987,50.61282569751054,907.2746239092228,5.535637588465164,1.9785615604188385,88.21017010492999,70,26.01452872132855,1
89.82235690923046,21.109776839013172,57.12972208122326,866.7199875247159,2.930560740785749,1.857026463001062,81.40448718537654,85,4.230015076027602,1
89.72596448473989,16.648018973206295,50.98682656962834,788.8594498134074,6.416583823344693,2.5275043899356557,77.97845097250811,75,3.9712679633441517,1
96.26731754058686,19.87552668626786,53.046279678594644,914.8251393412443,5.303392375197781,1.9692689195954136,78.51548709664671,95,17.352118845635044,1
106.44518491645292,22.91146537884014,43.28234654705946,931.8293879117924,5.15303175278115,1.3525809340766524,78.14956208598873,75,4.199416114651646,1
109.28245691344324,16.225206111898135,64.0636493184491,805.5079432515208,3.369487122358943,1.7467944710744945,81.24002769164554,70,16.057182416636483,1
95.03468264518031,21.90965962061979,59.08053274536852,825.978350140287,3.713390874600262,1.368639989321248,82.18303627794302,95,13.49154076005998,1
88.46507574015216,26.9678276757883,61.34324297469761,915.1397984023006,4.601416335699138,1.9086644853226638,86.15782183008449,75,14.877095773445983,1
102.67843637866333,23.185449937969196,65.3234025969349,920.3485011724722,5.807429850295599,2.2690198698271744,80.10061707798016,85,5.7639799082586345,1
91.76465029374151,24.24208740668596,48.39829699563427,840.5611613944765,2.9233839878014147,1.7382093310785245,72.9838633473322,75,2.688182203557062,1
94.81747361138798,20.655016251326483,52.13284413577581,865.5561171859177,5.788364800777356,1.8387868141461694,77.96289536769049,85,8.27894662624648,1
113.25276090437038,22.90379584629497,39.84132505934231,789.8106696857744,4.639968675891633,1.8900938830647223,87.77925890028261,95,7.600780104965669,1
108.27115428565769,17.846440356937894,80.1233832808179,982.635834228794,4.776576527258348,2.056296997534098,72.21710714763994,80,9.72861606545008,1
101.57974312251451,22.38759143702368,53.80331747746099,822.0075355578929,5.2535929416908065,2.20643311145421,83.6957498020069,95,11.899210734729577,1
87.28080998887278,21.96316440218229,63.3098231993193,932.535563474913,5.269317237846412,2.3229021711741473,78.0471344320828,90,13.280961742130224,1
102.11396567470659,20.869733522112988,45.09471084531633,897.9023582307972,4.287571410063403,2.9022067931746087,75.5826784480024,70,7.97525492571771,1
110.62657290787527,23.948022259155493,62.971107405144075,977.3756171774855,5.624910088468843,2.049398372400029,81.97805524556063,75,9.304073660747502,1
96.24366334234465,18.383645486457834,69.86072701319733,852.4647544335146,2.6806018601035615,2.294317221591886,87.80476512811383,95,7.573931444090706,1
113.51114089986716,19.438827450579012,54.51775400777615,903.6751626204232,4.549581113432345,1.36497730092869,81.70222088391586,70,16.71745840559408,1
112.92745289518207,20.286386124074888,46.91294802728319,798.094385445759,5.153681763176904,1.8483268057737865,78.68727894979381,75,4.91637193305841,1
116.63732832143474,16.911167086731798,53.889628792435715,783.6883897836148,4.655050684785525,1.8918332426151707,73.51975380196815,80,8.100307747539812,1
103.05243126531353,20.680795831400744,37.18590780034219,935.7800150319284,3.173089696034018,1.5930740444051583,79.50575419448631,85,6.4638185947219835,1
105.87391699806012,14.84320876113846,54.696906391825266,792.8984496558179,5.75802737876047,1.7856029074529856,73.33925089855279,70,4.770358426503988,1
114.1418728833109,23.14086360328463,61.56773711450397,886.3069479339282,3.751612187872948,1.957006112937749,78.45037889289885,80,1.9370263838764323,0
104.47393937068976,20.1399120996979,54.71393884501189,960.6777268783752,4.932485992471711,1.7981346503340767,79.68471175804198,80,0.394110302447519,0
94.98765892209788,18.43732128828871,52.72688356248826,944.8010913656808,5.153034597067623,3.0407336751352645,68.19729254644763,90,24.22523050394708,1
95.51457163472139,17.496879163114635,59.22054492889627,860.1248707230844,5.019827153765367,2.204910136631092,86.94161102293944,80,8.6770137786743,1
102.38554953773739,19.29626291114244,59.832198775596424,804.6898118155096,6.169010925863815,2.8004090955437344,73.80739263439781,90,17.991785961780206,1
87.0943857805378,22.06477913231724,41.72075549995854,930.5696916993318,4.946737440006313,2.597060471533602,79.07020399414652,80,1.1622450073168444,0
98.56741084635807,21.64321693621268,55.71058369823031,980.5354069716109,5.42745540469694,1.7443015466198457,82.66916622906258,85,2.742157377573432,1
110.96547118230254,17.88338615816462,74.48788099383395,860.2657152800626,4.944095966848759,2.0150241869679246,86.5427485908959,80,8.178435738619871,1
78.08746148834719,17.461880982117098,44.31987003481581,851.801228495573,5.6129560841662745,1.8260701515701692,76.03923496813584,95,19.958700033541216,1
115.34482101794515,21.97069611895894,54.31664933733547,868.5058822278601,6.393495297047523,1.9352708962854672,67.45407369513552,85,20.642266241017033,1
111.22374218703159,17.83295778615491,70.53396897641363,934.296522648427,5.137541829472194,1.6094265323245078,85.39331858005643,75,13.857758106741908,1
95.40235384169523,20.17972932223851,63.833401252349404,973.7110563848947,5.781850357583,1.8233858683319109,73.75252556786896,80,7.809343040163803,1
105.43390827871809,20.37126392757283,50.89282655379151,825.6235913171687,6.455328934882197,2.1438075526132954,81.79721621791865,80,2.246520272398307,0
100.03147726906326,20.936186395180215,56.649083036980834,810.1030914405209,6.357184246974271,2.1332488227768818,82.10794850067823,75,9.477264667570978,1
112.29990368438683,22.574811290545615,54.98310656012141,1040.399779315947,4.6147105963887896,2.1013614660865065,63.739852836642065,90,29.17794129261993,1
109.82683142769942,16.211111189398032,49.01542556542666,889.3606327265977,6.036432355745167,1.9761300700465765,71.9258161422778,85,15.381392773790829,1
85.99929276816991,14.266522024218537,54.40598314005534,915.1735677414185,5.248771160047193,2.344296970094776,77.69594396641432,75,3.5945919552190917,1
105.87262413464177,18.297658156314945,52.76027093754777,858.4841495629416,6.117229997733913,1.8971827895685847,67.07936040530383,75,10.560852792928225,1
97.94372146356753,25.404585223496557,55.901991504613996,929.397738567163,5.56863458356295,2.5566209359046463,73.30974361871293,95,22.831848822407444,1
100.828325705181,26.066522300262136,49.012934554471734,957.6036524820913,5.2756680760361885,1.260960977192975,80.61439280063334,70,15.163418286619057,1
92.71828099030185,25.493531406697663,44.78705439804271,917.9877702943758,5.433972080346354,2.2627244095903025,79.55758173954366,75,6.076775652724886,1
117.48137069120835,19.42105589671793,54.66975381286103,1004.451484620866,5.255237956038931,2.195348444898943,81.51327215322137,90,9.429697607531816,1
110.40061819902576,14.653654754045514,68.72094574543024,880.3953246035345,5.2943330451365105,1.73017337709938,82.24610489364426,90,8.615439007061935,1
92.60228836027032,12.970882695044477,55.657623410102374,884.2270516178775,4.841167639418091,1.8579075892578891,71.59085216510194,90,20.454608705442293,1
86.65389393089768,18.157885515351765,52.347249768547634,913.8843810766449,4.748275659392482,2.1859163756436146,73.57575868293681,85,13.440283902427286,1
96.14327369022152,19.40577910955192,61.032686440307984,927.8976987303658,6.763174929372669,2.3663740988594997,83.80683094756024,85,1.403728296987949,1
104.34502646091306,23.901876203167877,53.73344309923697,913.6768357237565,5.477527911111184,1.3002147326675575,87.62165120501339,80,9.527064006266741,1
102.40205843946222,22.603416378627337,69.94426339967288,822.9350983826945,4.4266950777686,2.2512984270617022,75.16295975568893,75,0.21727967425190778,1
112.53132824768244,20.682215236974862,54.96869992563937,918.7509099717337,4.722582568570356,1.8169395257769774,81.29452797048478,95,14.4268126626476,1
107.89919722180852,17.330465687176574,60.60397650526531,877.5495849117938,6.056258453447951,2.4501159097194214,84.03541446656948,90,6.627317259367247,1
109.69569025752907,17.117661325265328,48.963164940853815,865.1413791555212,4.263813289911381,1.264289914473529,81.18777808594642,75,8.250370781261893,1
103.26855400610438,20.762383061214305,59.0247140266933,901.9489232851946,3.5179723181889893,2.978119586048483,78.7561684728951,80,1.5547894088811276,0
86.1070126978901,22.09115293651918,57.20074781555003,842.3086387602472,3.5915508593979553,1.645544026794361,76.79675002775504,80,4.004062465306202,1
98.04301468853099,21.175643786736753,54.547951002726336,831.8765205676061,3.271024399795212,2.571984474715871,89.9263460238277,90,0.08183775130255021,0
110.60089739908665,16.896206121180036,50.98593791064224,743.071862399769,3.701185141735542,1.9723261521068667,80.48104520763488,75,7.308060276846503,1
99.48477071475354,21.952002886376256,49.89575867478101,1004.8342397105935,3.8191340601991897,1.6725333051199478,81.94471015608637,80,2.430887695107966,1
105.03090368623747,21.277732901304233,57.258821311837224,933.3438791461801,6.385237379608139,2.1060456021525646,81.62160040373456,70,16.602286291049374,1
96.81251684753867,16.788000781429464,60.031512877571785,892.9941527216217,4.953820787340732,2.4116501779825477,75.93790796499594,85,10.661284747063595,1
89.70188151458154,17.647037089099232,53.98269762964695,859.9666057868011,4.6367364608632835,1.378918079702095,80.25410511657152,75,7.00547348876203,1
98.76655935953889,22.0654879236847,57.29814343296634,727.438063077215,3.556586936981426,2.2806355397148037,78.38878656060949,90,12.901348265989457,1
103.09047443032654,19.296477394562327,54.696682574937846,856.288267426711,4.85687360252866,1.995128600537164,78.29926204415558,80,2.1259224448055214,0
93.44312280538557,24.767441904909372,55.7882081992431,942.9519802298446,3.2626719374358073,2.2308176330265335,81.58479570509382,80,1.9809946313672813,0
97.64288755143332,21.50338782819373,53.3964401385822,956.5304582156322,4.630582828713635,2.004390142935592,75.42178513382329,80,5.722768582720885,1
90.60536758014017,18.540106435432193,55.14378063494647,938.5375196161981,7.064494389843675,1.7712524644981384,73.97605789598126,85,12.969343651786758,1
111.19244917564096,19.969383198827202,76.58432365453942,909.5035173451481,5.663803578706365,1.5547506994512486,82.5136253020271,75,10.01816706936946,1
97.05544242411966,20.190150177913154,57.4930743904594,978.2324487558827,4.790201839645469,2.2690580448188102,77.34194703685665,80,3.3225662039291852,1
114.52755545126183,17.81482906027487,60.162375667448345,880.2877666746875,5.698123605406357,2.266908796879534,78.27492139861631,95,17.605345896193352,1
115.28747850540908,17.26223540546712,58.50418884262478,965.1113349680617,4.478456821872432,2.2649088990763233,70.3560172366167,85,17.228215015745064,1
99.18954035278256,22.1041696814285,52.89746541362352,876.9250533767872,4.199322257120812,2.171038527776229,84.81541391088317,70,21.16487701554738,1
89.9155126745265,22.535819891126287,65.35191370633335,847.1315214673342,6.704129629532842,2.377879548735788,82.62008105957847,75,10.160108079437956,1
79.14102122266662,21.811344408658876,52.67068983658927,839.6572211746487,3.8577253460797265,2.5624277119078567,83.54034392655915,90,7.177395637156504,1
85.27962926973208,24.545954282971405,63.44043639154041,836.1302147296228,4.645878764322649,1.2494328610373928,81.93662810198872,75,9.248837469318289,1
86.2616517510134,18.374680291965195,52.32634401546841,939.5440817281491,5.306033282363511,1.0632810224523646,72.42021523154868,80,9.474730960564148,1
113.78469627461504,25.022812298213392,47.32021984684767,855.4352657341753,4.063765794242552,2.687178943951858,81.14499482339576,90,9.838894640671375,1
101.15824587226946,17.29723664433754,57.923169665889546,838.0182692979033,5.65060495363141,1.4635813941659244,76.95433248827526,95,18.995439486026047,1
103.89604524091988,16.961943309894522,46.16265315118315,942.8241131796816,4.693405475357747,1.565502685284152,75.1857144738323,75,0.24761929844307434,0
77.79578991064874,14.72012335355225,59.28512180013287,919.6782234283339,5.663910327566857,1.8849542752500303,82.50024120722861,90,8.333065325301542,1
88.02033570782739,18.662614058519548,45.44673075126947,957.7555189707481,5.585984179750518,1.338411368514759,88.2925445837634,75,17.7233927783512,1
108.87079776446286,18.48883298951164,52.44793575621718,930.755970676368,4.7569878693741705,1.847365321076945,87.46669709478171,95,7.929792531808729,1
102.86774112382587,21.57781184076395,43.54616242780207,854.8133051881613,6.710658672590985,1.620757862350934,83.11072509255308,70,18.729607275075832,1
98.52794721314403,20.731672824861352,77.59333607522184,904.5661449881153,4.334664196566559,1.906663652121197,79.84885920270402,70,14.069798861005742,1
105.64842358600123,16.42107988694259,41.76832352306948,907.5079794461807,6.3488704705487375,2.1119365219628405,78.92228839540543,70,12.746126279150616,1
116.35797806135815,18.821821284722546,55.07850992317123,844.8504804915599,6.1749332426280406,1.862584709828174,75.47748206778387,75,0.6366427570451568,0
97.7895753646295,18.885613936736945,64.14643419464011,833.7225015543604,6.77088220766044,1.8423810858411411,78.65133408146662,90,12.609628798370428,1
100.69369802658069,14.672053259114321,63.2910872686962,859.1567034529377,5.174056039343021,2.1031983187166583,84.54261979794072,70,20.775171139915308,1
101.92596918731306,17.057159818959892,61.8107369773851,1022.1949414003249,4.21141428807201,2.417716719179979,89.11569566012469,85,4.841994894264336,1
123.92109635273992,17.687559108157732,52.462172894228196,875.235354346707,7.0767965853295465,2.6411857387686664,75.9175934651798,85,10.685184158611992,1
79.00643735580974,24.30087505946284,65.80871157069602,973.9720074832029,4.665298532023636,1.912584698399114,70.0249325766415,70,0.03561796663072008,1
106.83223014788808,20.57435214787206,62.30712872641746,871.8803694312121,4.186457427294465,2.7299556607692947,77.34563001943847,70,10.493757170626392,1
98.85197751240936,21.9865062618425,56.69839694128381,953.3303291723995,4.810213254095188,2.3506827339044984,84.51977056435568,80,5.649713205444602,1
105.6677172618418,15.504093508552364,56.92464606181274,954.1494993334709,4.018309283842923,1.5071966184107295,90.36138645329535,85,6.307513474465121,1
93.42627446005275,23.582643449041974,52.56861881907702,957.1554304771226,5.526148825123346,1.49551669775453,86.55020603328401,85,1.8237718038635449,0
99.5103496914155,23.90330618907228,47.722783793335694,923.2696405205376,4.3943316182414875,1.7690848597589321,86.42642606189189,70,23.46632294555984,1
107.11410579465495,14.004965098566121,64.89720780382973,982.641994726869,4.7125158300951275,2.5778415933438903,75.7521982316263,95,20.260843966709164,1
131.1291020104384,17.884049828252454,65.49766394881226,922.7012381611637,5.9677788616649625,1.7994530737737853,75.89305313225496,80,5.133683584681297,1
108.08036189402071,21.48729671904653,47.92712687176063,1002.8117837604168,5.623693210176191,1.2430572701974907,73.38095181366896,90,18.46560909592338,1
91.51934401969491,21.933165360614545,53.769718678830465,802.804811808694,5.015584572569659,1.9084463164449157,76.67260131937284,80,4.159248350783944,1
